[0;40m      [0m[0m[38;2;0;0;0;48;2;0;0;0m▄[0m[38;2;0;0;0;48;2;0;0;0m▄[0m[38;2;0;0;0;48;2;0;0;0m▄[0m[38;2;0;0;0;48;2;0;0;0m▄[0m[38;2;0;0;0;48;2;0;0;0m▄[0m[38;2;0;0;0;48;2;0;0;0m▄[0m[38;2;0;0;0;48;2;0;0;0m▄[0m[38;2;0;0;0;48;2;0;0;0m▄[0m[38;2;0;0;0;48;2;0;0;0m▄[0m[38;2;0;0;0;48;2;0;0;0m▄[0m[38;2;0;0;0;48;2;0;0;0m▄[0m[38;2;0;0;0;48;2;0;0;0m▄[0m[38;2;0;0;0;48;2;0;0;0m▄[0m[38;2;0;0;0;48;2;0;0;0m▄[0m[38;2;0;0;0;48;2;0;0;0m▄[0m[38;2;0;0;0;48;2;0;0;0m▄[0m[38;2;0;0;0;48;2;0;0;0m▄[0m[38;2;0;0;0;48;2;0;0;0m▄[0m[38;2;0;0;0;48;2;0;0;0m▄[0m[38;2;0;0;0;48;2;0;0;0m▄[0m[38;2;0;0;0;48;2;0;0;0m▄[0m[38;2;0;0;0;48;2;0;0;0m▄[0m[38;2;0;0;0;48;2;0;0;0m▄[0m[38;2;0;0;0;48;2;0;0;0m▄[0m[38;2;0;0;0;48;2;0;0;0m▄[0m[38;2;0;0;0;48;2;0;0;0m▄[0m[38;2;0;0;0;48;2;0;0;0m▄[0m[38;2;0;0;0;48;2;0;0;0m▄[0m[38;2;0;0;0;48;2;0;0;0m▄[0m[38;2;0;0;0;48;2;0;0;0m▄[0m[38;2;0;0;0;48;2;0;0;0m▄[0m[38;2;0;0;0;48;2;0;0;0m▄[0m[38;2;0;0;0;48;2;0;0;0m▄[0m[38;2;0;0;0;48;2;0;0;0m▄[0m[38;2;0;0;0;48;2;0;0;0m▄[0m[38;2;0;0;0;48;2;0;0;0m▄[0m[38;2;0;0;0;48;2;0;0;0m▄[0m[38;2;0;0;0;48;2;0;0;0m▄[0m[38;2;0;0;0;48;2;0;0;0m▄[0m[38;2;0;0;0;48;2;0;0;0m▄[0m[38;2;0;0;0;48;2;0;0;0m▄[0m[38;2;0;0;0;48;2;0;0;0m▄[0m[38;2;0;0;0;48;2;0;0;0m▄[0m[38;2;0;0;0;48;2;0;0;0m▄[0m[38;2;0;0;0;48;2;0;0;0m▄[0m[38;2;0;0;0;48;2;0;0;0m▄[0m[38;2;0;0;0;48;2;0;0;0m▄[0m[38;2;0;0;0;48;2;0;0;0m▄[0m[38;2;0;0;0;48;2;0;0;0m▄[0m[38;2;0;0;0;48;2;0;0;0m▄[0m[38;2;0;0;0;48;2;0;0;0m▄[0m[38;2;0;0;0;48;2;0;0;0m▄[0m[38;2;0;0;0;48;2;0;0;0m▄[0m[38;2;0;0;0;48;2;0;0;0m▄[0m[38;2;0;0;0;48;2;0;0;0m▄[0m[38;2;0;0;0;48;2;0;0;0m▄[0m[38;2;0;0;0;48;2;0;0;0m▄[0m[38;2;0;0;0;48;2;0;0;0m▄[0m[38;2;0;0;0;48;2;0;0;0m▄[0m[38;2;0;0;0;48;2;0;0;0m▄[0m[38;2;0;0;0;48;2;0;0;0m▄[0m[38;2;0;0;0;48;2;0;0;0m▄[0m[38;2;0;0;0;48;2;0;0;0m▄[0m[38;2;0;0;0;48;2;0;0;0m▄[0m[38;2;0;0;0;48;2;0;0;0m▄[0m[38;2;0;0;0;48;2;0;0;0m▄[0m[38;2;0;0;0;48;2;0;0;0m▄[0m[38;2;0;0;0;48;2;0;0;0m▄[0m[38;2;0;0;0;48;2;0;0;0m▄[0m[38;2;0;0;0;48;2;0;0;0m▄[0m[38;2;0;0;0;48;2;0;0;0m▄[0m[38;2;0;0;0;48;2;0;0;0m▄[0m[38;2;0;0;0;48;2;0;0;0m▄[0m[38;2;0;0;0;48;2;0;0;0m▄[0m[38;2;0;0;0;48;2;0;0;0m▄[0m[38;2;0;0;0;48;2;0;0;0m▄[0m[38;2;0;0;0;48;2;0;0;0m▄[0m[38;2;0;0;0;48;2;0;0;0m▄[0m[38;2;0;0;0;48;2;0;0;0m▄[0m[38;2;0;0;0;48;2;0;0;0m▄[0m[38;2;0;0;0;48;2;0;0;0m▄[0m[38;2;0;0;0;48;2;0;0;0m▄[0m[38;2;0;0;0;48;2;0;0;0m▄[0m[38;2;0;0;0;48;2;0;0;0m▄[0m[38;2;0;0;0;48;2;0;0;0m▄[0m[38;2;0;0;0;48;2;0;0;0m▄[0m[38;2;0;0;0;48;2;0;0;0m▄[0m[38;2;0;0;0;48;2;0;0;0m▄[0m[38;2;0;0;0;48;2;0;0;0m▄[0m[38;2;0;0;0;48;2;0;0;0m▄[0m[38;2;0;0;0;48;2;0;0;0m▄[0m[38;2;0;0;0;48;2;0;0;0m▄[0m[38;2;0;0;0;48;2;0;0;0m▄[0m[38;2;0;0;0;48;2;0;0;0m▄[0m[38;2;0;0;0;48;2;0;0;0m▄[0m[38;2;0;0;0;48;2;0;0;0m▄[0m[38;2;0;0;0;48;2;0;0;0m▄[0m[38;2;0;0;0;48;2;0;0;0m▄[0m[38;2;0;0;0;48;2;0;0;0m▄[0m[38;2;0;0;0;48;2;0;0;0m▄[0m[38;2;0;0;0;48;2;0;0;0m▄[0m[38;2;0;0;0;48;2;0;0;0m▄[0m[38;2;0;0;0;48;2;0;0;0m▄[0m[38;2;0;0;0;48;2;0;0;0m▄[0m[38;2;0;0;0;48;2;0;0;0m▄[0m[38;2;0;0;0;48;2;0;0;0m▄[0m[38;2;0;0;0;48;2;0;0;0m▄[0m[0;40m       [0m
[0;40m      [0m[38;2;0;0;0;48;2;0;0;0m▄[0m[38;2;0;0;0;48;2;0;0;0m▄[0m[38;2;0;0;0;48;2;0;0;0m▄[0m[38;2;0;0;0;48;2;0;0;0m▄[0m[38;2;0;0;0;48;2;0;0;0m▄[0m[38;2;0;0;0;48;2;0;0;0m▄[0m[38;2;0;0;0;48;2;0;0;0m▄[0m[38;2;0;0;0;48;2;0;0;0m▄[0m[38;2;0;0;0;48;2;0;0;0m▄[0m[38;2;0;0;0;48;2;0;0;0m▄[0m[38;2;0;0;0;48;2;0;0;0m▄[0m[38;2;0;0;0;48;2;0;0;0m▄[0m[38;2;0;0;0;48;2;0;0;0m▄[0m[38;2;0;0;0;48;2;0;0;0m▄[0m[38;2;0;0;0;48;2;0;0;0m▄[0m[38;2;0;0;0;48;2;0;0;0m▄[0m[38;2;0;0;0;48;2;0;0;0m▄[0m[38;2;0;0;0;48;2;0;0;0m▄[0m[38;2;0;0;0;48;2;0;0;0m▄[0m[38;2;0;0;0;48;2;0;0;0m▄[0m[38;2;0;0;0;48;2;0;0;0m▄[0m[38;2;0;0;0;48;2;0;0;0m▄[0m[38;2;0;0;0;48;2;0;0;0m▄[0m[38;2;0;0;0;48;2;0;0;0m▄[0m[38;2;0;0;0;48;2;0;0;0m▄[0m[38;2;0;0;0;48;2;0;0;0m▄[0m[38;2;0;0;0;48;2;0;0;0m▄[0m[38;2;0;0;0;48;2;0;0;0m▄[0m[38;2;0;0;0;48;2;0;0;0m▄[0m[38;2;0;0;0;48;2;0;0;0m▄[0m[38;2;0;0;0;48;2;0;0;0m▄[0m[38;2;0;0;0;48;2;0;0;0m▄[0m[38;2;0;0;0;48;2;0;0;0m▄[0m[38;2;0;0;0;48;2;0;0;0m▄[0m[38;2;0;0;0;48;2;0;0;0m▄[0m[38;2;0;0;0;48;2;0;0;0m▄[0m[38;2;0;0;0;48;2;0;0;0m▄[0m[38;2;0;0;0;48;2;0;0;0m▄[0m[38;2;0;0;0;48;2;0;0;0m▄[0m[38;2;0;0;0;48;2;0;0;0m▄[0m[38;2;0;0;0;48;2;0;0;0m▄[0m[38;2;0;0;0;48;2;0;0;0m▄[0m[38;2;0;0;0;48;2;0;0;0m▄[0m[38;2;0;0;0;48;2;0;0;0m▄[0m[38;2;0;0;0;48;2;0;0;0m▄[0m[38;2;0;0;0;48;2;0;0;0m▄[0m[38;2;0;0;0;48;2;0;0;0m▄[0m[38;2;0;0;0;48;2;0;0;0m▄[0m[38;2;0;0;0;48;2;0;0;0m▄[0m[38;2;0;0;0;48;2;0;0;0m▄[0m[38;2;0;0;0;48;2;0;0;0m▄[0m[38;2;0;0;0;48;2;0;0;0m▄[0m[38;2;0;0;0;48;2;0;0;0m▄[0m[38;2;0;0;0;48;2;0;0;0m▄[0m[38;2;0;0;0;48;2;0;0;0m▄[0m[38;2;0;0;0;48;2;0;0;0m▄[0m[38;2;0;0;0;48;2;0;0;0m▄[0m[38;2;0;0;0;48;2;0;0;0m▄[0m[38;2;0;0;0;48;2;0;0;0m▄[0m[38;2;0;0;0;48;2;0;0;0m▄[0m[38;2;0;0;0;48;2;0;0;0m▄[0m[38;2;0;0;0;48;2;0;0;0m▄[0m[38;2;0;0;0;48;2;0;0;0m▄[0m[38;2;0;0;0;48;2;0;0;0m▄[0m[38;2;0;0;0;48;2;0;0;0m▄[0m[38;2;0;0;0;48;2;0;0;0m▄[0m[38;2;0;0;0;48;2;0;0;0m▄[0m[38;2;0;0;0;48;2;0;0;0m▄[0m[38;2;0;0;0;48;2;0;0;0m▄[0m[38;2;0;0;0;48;2;0;0;0m▄[0m[38;2;0;0;0;48;2;0;0;0m▄[0m[38;2;0;0;0;48;2;0;0;0m▄[0m[38;2;0;0;0;48;2;0;0;0m▄[0m[38;2;0;0;0;48;2;0;0;0m▄[0m[38;2;0;0;0;48;2;0;0;0m▄[0m[38;2;0;0;0;48;2;0;0;0m▄[0m[38;2;0;0;0;48;2;0;0;0m▄[0m[38;2;0;0;0;48;2;0;0;0m▄[0m[38;2;0;0;0;48;2;0;0;0m▄[0m[38;2;0;0;0;48;2;0;0;0m▄[0m[38;2;0;0;0;48;2;0;0;0m▄[0m[38;2;0;0;0;48;2;0;0;0m▄[0m[38;2;0;0;0;48;2;0;0;0m▄[0m[38;2;0;0;0;48;2;0;0;0m▄[0m[38;2;0;0;0;48;2;0;0;0m▄[0m[38;2;0;0;0;48;2;0;0;0m▄[0m[38;2;0;0;0;48;2;0;0;0m▄[0m[38;2;0;0;0;48;2;0;0;0m▄[0m[38;2;0;0;0;48;2;0;0;0m▄[0m[38;2;0;0;0;48;2;0;0;0m▄[0m[38;2;0;0;0;48;2;0;0;0m▄[0m[38;2;0;0;0;48;2;0;0;0m▄[0m[38;2;0;0;0;48;2;0;0;0m▄[0m[38;2;0;0;0;48;2;0;0;0m▄[0m[38;2;0;0;0;48;2;0;0;0m▄[0m[38;2;0;0;0;48;2;0;0;0m▄[0m[38;2;0;0;0;48;2;0;0;0m▄[0m[38;2;0;0;0;48;2;0;0;0m▄[0m[38;2;0;0;0;48;2;0;0;0m▄[0m[38;2;0;0;0;48;2;0;0;0m▄[0m[38;2;0;0;0;48;2;0;0;0m▄[0m[38;2;0;0;0;48;2;0;0;0m▄[0m[38;2;0;0;0;48;2;0;0;0m▄[0m[38;2;0;0;0;48;2;0;0;0m▄[0m[38;2;0;0;0;48;2;0;0;0m▄[0m[38;2;0;0;0;48;2;0;0;0m▄[0m[38;2;0;0;0;48;2;0;0;0m▄[0m[0;40m       [0m
[0;40m      [0m[38;2;0;0;0;48;2;0;0;0m▄[0m[38;2;0;0;0;48;2;0;0;0m▄[0m[38;2;0;0;0;48;2;0;0;0m▄[0m[38;2;0;0;0;48;2;0;0;0m▄[0m[38;2;0;0;0;48;2;0;0;0m▄[0m[38;2;0;0;0;48;2;0;0;0m▄[0m[38;2;0;0;0;48;2;0;0;0m▄[0m[38;2;0;0;0;48;2;0;0;0m▄[0m[38;2;0;0;0;48;2;0;0;0m▄[0m[38;2;0;0;0;48;2;0;0;0m▄[0m[38;2;0;0;0;48;2;0;0;0m▄[0m[38;2;0;0;0;48;2;0;0;0m▄[0m[38;2;0;0;0;48;2;0;0;0m▄[0m[38;2;0;0;0;48;2;0;0;0m▄[0m[38;2;0;0;0;48;2;0;0;0m▄[0m[38;2;0;0;0;48;2;0;0;0m▄[0m[38;2;0;0;0;48;2;0;0;0m▄[0m[38;2;0;0;0;48;2;0;0;0m▄[0m[38;2;0;0;0;48;2;0;0;0m▄[0m[38;2;0;0;0;48;2;0;0;0m▄[0m[38;2;0;0;0;48;2;0;0;0m▄[0m[38;2;0;0;0;48;2;0;0;0m▄[0m[38;2;0;0;0;48;2;0;0;0m▄[0m[38;2;0;0;0;48;2;0;0;0m▄[0m[38;2;0;0;0;48;2;0;0;0m▄[0m[38;2;0;0;0;48;2;0;0;0m▄[0m[38;2;0;0;0;48;2;0;0;0m▄[0m[38;2;0;0;0;48;2;0;0;0m▄[0m[38;2;0;0;0;48;2;0;0;0m▄[0m[38;2;0;0;0;48;2;0;0;0m▄[0m[38;2;0;0;0;48;2;0;0;0m▄[0m[38;2;0;0;0;48;2;0;0;0m▄[0m[38;2;0;0;0;48;2;0;0;0m▄[0m[38;2;0;0;0;48;2;0;0;0m▄[0m[38;2;0;0;0;48;2;0;0;0m▄[0m[38;2;0;0;0;48;2;0;0;0m▄[0m[38;2;0;0;0;48;2;0;0;0m▄[0m[38;2;0;0;0;48;2;0;0;0m▄[0m[38;2;0;0;0;48;2;0;0;0m▄[0m[38;2;0;0;0;48;2;0;0;0m▄[0m[38;2;0;0;0;48;2;0;0;0m▄[0m[38;2;0;0;0;48;2;0;0;0m▄[0m[38;2;0;0;0;48;2;0;0;0m▄[0m[38;2;0;0;0;48;2;0;0;0m▄[0m[38;2;0;0;0;48;2;0;0;0m▄[0m[38;2;0;0;0;48;2;0;0;0m▄[0m[38;2;0;0;0;48;2;0;0;0m▄[0m[38;2;0;0;0;48;2;0;0;0m▄[0m[38;2;0;0;0;48;2;0;0;0m▄[0m[38;2;0;0;0;48;2;0;0;0m▄[0m[38;2;0;0;0;48;2;0;0;0m▄[0m[38;2;0;0;0;48;2;0;0;0m▄[0m[38;2;0;0;0;48;2;0;0;0m▄[0m[38;2;0;0;0;48;2;0;0;0m▄[0m[38;2;0;0;0;48;2;0;0;0m▄[0m[38;2;0;0;0;48;2;0;0;0m▄[0m[38;2;0;0;0;48;2;0;0;0m▄[0m[38;2;0;0;0;48;2;0;0;0m▄[0m[38;2;0;0;0;48;2;0;0;0m▄[0m[38;2;0;0;0;48;2;0;0;0m▄[0m[38;2;0;0;0;48;2;0;0;0m▄[0m[38;2;0;0;0;48;2;0;0;0m▄[0m[38;2;0;0;0;48;2;0;0;0m▄[0m[38;2;0;0;0;48;2;0;0;0m▄[0m[38;2;0;0;0;48;2;0;0;0m▄[0m[38;2;0;0;0;48;2;0;0;0m▄[0m[38;2;0;0;0;48;2;0;0;0m▄[0m[38;2;0;0;0;48;2;0;0;0m▄[0m[38;2;0;0;0;48;2;0;0;0m▄[0m[38;2;0;0;0;48;2;0;0;0m▄[0m[38;2;0;0;0;48;2;0;0;0m▄[0m[38;2;0;0;0;48;2;0;0;0m▄[0m[38;2;0;0;0;48;2;0;0;0m▄[0m[38;2;0;0;0;48;2;0;0;0m▄[0m[38;2;0;0;0;48;2;0;0;0m▄[0m[38;2;0;0;0;48;2;0;0;0m▄[0m[38;2;0;0;0;48;2;0;0;0m▄[0m[38;2;0;0;0;48;2;0;0;0m▄[0m[38;2;0;0;0;48;2;0;0;0m▄[0m[38;2;0;0;0;48;2;0;0;0m▄[0m[38;2;0;0;0;48;2;0;0;0m▄[0m[38;2;0;0;0;48;2;0;0;0m▄[0m[38;2;0;0;0;48;2;0;0;0m▄[0m[38;2;0;0;0;48;2;0;0;0m▄[0m[38;2;0;0;0;48;2;0;0;0m▄[0m[38;2;0;0;0;48;2;0;0;0m▄[0m[38;2;0;0;0;48;2;0;0;0m▄[0m[38;2;0;0;0;48;2;0;0;0m▄[0m[38;2;0;0;0;48;2;0;0;0m▄[0m[38;2;0;0;0;48;2;0;0;0m▄[0m[38;2;0;0;0;48;2;0;0;0m▄[0m[38;2;0;0;0;48;2;0;0;0m▄[0m[38;2;0;0;0;48;2;0;0;0m▄[0m[38;2;0;0;0;48;2;0;0;0m▄[0m[38;2;0;0;0;48;2;0;0;0m▄[0m[38;2;0;0;0;48;2;0;0;0m▄[0m[38;2;0;0;0;48;2;0;0;0m▄[0m[38;2;0;0;0;48;2;0;0;0m▄[0m[38;2;0;0;0;48;2;0;0;0m▄[0m[38;2;0;0;0;48;2;0;0;0m▄[0m[38;2;0;0;0;48;2;0;0;0m▄[0m[38;2;0;0;0;48;2;0;0;0m▄[0m[38;2;0;0;0;48;2;0;0;0m▄[0m[38;2;0;0;0;48;2;0;0;0m▄[0m[38;2;0;0;0;48;2;0;0;0m▄[0m[38;2;0;0;0;48;2;0;0;0m▄[0m[38;2;0;0;0;48;2;0;0;0m▄[0m[0;40m       [0m
[0;40m      [0m[38;2;0;0;0;48;2;0;0;0m▄[0m[38;2;0;0;0;48;2;0;0;0m▄[0m[38;2;0;0;0;48;2;0;0;0m▄[0m[38;2;0;0;0;48;2;0;0;0m▄[0m[38;2;0;0;0;48;2;0;0;0m▄[0m[38;2;0;0;0;48;2;0;0;0m▄[0m[38;2;0;0;0;48;2;0;0;0m▄[0m[38;2;0;0;0;48;2;0;0;0m▄[0m[38;2;0;0;0;48;2;0;0;0m▄[0m[38;2;0;0;0;48;2;0;0;0m▄[0m[38;2;0;0;0;48;2;0;0;0m▄[0m[38;2;0;0;0;48;2;0;0;0m▄[0m[38;2;0;0;0;48;2;0;0;0m▄[0m[38;2;0;0;0;48;2;0;0;0m▄[0m[38;2;0;0;0;48;2;0;0;0m▄[0m[38;2;0;0;0;48;2;0;0;0m▄[0m[38;2;0;0;0;48;2;0;0;0m▄[0m[38;2;0;0;0;48;2;0;0;0m▄[0m[38;2;0;0;0;48;2;0;0;0m▄[0m[38;2;0;0;0;48;2;0;0;0m▄[0m[38;2;0;0;0;48;2;0;0;0m▄[0m[38;2;0;0;0;48;2;0;0;0m▄[0m[38;2;0;0;0;48;2;0;0;0m▄[0m[38;2;0;0;0;48;2;0;0;0m▄[0m[38;2;0;0;0;48;2;0;0;0m▄[0m[38;2;0;0;0;48;2;0;0;0m▄[0m[38;2;0;0;0;48;2;0;0;0m▄[0m[38;2;0;0;0;48;2;0;0;0m▄[0m[38;2;0;0;0;48;2;0;0;0m▄[0m[38;2;0;0;0;48;2;0;0;0m▄[0m[38;2;0;0;0;48;2;0;0;0m▄[0m[38;2;0;0;0;48;2;0;0;0m▄[0m[38;2;0;0;0;48;2;0;0;0m▄[0m[38;2;0;0;0;48;2;0;0;0m▄[0m[38;2;0;0;0;48;2;0;0;0m▄[0m[38;2;0;0;0;48;2;0;0;0m▄[0m[38;2;0;0;0;48;2;0;0;0m▄[0m[38;2;0;0;0;48;2;0;0;0m▄[0m[38;2;0;0;0;48;2;0;0;0m▄[0m[38;2;0;0;0;48;2;0;0;0m▄[0m[38;2;0;0;0;48;2;0;0;0m▄[0m[38;2;0;0;0;48;2;0;0;0m▄[0m[38;2;0;0;0;48;2;0;0;0m▄[0m[38;2;0;0;0;48;2;0;0;0m▄[0m[38;2;0;0;0;48;2;0;0;0m▄[0m[38;2;0;0;0;48;2;0;0;0m▄[0m[38;2;0;0;0;48;2;0;0;0m▄[0m[38;2;0;0;0;48;2;0;0;0m▄[0m[38;2;0;0;0;48;2;0;0;0m▄[0m[38;2;0;0;0;48;2;0;0;0m▄[0m[38;2;0;0;0;48;2;0;0;0m▄[0m[38;2;0;0;0;48;2;0;0;0m▄[0m[38;2;0;0;0;48;2;0;0;0m▄[0m[38;2;0;0;0;48;2;0;0;0m▄[0m[38;2;0;0;0;48;2;0;0;0m▄[0m[38;2;0;0;0;48;2;0;0;0m▄[0m[38;2;0;0;0;48;2;0;0;0m▄[0m[38;2;0;0;0;48;2;0;0;0m▄[0m[38;2;0;0;0;48;2;0;0;0m▄[0m[38;2;0;0;0;48;2;0;0;0m▄[0m[38;2;0;0;0;48;2;0;0;0m▄[0m[38;2;0;0;0;48;2;0;0;0m▄[0m[38;2;0;0;0;48;2;0;0;0m▄[0m[38;2;0;0;0;48;2;0;0;0m▄[0m[38;2;0;0;0;48;2;0;0;0m▄[0m[38;2;0;0;0;48;2;0;0;0m▄[0m[38;2;0;0;0;48;2;0;0;0m▄[0m[38;2;0;0;0;48;2;0;0;0m▄[0m[38;2;0;0;0;48;2;0;0;0m▄[0m[38;2;0;0;0;48;2;0;0;0m▄[0m[38;2;0;0;0;48;2;0;0;0m▄[0m[38;2;0;0;0;48;2;0;0;0m▄[0m[38;2;0;0;0;48;2;0;0;0m▄[0m[38;2;0;0;0;48;2;0;0;0m▄[0m[38;2;0;0;0;48;2;0;0;0m▄[0m[38;2;0;0;0;48;2;0;0;0m▄[0m[38;2;0;0;0;48;2;0;0;0m▄[0m[38;2;0;0;0;48;2;0;0;0m▄[0m[38;2;0;0;0;48;2;0;0;0m▄[0m[38;2;0;0;0;48;2;0;0;0m▄[0m[38;2;0;0;0;48;2;0;0;0m▄[0m[38;2;0;0;0;48;2;0;0;0m▄[0m[38;2;0;0;0;48;2;0;0;0m▄[0m[38;2;0;0;0;48;2;0;0;0m▄[0m[38;2;0;0;0;48;2;0;0;0m▄[0m[38;2;0;0;0;48;2;0;0;0m▄[0m[38;2;0;0;0;48;2;0;0;0m▄[0m[38;2;0;0;0;48;2;0;0;0m▄[0m[38;2;0;0;0;48;2;0;0;0m▄[0m[38;2;0;0;0;48;2;0;0;0m▄[0m[38;2;0;0;0;48;2;0;0;0m▄[0m[38;2;0;0;0;48;2;0;0;0m▄[0m[38;2;0;0;0;48;2;0;0;0m▄[0m[38;2;0;0;0;48;2;0;0;0m▄[0m[38;2;0;0;0;48;2;0;0;0m▄[0m[38;2;0;0;0;48;2;0;0;0m▄[0m[38;2;0;0;0;48;2;0;0;0m▄[0m[38;2;0;0;0;48;2;0;0;0m▄[0m[38;2;0;0;0;48;2;0;0;0m▄[0m[38;2;0;0;0;48;2;0;0;0m▄[0m[38;2;0;0;0;48;2;0;0;0m▄[0m[38;2;0;0;0;48;2;0;0;0m▄[0m[38;2;0;0;0;48;2;0;0;0m▄[0m[38;2;0;0;0;48;2;0;0;0m▄[0m[38;2;0;0;0;48;2;0;0;0m▄[0m[38;2;0;0;0;48;2;0;0;0m▄[0m[38;2;0;0;0;48;2;0;0;0m▄[0m[0;40m       [0m
[0;40m      [0m[38;2;0;0;0;48;2;0;0;0m▄[0m[38;2;0;0;0;48;2;0;0;0m▄[0m[38;2;0;0;0;48;2;0;0;0m▄[0m[38;2;0;0;0;48;2;0;0;0m▄[0m[38;2;0;0;0;48;2;0;0;0m▄[0m[38;2;0;0;0;48;2;0;0;0m▄[0m[38;2;0;0;0;48;2;0;0;0m▄[0m[38;2;0;0;0;48;2;0;0;0m▄[0m[38;2;0;0;0;48;2;0;0;0m▄[0m[38;2;0;0;0;48;2;0;0;0m▄[0m[38;2;0;0;0;48;2;0;0;0m▄[0m[38;2;0;0;0;48;2;0;0;0m▄[0m[38;2;0;0;0;48;2;0;0;0m▄[0m[38;2;0;0;0;48;2;0;0;0m▄[0m[38;2;0;0;0;48;2;0;0;0m▄[0m[38;2;0;0;0;48;2;0;0;0m▄[0m[38;2;0;0;0;48;2;0;0;0m▄[0m[38;2;0;0;0;48;2;0;0;0m▄[0m[38;2;0;0;0;48;2;0;0;0m▄[0m[38;2;0;0;0;48;2;0;0;0m▄[0m[38;2;0;0;0;48;2;0;0;0m▄[0m[38;2;0;0;0;48;2;0;0;0m▄[0m[38;2;0;0;0;48;2;0;0;0m▄[0m[38;2;0;0;0;48;2;0;0;0m▄[0m[38;2;0;0;0;48;2;0;0;0m▄[0m[38;2;0;0;0;48;2;0;0;0m▄[0m[38;2;0;0;0;48;2;0;0;0m▄[0m[38;2;0;0;0;48;2;0;0;0m▄[0m[38;2;0;0;0;48;2;0;0;0m▄[0m[38;2;0;0;0;48;2;0;0;0m▄[0m[38;2;0;0;0;48;2;0;0;0m▄[0m[38;2;0;0;0;48;2;0;0;0m▄[0m[38;2;0;0;0;48;2;0;0;0m▄[0m[38;2;0;0;0;48;2;0;0;0m▄[0m[38;2;0;0;0;48;2;0;0;0m▄[0m[38;2;0;0;0;48;2;0;0;0m▄[0m[38;2;0;0;0;48;2;0;0;0m▄[0m[38;2;0;0;0;48;2;0;0;0m▄[0m[38;2;0;0;0;48;2;0;0;0m▄[0m[38;2;0;0;0;48;2;0;0;0m▄[0m[38;2;0;0;0;48;2;0;0;0m▄[0m[38;2;0;0;0;48;2;0;0;0m▄[0m[38;2;0;0;0;48;2;0;0;0m▄[0m[38;2;0;0;0;48;2;0;0;0m▄[0m[38;2;0;0;0;48;2;0;0;0m▄[0m[38;2;0;0;0;48;2;0;0;0m▄[0m[38;2;0;0;0;48;2;0;0;0m▄[0m[38;2;0;0;0;48;2;0;0;0m▄[0m[38;2;0;0;0;48;2;0;0;0m▄[0m[38;2;0;0;0;48;2;0;0;0m▄[0m[38;2;0;0;0;48;2;0;0;0m▄[0m[38;2;0;0;0;48;2;0;0;0m▄[0m[38;2;0;0;0;48;2;0;0;0m▄[0m[38;2;0;0;0;48;2;0;0;0m▄[0m[38;2;0;0;0;48;2;0;0;0m▄[0m[38;2;0;0;0;48;2;0;0;0m▄[0m[38;2;0;0;0;48;2;0;0;0m▄[0m[38;2;0;0;0;48;2;0;0;0m▄[0m[38;2;0;0;0;48;2;0;0;0m▄[0m[38;2;0;0;0;48;2;0;0;0m▄[0m[38;2;0;0;0;48;2;0;0;0m▄[0m[38;2;0;0;0;48;2;0;0;0m▄[0m[38;2;0;0;0;48;2;0;0;0m▄[0m[38;2;0;0;0;48;2;0;0;0m▄[0m[38;2;0;0;0;48;2;0;0;0m▄[0m[38;2;0;0;0;48;2;0;0;0m▄[0m[38;2;0;0;0;48;2;0;0;0m▄[0m[38;2;0;0;0;48;2;0;0;0m▄[0m[38;2;0;0;0;48;2;0;0;0m▄[0m[38;2;0;0;0;48;2;0;0;0m▄[0m[38;2;0;0;0;48;2;0;0;0m▄[0m[38;2;0;0;0;48;2;0;0;0m▄[0m[38;2;0;0;0;48;2;0;0;0m▄[0m[38;2;0;0;0;48;2;0;0;0m▄[0m[38;2;0;0;0;48;2;0;0;0m▄[0m[38;2;0;0;0;48;2;0;0;0m▄[0m[38;2;0;0;0;48;2;0;0;0m▄[0m[38;2;0;0;0;48;2;0;0;0m▄[0m[38;2;0;0;0;48;2;0;0;0m▄[0m[38;2;0;0;0;48;2;0;0;0m▄[0m[38;2;0;0;0;48;2;0;0;0m▄[0m[38;2;0;0;0;48;2;0;0;0m▄[0m[38;2;0;0;0;48;2;0;0;0m▄[0m[38;2;0;0;0;48;2;0;0;0m▄[0m[38;2;0;0;0;48;2;0;0;0m▄[0m[38;2;0;0;0;48;2;0;0;0m▄[0m[38;2;0;0;0;48;2;0;0;0m▄[0m[38;2;0;0;0;48;2;0;0;0m▄[0m[38;2;0;0;0;48;2;0;0;0m▄[0m[38;2;0;0;0;48;2;0;0;0m▄[0m[38;2;0;0;0;48;2;0;0;0m▄[0m[38;2;0;0;0;48;2;0;0;0m▄[0m[38;2;0;0;0;48;2;0;0;0m▄[0m[38;2;0;0;0;48;2;0;0;0m▄[0m[38;2;0;0;0;48;2;0;0;0m▄[0m[38;2;0;0;0;48;2;0;0;0m▄[0m[38;2;0;0;0;48;2;0;0;0m▄[0m[38;2;0;0;0;48;2;0;0;0m▄[0m[38;2;0;0;0;48;2;0;0;0m▄[0m[38;2;0;0;0;48;2;0;0;0m▄[0m[38;2;0;0;0;48;2;0;0;0m▄[0m[38;2;0;0;0;48;2;0;0;0m▄[0m[38;2;0;0;0;48;2;0;0;0m▄[0m[38;2;0;0;0;48;2;0;0;0m▄[0m[38;2;0;0;0;48;2;0;0;0m▄[0m[38;2;0;0;0;48;2;0;0;0m▄[0m[38;2;0;0;0;48;2;0;0;0m▄[0m[0;40m       [0m
[0;40m      [0m[38;2;0;0;0;48;2;0;0;0m▄[0m[38;2;0;0;0;48;2;0;0;0m▄[0m[38;2;0;0;0;48;2;0;0;0m▄[0m[38;2;0;0;0;48;2;0;0;0m▄[0m[38;2;0;0;0;48;2;0;0;0m▄[0m[38;2;0;0;0;48;2;0;0;0m▄[0m[38;2;0;0;0;48;2;0;0;0m▄[0m[38;2;0;0;0;48;2;0;0;0m▄[0m[38;2;0;0;0;48;2;0;0;0m▄[0m[38;2;0;0;0;48;2;0;0;0m▄[0m[38;2;0;0;0;48;2;0;0;0m▄[0m[38;2;0;0;0;48;2;0;0;0m▄[0m[38;2;0;0;0;48;2;0;0;0m▄[0m[38;2;0;0;0;48;2;0;0;0m▄[0m[38;2;0;0;0;48;2;0;0;0m▄[0m[38;2;0;0;0;48;2;0;0;0m▄[0m[38;2;0;0;0;48;2;0;0;0m▄[0m[38;2;0;0;0;48;2;0;0;0m▄[0m[38;2;0;0;0;48;2;0;0;0m▄[0m[38;2;0;0;0;48;2;0;0;0m▄[0m[38;2;0;0;0;48;2;0;0;0m▄[0m[38;2;0;0;0;48;2;0;0;0m▄[0m[38;2;0;0;0;48;2;0;0;0m▄[0m[38;2;0;0;0;48;2;0;0;0m▄[0m[38;2;0;0;0;48;2;0;0;0m▄[0m[38;2;0;0;0;48;2;0;0;0m▄[0m[38;2;0;0;0;48;2;0;0;0m▄[0m[38;2;0;0;0;48;2;0;0;0m▄[0m[38;2;0;0;0;48;2;0;0;0m▄[0m[38;2;0;0;0;48;2;0;0;0m▄[0m[38;2;0;0;0;48;2;0;0;0m▄[0m[38;2;0;0;0;48;2;0;0;0m▄[0m[38;2;0;0;0;48;2;0;0;0m▄[0m[38;2;0;0;0;48;2;0;0;0m▄[0m[38;2;0;0;0;48;2;0;0;0m▄[0m[38;2;0;0;0;48;2;0;0;0m▄[0m[38;2;0;0;0;48;2;0;0;0m▄[0m[38;2;3;0;0;48;2;0;0;0m▄[0m[38;2;4;0;0;48;2;0;0;0m▄[0m[38;2;4;0;0;48;2;0;0;0m▄[0m[38;2;8;0;0;48;2;0;0;0m▄[0m[38;2;10;0;0;48;2;0;0;0m▄[0m[38;2;10;0;0;48;2;0;0;0m▄[0m[38;2;14;0;0;48;2;0;0;0m▄[0m[38;2;0;0;0;48;2;0;0;0m▄[0m[38;2;0;0;0;48;2;0;0;0m▄[0m[38;2;0;0;0;48;2;0;0;0m▄[0m[38;2;0;0;0;48;2;0;0;0m▄[0m[38;2;0;0;0;48;2;0;0;0m▄[0m[38;2;0;0;0;48;2;0;0;0m▄[0m[38;2;0;0;0;48;2;0;0;0m▄[0m[38;2;0;0;0;48;2;0;0;0m▄[0m[38;2;0;0;0;48;2;0;0;0m▄[0m[38;2;0;0;0;48;2;0;0;0m▄[0m[38;2;0;0;0;48;2;0;0;0m▄[0m[38;2;0;0;0;48;2;0;0;0m▄[0m[38;2;0;0;0;48;2;0;0;0m▄[0m[38;2;0;0;0;48;2;0;0;0m▄[0m[38;2;0;0;0;48;2;0;0;0m▄[0m[38;2;0;0;0;48;2;0;0;0m▄[0m[38;2;0;0;0;48;2;0;0;0m▄[0m[38;2;0;0;0;48;2;0;0;0m▄[0m[38;2;1;0;0;48;2;0;0;0m▄[0m[38;2;4;0;0;48;2;0;0;0m▄[0m[38;2;4;0;0;48;2;0;0;0m▄[0m[38;2;5;0;0;48;2;0;0;0m▄[0m[38;2;4;0;0;48;2;0;0;0m▄[0m[38;2;10;0;0;48;2;0;0;0m▄[0m[38;2;7;0;0;48;2;0;0;0m▄[0m[38;2;3;0;0;48;2;0;0;0m▄[0m[38;2;0;0;0;48;2;0;0;0m▄[0m[38;2;0;0;0;48;2;0;0;0m▄[0m[38;2;0;0;0;48;2;0;0;0m▄[0m[38;2;0;0;0;48;2;0;0;0m▄[0m[38;2;0;0;0;48;2;0;0;0m▄[0m[38;2;0;0;0;48;2;0;0;0m▄[0m[38;2;0;0;0;48;2;0;0;0m▄[0m[38;2;0;0;0;48;2;0;0;0m▄[0m[38;2;0;0;0;48;2;0;0;0m▄[0m[38;2;0;0;0;48;2;0;0;0m▄[0m[38;2;0;0;0;48;2;0;0;0m▄[0m[38;2;0;0;0;48;2;0;0;0m▄[0m[38;2;0;0;0;48;2;0;0;0m▄[0m[38;2;0;0;0;48;2;0;0;0m▄[0m[38;2;0;0;0;48;2;0;0;0m▄[0m[38;2;0;0;0;48;2;0;0;0m▄[0m[38;2;0;0;0;48;2;0;0;0m▄[0m[38;2;0;0;0;48;2;0;0;0m▄[0m[38;2;0;0;0;48;2;0;0;0m▄[0m[38;2;0;0;0;48;2;0;0;0m▄[0m[38;2;0;0;0;48;2;0;0;0m▄[0m[38;2;0;0;0;48;2;0;0;0m▄[0m[38;2;0;0;0;48;2;0;0;0m▄[0m[38;2;0;0;0;48;2;0;0;0m▄[0m[38;2;0;0;0;48;2;0;0;0m▄[0m[38;2;0;0;0;48;2;0;0;0m▄[0m[38;2;0;0;0;48;2;0;0;0m▄[0m[38;2;0;0;0;48;2;0;0;0m▄[0m[38;2;0;0;0;48;2;0;0;0m▄[0m[38;2;0;0;0;48;2;0;0;0m▄[0m[38;2;0;0;0;48;2;0;0;0m▄[0m[38;2;0;0;0;48;2;0;0;0m▄[0m[38;2;0;0;0;48;2;0;0;0m▄[0m[38;2;0;0;0;48;2;0;0;0m▄[0m[38;2;0;0;0;48;2;0;0;0m▄[0m[38;2;0;0;0;48;2;0;0;0m▄[0m[38;2;0;0;0;48;2;0;0;0m▄[0m[0;40m       [0m
[0;40m      [0m[38;2;0;0;0;48;2;0;0;0m▄[0m[38;2;0;0;0;48;2;0;0;0m▄[0m[38;2;0;0;0;48;2;0;0;0m▄[0m[38;2;0;0;0;48;2;0;0;0m▄[0m[38;2;0;0;0;48;2;0;0;0m▄[0m[38;2;0;0;0;48;2;0;0;0m▄[0m[38;2;0;0;0;48;2;0;0;0m▄[0m[38;2;0;0;0;48;2;0;0;0m▄[0m[38;2;0;0;0;48;2;0;0;0m▄[0m[38;2;0;0;0;48;2;0;0;0m▄[0m[38;2;0;0;0;48;2;0;0;0m▄[0m[38;2;0;0;0;48;2;0;0;0m▄[0m[38;2;0;0;0;48;2;0;0;0m▄[0m[38;2;0;0;0;48;2;0;0;0m▄[0m[38;2;0;0;0;48;2;0;0;0m▄[0m[38;2;0;0;0;48;2;0;0;0m▄[0m[38;2;0;0;0;48;2;0;0;0m▄[0m[38;2;0;0;0;48;2;0;0;0m▄[0m[38;2;0;0;0;48;2;0;0;0m▄[0m[38;2;0;0;0;48;2;0;0;0m▄[0m[38;2;0;0;0;48;2;0;0;0m▄[0m[38;2;0;0;0;48;2;0;0;0m▄[0m[38;2;0;0;0;48;2;0;0;0m▄[0m[38;2;0;0;0;48;2;0;0;0m▄[0m[38;2;0;0;0;48;2;0;0;0m▄[0m[38;2;0;0;0;48;2;0;0;0m▄[0m[38;2;0;0;0;48;2;0;0;0m▄[0m[38;2;0;0;0;48;2;0;0;0m▄[0m[38;2;0;0;0;48;2;0;0;0m▄[0m[38;2;0;0;0;48;2;0;0;0m▄[0m[38;2;0;0;0;48;2;0;0;0m▄[0m[38;2;0;0;0;48;2;0;0;0m▄[0m[38;2;0;0;0;48;2;0;0;0m▄[0m[38;2;0;0;0;48;2;0;0;0m▄[0m[38;2;31;0;0;48;2;0;0;0m▄[0m[38;2;134;2;3;48;2;16;0;0m▄[0m[38;2;164;12;14;48;2;11;0;0m▄[0m[38;2;220;50;52;48;2;96;1;2m▄[0m[38;2;243;54;56;48;2;129;2;3m▄[0m[38;2;243;39;42;48;2;132;1;3m▄[0m[38;2;243;48;51;48;2;136;1;3m▄[0m[38;2;243;33;36;48;2;138;1;3m▄[0m[38;2;242;31;34;48;2;143;1;4m▄[0m[38;2;242;16;18;48;2;148;1;4m▄[0m[38;2;219;8;10;48;2;64;0;1m▄[0m[38;2;178;3;5;48;2;60;0;1m▄[0m[38;2;118;2;3;48;2;0;0;0m▄[0m[38;2;112;2;3;48;2;0;0;0m▄[0m[38;2;24;0;0;48;2;0;0;0m▄[0m[38;2;0;0;0;48;2;0;0;0m▄[0m[38;2;0;0;0;48;2;0;0;0m▄[0m[38;2;0;0;0;48;2;0;0;0m▄[0m[38;2;0;0;0;48;2;0;0;0m▄[0m[38;2;0;0;0;48;2;0;0;0m▄[0m[38;2;0;0;0;48;2;0;0;0m▄[0m[38;2;0;0;0;48;2;0;0;0m▄[0m[38;2;0;0;0;48;2;0;0;0m▄[0m[38;2;0;0;0;48;2;0;0;0m▄[0m[38;2;5;0;0;48;2;0;0;0m▄[0m[38;2;55;0;1;48;2;0;0;0m▄[0m[38;2;86;1;2;48;2;6;0;0m▄[0m[38;2;166;3;5;48;2;20;0;0m▄[0m[38;2;193;4;7;48;2;53;1;1m▄[0m[38;2;243;31;34;48;2;134;1;3m▄[0m[38;2;243;38;41;48;2;132;2;3m▄[0m[38;2;242;20;22;48;2;136;1;3m▄[0m[38;2;242;17;19;48;2;137;1;3m▄[0m[38;2;242;16;18;48;2;146;1;4m▄[0m[38;2;240;10;12;48;2;148;2;4m▄[0m[38;2;211;5;8;48;2;97;1;2m▄[0m[38;2;164;3;5;48;2;12;0;0m▄[0m[38;2;168;2;5;48;2;21;0;0m▄[0m[38;2;36;0;1;48;2;0;0;0m▄[0m[38;2;4;0;0;48;2;0;0;0m▄[0m[38;2;0;0;0;48;2;0;0;0m▄[0m[38;2;0;0;0;48;2;0;0;0m▄[0m[38;2;0;0;0;48;2;0;0;0m▄[0m[38;2;0;0;0;48;2;0;0;0m▄[0m[38;2;0;0;0;48;2;0;0;0m▄[0m[38;2;0;0;0;48;2;0;0;0m▄[0m[38;2;0;0;0;48;2;0;0;0m▄[0m[38;2;0;0;0;48;2;0;0;0m▄[0m[38;2;0;0;0;48;2;0;0;0m▄[0m[38;2;0;0;0;48;2;0;0;0m▄[0m[38;2;0;0;0;48;2;0;0;0m▄[0m[38;2;0;0;0;48;2;0;0;0m▄[0m[38;2;0;0;0;48;2;0;0;0m▄[0m[38;2;0;0;0;48;2;0;0;0m▄[0m[38;2;0;0;0;48;2;0;0;0m▄[0m[38;2;0;0;0;48;2;0;0;0m▄[0m[38;2;0;0;0;48;2;0;0;0m▄[0m[38;2;0;0;0;48;2;0;0;0m▄[0m[38;2;0;0;0;48;2;0;0;0m▄[0m[38;2;0;0;0;48;2;0;0;0m▄[0m[38;2;0;0;0;48;2;0;0;0m▄[0m[38;2;0;0;0;48;2;0;0;0m▄[0m[38;2;0;0;0;48;2;0;0;0m▄[0m[38;2;0;0;0;48;2;0;0;0m▄[0m[38;2;0;0;0;48;2;0;0;0m▄[0m[38;2;0;0;0;48;2;0;0;0m▄[0m[38;2;0;0;0;48;2;0;0;0m▄[0m[38;2;0;0;0;48;2;0;0;0m▄[0m[38;2;0;0;0;48;2;0;0;0m▄[0m[38;2;0;0;0;48;2;0;0;0m▄[0m[38;2;0;0;0;48;2;0;0;0m▄[0m[38;2;0;0;0;48;2;0;0;0m▄[0m[38;2;0;0;0;48;2;0;0;0m▄[0m[0;40m       [0m
[0;40m      [0m[38;2;0;0;0;48;2;0;0;0m▄[0m[38;2;0;0;0;48;2;0;0;0m▄[0m[38;2;0;0;0;48;2;0;0;0m▄[0m[38;2;0;0;0;48;2;0;0;0m▄[0m[38;2;0;0;0;48;2;0;0;0m▄[0m[38;2;0;0;0;48;2;0;0;0m▄[0m[38;2;0;0;0;48;2;0;0;0m▄[0m[38;2;0;0;0;48;2;0;0;0m▄[0m[38;2;0;0;0;48;2;0;0;0m▄[0m[38;2;0;0;0;48;2;0;0;0m▄[0m[38;2;0;0;0;48;2;0;0;0m▄[0m[38;2;0;0;0;48;2;0;0;0m▄[0m[38;2;0;0;0;48;2;0;0;0m▄[0m[38;2;0;0;0;48;2;0;0;0m▄[0m[38;2;0;0;0;48;2;0;0;0m▄[0m[38;2;0;0;0;48;2;0;0;0m▄[0m[38;2;0;0;0;48;2;0;0;0m▄[0m[38;2;0;0;0;48;2;0;0;0m▄[0m[38;2;0;0;0;48;2;0;0;0m▄[0m[38;2;0;0;0;48;2;0;0;0m▄[0m[38;2;0;0;0;48;2;0;0;0m▄[0m[38;2;0;0;0;48;2;0;0;0m▄[0m[38;2;0;0;0;48;2;0;0;0m▄[0m[38;2;0;0;0;48;2;0;0;0m▄[0m[38;2;0;0;0;48;2;0;0;0m▄[0m[38;2;0;0;0;48;2;0;0;0m▄[0m[38;2;0;0;0;48;2;0;0;0m▄[0m[38;2;0;0;0;48;2;0;0;0m▄[0m[38;2;0;0;0;48;2;0;0;0m▄[0m[38;2;0;0;0;48;2;0;0;0m▄[0m[38;2;0;0;0;48;2;0;0;0m▄[0m[38;2;27;0;0;48;2;0;0;0m▄[0m[38;2;133;2;4;48;2;29;0;1m▄[0m[38;2;212;9;12;48;2;89;0;2m▄[0m[38;2;246;47;49;48;2;184;7;8m▄[0m[38;2;251;116;118;48;2;238;35;37m▄[0m[38;2;252;181;182;48;2;248;73;76m▄[0m[38;2;252;213;214;48;2;251;141;143m▄[0m[38;2;252;236;237;48;2;251;166;167m▄[0m[38;2;252;250;250;48;2;251;166;167m▄[0m[38;2;252;247;247;48;2;251;134;136m▄[0m[38;2;252;233;233;48;2;251;109;112m▄[0m[38;2;252;200;201;48;2;251;102;105m▄[0m[38;2;251;128;130;48;2;250;62;66m▄[0m[38;2;250;71;74;48;2;249;41;43m▄[0m[38;2;250;55;58;48;2;243;16;18m▄[0m[38;2;247;27;29;48;2;240;11;13m▄[0m[38;2;243;17;19;48;2;230;7;9m▄[0m[38;2;234;7;9;48;2;166;3;5m▄[0m[38;2;199;4;6;48;2;70;0;2m▄[0m[38;2;107;0;2;48;2;0;0;0m▄[0m[38;2;2;0;0;48;2;0;0;0m▄[0m[38;2;0;0;0;48;2;0;0;0m▄[0m[38;2;0;0;0;48;2;0;0;0m▄[0m[38;2;0;0;0;48;2;0;0;0m▄[0m[38;2;0;0;0;48;2;0;0;0m▄[0m[38;2;77;0;2;48;2;0;0;0m▄[0m[38;2;167;4;5;48;2;17;0;0m▄[0m[38;2;215;5;8;48;2;96;0;2m▄[0m[38;2;238;9;11;48;2;194;4;7m▄[0m[38;2;242;33;35;48;2;209;5;8m▄[0m[38;2;249;104;106;48;2;241;23;25m▄[0m[38;2;251;134;136;48;2;246;75;77m▄[0m[38;2;251;148;150;48;2;251;110;113m▄[0m[38;2;252;204;204;48;2;251;116;119m▄[0m[38;2;252;203;204;48;2;250;101;103m▄[0m[38;2;251;141;143;48;2;250;78;81m▄[0m[38;2;251;101;103;48;2;249;52;55m▄[0m[38;2;250;78;81;48;2;245;21;23m▄[0m[38;2;248;32;34;48;2;241;13;15m▄[0m[38;2;242;16;18;48;2;238;8;10m▄[0m[38;2;211;3;4;48;2;228;6;8m▄[0m[38;2;200;3;5;48;2;192;4;7m▄[0m[38;2;218;6;8;48;2;98;1;2m▄[0m[38;2;129;1;3;48;2;17;0;0m▄[0m[38;2;26;0;0;48;2;0;0;0m▄[0m[38;2;0;0;0;48;2;0;0;0m▄[0m[38;2;0;0;0;48;2;0;0;0m▄[0m[38;2;0;0;0;48;2;0;0;0m▄[0m[38;2;0;0;0;48;2;0;0;0m▄[0m[38;2;0;0;0;48;2;0;0;0m▄[0m[38;2;0;0;0;48;2;0;0;0m▄[0m[38;2;0;0;0;48;2;0;0;0m▄[0m[38;2;0;0;0;48;2;0;0;0m▄[0m[38;2;0;0;0;48;2;0;0;0m▄[0m[38;2;0;0;0;48;2;0;0;0m▄[0m[38;2;0;0;0;48;2;0;0;0m▄[0m[38;2;0;0;0;48;2;0;0;0m▄[0m[38;2;0;0;0;48;2;0;0;0m▄[0m[38;2;0;0;0;48;2;0;0;0m▄[0m[38;2;0;0;0;48;2;0;0;0m▄[0m[38;2;0;0;0;48;2;0;0;0m▄[0m[38;2;0;0;0;48;2;0;0;0m▄[0m[38;2;0;0;0;48;2;0;0;0m▄[0m[38;2;0;0;0;48;2;0;0;0m▄[0m[38;2;0;0;0;48;2;0;0;0m▄[0m[38;2;0;0;0;48;2;0;0;0m▄[0m[38;2;0;0;0;48;2;0;0;0m▄[0m[38;2;0;0;0;48;2;0;0;0m▄[0m[38;2;0;0;0;48;2;0;0;0m▄[0m[38;2;0;0;0;48;2;0;0;0m▄[0m[38;2;0;0;0;48;2;0;0;0m▄[0m[38;2;0;0;0;48;2;0;0;0m▄[0m[38;2;0;0;0;48;2;0;0;0m▄[0m[38;2;0;0;0;48;2;0;0;0m▄[0m[38;2;0;0;0;48;2;0;0;0m▄[0m[38;2;0;0;0;48;2;0;0;0m▄[0m[0;40m       [0m
[0;40m      [0m[38;2;0;0;0;48;2;0;0;0m▄[0m[38;2;0;0;0;48;2;0;0;0m▄[0m[38;2;0;0;0;48;2;0;0;0m▄[0m[38;2;0;0;0;48;2;0;0;0m▄[0m[38;2;0;0;0;48;2;0;0;0m▄[0m[38;2;0;0;0;48;2;0;0;0m▄[0m[38;2;0;0;0;48;2;0;0;0m▄[0m[38;2;0;0;0;48;2;0;0;0m▄[0m[38;2;0;0;0;48;2;0;0;0m▄[0m[38;2;0;0;0;48;2;0;0;0m▄[0m[38;2;0;0;0;48;2;0;0;0m▄[0m[38;2;0;0;0;48;2;0;0;0m▄[0m[38;2;0;0;0;48;2;0;0;0m▄[0m[38;2;0;0;0;48;2;0;0;0m▄[0m[38;2;0;0;0;48;2;0;0;0m▄[0m[38;2;0;0;0;48;2;0;0;0m▄[0m[38;2;0;0;0;48;2;0;0;0m▄[0m[38;2;0;0;0;48;2;0;0;0m▄[0m[38;2;0;0;0;48;2;0;0;0m▄[0m[38;2;0;0;0;48;2;0;0;0m▄[0m[38;2;0;0;0;48;2;0;0;0m▄[0m[38;2;0;0;0;48;2;0;0;0m▄[0m[38;2;0;0;0;48;2;0;0;0m▄[0m[38;2;0;0;0;48;2;0;0;0m▄[0m[38;2;0;0;0;48;2;0;0;0m▄[0m[38;2;0;0;0;48;2;0;0;0m▄[0m[38;2;0;0;0;48;2;0;0;0m▄[0m[38;2;0;0;0;48;2;0;0;0m▄[0m[38;2;0;0;0;48;2;0;0;0m▄[0m[38;2;33;0;1;48;2;0;0;0m▄[0m[38;2;135;2;4;48;2;40;0;1m▄[0m[38;2;216;11;14;48;2;135;2;4m▄[0m[38;2;247;60;63;48;2;218;16;18m▄[0m[38;2;251;140;142;48;2;248;79;82m▄[0m[38;2;252;224;225;48;2;251;162;163m▄[0m[38;2;252;251;251;48;2;252;214;215m▄[0m[38;2;252;251;251;48;2;252;241;241m▄[0m[38;2;252;251;251;48;2;252;251;251m▄[0m[38;2;252;251;251;48;2;252;251;251m▄[0m[38;2;252;225;226;48;2;252;251;251m▄[0m[38;2;251;181;182;48;2;252;251;251m▄[0m[38;2;251;145;147;48;2;252;219;219m▄[0m[38;2;251;121;123;48;2;252;183;184m▄[0m[38;2;250;91;94;48;2;251;120;122m▄[0m[38;2;250;71;74;48;2;250;72;75m▄[0m[38;2;250;71;74;48;2;250;71;74m▄[0m[38;2;250;56;60;48;2;249;46;50m▄[0m[38;2;249;51;53;48;2;249;51;54m▄[0m[38;2;248;24;26;48;2;245;19;20m▄[0m[38;2;245;20;23;48;2;235;7;9m▄[0m[38;2;224;6;8;48;2;193;3;4m▄[0m[38;2;177;1;3;48;2;90;0;2m▄[0m[38;2;69;0;1;48;2;0;0;0m▄[0m[38;2;0;0;0;48;2;0;0;0m▄[0m[38;2;57;0;1;48;2;0;0;0m▄[0m[38;2;179;4;6;48;2;75;0;1m▄[0m[38;2;233;7;9;48;2;181;3;5m▄[0m[38;2;240;14;16;48;2;234;8;10m▄[0m[38;2;248;79;82;48;2;241;18;20m▄[0m[38;2;251;117;119;48;2;249;84;87m▄[0m[38;2;251;151;153;48;2;251;123;125m▄[0m[38;2;252;217;218;48;2;251;151;152m▄[0m[38;2;252;251;251;48;2;252;213;214m▄[0m[38;2;252;251;251;48;2;252;241;241m▄[0m[38;2;252;218;219;48;2;252;243;243m▄[0m[38;2;251;141;143;48;2;252;194;195m▄[0m[38;2;251;103;105;48;2;251;128;129m▄[0m[38;2;251;102;104;48;2;251;107;109m▄[0m[38;2;250;64;66;48;2;250;81;83m▄[0m[38;2;248;24;26;48;2;248;30;32m▄[0m[38;2;248;24;26;48;2;248;23;25m▄[0m[38;2;244;17;19;48;2;239;16;18m▄[0m[38;2;203;3;5;48;2;175;0;2m▄[0m[38;2;158;0;3;48;2;207;4;5m▄[0m[38;2;219;5;7;48;2;216;5;7m▄[0m[38;2;214;6;8;48;2;132;2;4m▄[0m[38;2;127;1;3;48;2;37;0;1m▄[0m[38;2;32;0;1;48;2;0;0;0m▄[0m[38;2;0;0;0;48;2;0;0;0m▄[0m[38;2;0;0;0;48;2;0;0;0m▄[0m[38;2;0;0;0;48;2;0;0;0m▄[0m[38;2;0;0;0;48;2;0;0;0m▄[0m[38;2;0;0;0;48;2;0;0;0m▄[0m[38;2;0;0;0;48;2;0;0;0m▄[0m[38;2;0;0;0;48;2;0;0;0m▄[0m[38;2;0;0;0;48;2;0;0;0m▄[0m[38;2;0;0;0;48;2;0;0;0m▄[0m[38;2;0;0;0;48;2;0;0;0m▄[0m[38;2;0;0;0;48;2;0;0;0m▄[0m[38;2;0;0;0;48;2;0;0;0m▄[0m[38;2;0;0;0;48;2;0;0;0m▄[0m[38;2;0;0;0;48;2;0;0;0m▄[0m[38;2;0;0;0;48;2;0;0;0m▄[0m[38;2;0;0;0;48;2;0;0;0m▄[0m[38;2;0;0;0;48;2;0;0;0m▄[0m[38;2;0;0;0;48;2;0;0;0m▄[0m[38;2;0;0;0;48;2;0;0;0m▄[0m[38;2;0;0;0;48;2;0;0;0m▄[0m[38;2;0;0;0;48;2;0;0;0m▄[0m[38;2;0;0;0;48;2;0;0;0m▄[0m[38;2;0;0;0;48;2;0;0;0m▄[0m[38;2;0;0;0;48;2;0;0;0m▄[0m[38;2;0;0;0;48;2;0;0;0m▄[0m[38;2;0;0;0;48;2;0;0;0m▄[0m[38;2;0;0;0;48;2;0;0;0m▄[0m[38;2;0;0;0;48;2;0;0;0m▄[0m[38;2;0;0;0;48;2;0;0;0m▄[0m[0;40m       [0m
[0;40m      [0m[38;2;0;0;0;48;2;0;0;0m▄[0m[38;2;0;0;0;48;2;0;0;0m▄[0m[38;2;0;0;0;48;2;0;0;0m▄[0m[38;2;0;0;0;48;2;0;0;0m▄[0m[38;2;0;0;0;48;2;0;0;0m▄[0m[38;2;0;0;0;48;2;0;0;0m▄[0m[38;2;0;0;0;48;2;0;0;0m▄[0m[38;2;0;0;0;48;2;0;0;0m▄[0m[38;2;0;0;0;48;2;0;0;0m▄[0m[38;2;0;0;0;48;2;0;0;0m▄[0m[38;2;0;0;0;48;2;0;0;0m▄[0m[38;2;0;0;0;48;2;0;0;0m▄[0m[38;2;0;0;0;48;2;0;0;0m▄[0m[38;2;0;0;0;48;2;0;0;0m▄[0m[38;2;0;0;0;48;2;0;0;0m▄[0m[38;2;0;0;0;48;2;0;0;0m▄[0m[38;2;0;0;0;48;2;0;0;0m▄[0m[38;2;0;0;0;48;2;0;0;0m▄[0m[38;2;0;0;0;48;2;0;0;0m▄[0m[38;2;0;0;0;48;2;0;0;0m▄[0m[38;2;0;0;0;48;2;0;0;0m▄[0m[38;2;0;0;0;48;2;0;0;0m▄[0m[38;2;0;0;0;48;2;0;0;0m▄[0m[38;2;0;0;0;48;2;0;0;0m▄[0m[38;2;0;0;0;48;2;0;0;0m▄[0m[38;2;0;0;0;48;2;0;0;0m▄[0m[38;2;0;0;0;48;2;0;0;0m▄[0m[38;2;0;0;0;48;2;0;0;0m▄[0m[38;2;30;0;0;48;2;1;0;0m▄[0m[38;2;160;4;6;48;2;62;0;1m▄[0m[38;2;247;23;25;48;2;184;3;6m▄[0m[38;2;244;49;51;48;2;245;26;28m▄[0m[38;2;252;159;160;48;2;250;79;81m▄[0m[38;2;252;197;197;48;2;252;205;206m▄[0m[38;2;252;224;225;48;2;252;251;251m▄[0m[38;2;252;251;251;48;2;252;251;251m▄[0m[38;2;252;228;228;48;2;252;251;251m▄[0m[38;2;251;173;174;48;2;252;246;246m▄[0m[38;2;251;140;142;48;2;252;208;208m▄[0m[38;2;251;113;115;48;2;252;157;158m▄[0m[38;2;250;78;82;48;2;251;125;127m▄[0m[38;2;250;65;68;48;2;251;100;103m▄[0m[38;2;249;36;39;48;2;250;83;87m▄[0m[38;2;248;25;27;48;2;250;80;84m▄[0m[38;2;248;24;26;48;2;249;30;33m▄[0m[38;2;248;25;26;48;2;250;62;66m▄[0m[38;2;248;24;26;48;2;249;33;34m▄[0m[38;2;248;24;26;48;2;248;25;27m▄[0m[38;2;247;24;26;48;2;248;24;27m▄[0m[38;2;243;15;17;48;2;245;19;21m▄[0m[38;2;240;12;14;48;2;238;9;11m▄[0m[38;2;216;5;7;48;2;208;3;4m▄[0m[38;2;197;2;3;48;2;139;0;3m▄[0m[38;2;112;1;2;48;2;4;0;0m▄[0m[38;2;226;9;11;48;2;139;0;3m▄[0m[38;2;244;37;40;48;2;232;8;10m▄[0m[38;2;251;106;109;48;2;245;23;25m▄[0m[38;2;251;140;142;48;2;251;105;107m▄[0m[38;2;252;166;167;48;2;251;124;125m▄[0m[38;2;252;146;147;48;2;251;135;137m▄[0m[38;2;251;135;137;48;2;252;161;162m▄[0m[38;2;251;102;104;48;2;252;161;162m▄[0m[38;2;251;102;104;48;2;252;194;195m▄[0m[38;2;251;100;102;48;2;252;215;215m▄[0m[38;2;251;81;83;48;2;251;121;123m▄[0m[38;2;250;71;73;48;2;251;108;110m▄[0m[38;2;248;25;27;48;2;250;74;76m▄[0m[38;2;247;22;24;48;2;249;32;34m▄[0m[38;2;242;13;15;48;2;248;27;29m▄[0m[38;2;238;8;10;48;2;247;23;25m▄[0m[38;2;238;8;10;48;2;242;15;17m▄[0m[38;2;238;8;10;48;2;238;8;10m▄[0m[38;2;238;8;10;48;2;230;7;9m▄[0m[38;2;240;11;13;48;2;173;0;2m▄[0m[38;2;204;4;5;48;2;176;0;2m▄[0m[38;2;180;1;2;48;2;215;5;6m▄[0m[38;2;222;6;8;48;2;231;7;9m▄[0m[38;2;161;3;4;48;2;87;2;2m▄[0m[38;2;29;0;0;48;2;1;0;0m▄[0m[38;2;0;0;0;48;2;0;0;0m▄[0m[38;2;0;0;0;48;2;0;0;0m▄[0m[38;2;0;0;0;48;2;0;0;0m▄[0m[38;2;0;0;0;48;2;0;0;0m▄[0m[38;2;0;0;0;48;2;0;0;0m▄[0m[38;2;0;0;0;48;2;0;0;0m▄[0m[38;2;0;0;0;48;2;0;0;0m▄[0m[38;2;0;0;0;48;2;0;0;0m▄[0m[38;2;0;0;0;48;2;0;0;0m▄[0m[38;2;0;0;0;48;2;0;0;0m▄[0m[38;2;0;0;0;48;2;0;0;0m▄[0m[38;2;0;0;0;48;2;0;0;0m▄[0m[38;2;0;0;0;48;2;0;0;0m▄[0m[38;2;0;0;0;48;2;0;0;0m▄[0m[38;2;0;0;0;48;2;0;0;0m▄[0m[38;2;0;0;0;48;2;0;0;0m▄[0m[38;2;0;0;0;48;2;0;0;0m▄[0m[38;2;0;0;0;48;2;0;0;0m▄[0m[38;2;0;0;0;48;2;0;0;0m▄[0m[38;2;0;0;0;48;2;0;0;0m▄[0m[38;2;0;0;0;48;2;0;0;0m▄[0m[38;2;0;0;0;48;2;0;0;0m▄[0m[38;2;0;0;0;48;2;0;0;0m▄[0m[38;2;0;0;0;48;2;0;0;0m▄[0m[38;2;0;0;0;48;2;0;0;0m▄[0m[38;2;0;0;0;48;2;0;0;0m▄[0m[38;2;0;0;0;48;2;0;0;0m▄[0m[38;2;0;0;0;48;2;0;0;0m▄[0m[0;40m       [0m
[0;40m      [0m[38;2;0;0;0;48;2;0;0;0m▄[0m[38;2;0;0;0;48;2;0;0;0m▄[0m[38;2;0;0;0;48;2;0;0;0m▄[0m[38;2;0;0;0;48;2;0;0;0m▄[0m[38;2;0;0;0;48;2;0;0;0m▄[0m[38;2;0;0;0;48;2;0;0;0m▄[0m[38;2;0;0;0;48;2;0;0;0m▄[0m[38;2;0;0;0;48;2;0;0;0m▄[0m[38;2;0;0;0;48;2;0;0;0m▄[0m[38;2;0;0;0;48;2;0;0;0m▄[0m[38;2;0;0;0;48;2;0;0;0m▄[0m[38;2;0;0;0;48;2;0;0;0m▄[0m[38;2;0;0;0;48;2;0;0;0m▄[0m[38;2;0;0;0;48;2;0;0;0m▄[0m[38;2;0;0;0;48;2;0;0;0m▄[0m[38;2;0;0;0;48;2;0;0;0m▄[0m[38;2;0;0;0;48;2;0;0;0m▄[0m[38;2;0;0;0;48;2;0;0;0m▄[0m[38;2;0;0;0;48;2;0;0;0m▄[0m[38;2;0;0;0;48;2;0;0;0m▄[0m[38;2;0;0;0;48;2;0;0;0m▄[0m[38;2;0;0;0;48;2;0;0;0m▄[0m[38;2;0;0;0;48;2;0;0;0m▄[0m[38;2;0;0;0;48;2;0;0;0m▄[0m[38;2;0;0;0;48;2;0;0;0m▄[0m[38;2;0;0;0;48;2;0;0;0m▄[0m[38;2;0;0;0;48;2;0;0;0m▄[0m[38;2;0;0;0;48;2;0;0;0m▄[0m[38;2;41;0;1;48;2;38;0;1m▄[0m[38;2;163;4;6;48;2;166;5;8m▄[0m[38;2;246;22;24;48;2;246;26;29m▄[0m[38;2;250;58;61;48;2;250;82;84m▄[0m[38;2;251;139;141;48;2;252;153;154m▄[0m[38;2;252;207;207;48;2;252;166;168m▄[0m[38;2;252;250;250;48;2;252;197;198m▄[0m[38;2;251;156;158;48;2;252;188;188m▄[0m[38;2;251;124;126;48;2;252;162;163m▄[0m[38;2;250;90;92;48;2;251;137;139m▄[0m[38;2;250;69;72;48;2;250;94;97m▄[0m[38;2;249;36;39;48;2;250;62;65m▄[0m[38;2;249;42;45;48;2;249;51;54m▄[0m[38;2;248;24;26;48;2;248;29;31m▄[0m[38;2;248;24;26;48;2;248;24;26m▄[0m[38;2;248;24;26;48;2;248;24;26m▄[0m[38;2;247;22;24;48;2;248;24;26m▄[0m[38;2;248;24;26;48;2;248;24;26m▄[0m[38;2;248;24;26;48;2;248;24;26m▄[0m[38;2;248;24;26;48;2;248;24;26m▄[0m[38;2;248;25;27;48;2;248;24;27m▄[0m[38;2;248;24;26;48;2;248;24;26m▄[0m[38;2;248;24;26;48;2;247;23;25m▄[0m[38;2;248;26;28;48;2;246;21;23m▄[0m[38;2;249;35;38;48;2;235;17;18m▄[0m[38;2;250;69;72;48;2;206;9;11m▄[0m[38;2;251;96;100;48;2;247;56;59m▄[0m[38;2;251;102;104;48;2;251;92;96m▄[0m[38;2;251;99;102;48;2;251;122;124m▄[0m[38;2;251;101;104;48;2;251;104;107m▄[0m[38;2;251;85;88;48;2;251;104;107m▄[0m[38;2;250;58;61;48;2;251;95;98m▄[0m[38;2;248;24;26;48;2;250;77;80m▄[0m[38;2;248;24;26;48;2;249;52;54m▄[0m[38;2;248;24;26;48;2;249;49;51m▄[0m[38;2;248;24;26;48;2;249;44;47m▄[0m[38;2;246;20;22;48;2;248;24;26m▄[0m[38;2;243;17;19;48;2;248;23;25m▄[0m[38;2;236;8;10;48;2;243;17;19m▄[0m[38;2;224;5;7;48;2;240;11;13m▄[0m[38;2;209;3;4;48;2;236;8;10m▄[0m[38;2;201;1;2;48;2;226;6;7m▄[0m[38;2;205;2;3;48;2;224;5;7m▄[0m[38;2;238;8;10;48;2;238;8;10m▄[0m[38;2;246;30;32;48;2;239;10;12m▄[0m[38;2;251;183;184;48;2;248;52;55m▄[0m[38;2;243;41;43;48;2;242;24;26m▄[0m[38;2;190;3;5;48;2;194;2;4m▄[0m[38;2;216;5;7;48;2;218;5;7m▄[0m[38;2;182;3;6;48;2;180;3;6m▄[0m[38;2;49;0;1;48;2;41;0;1m▄[0m[38;2;0;0;0;48;2;0;0;0m▄[0m[38;2;0;0;0;48;2;0;0;0m▄[0m[38;2;0;0;0;48;2;0;0;0m▄[0m[38;2;0;0;0;48;2;0;0;0m▄[0m[38;2;0;0;0;48;2;0;0;0m▄[0m[38;2;0;0;0;48;2;0;0;0m▄[0m[38;2;0;0;0;48;2;0;0;0m▄[0m[38;2;0;0;0;48;2;0;0;0m▄[0m[38;2;0;0;0;48;2;0;0;0m▄[0m[38;2;0;0;0;48;2;0;0;0m▄[0m[38;2;0;0;0;48;2;0;0;0m▄[0m[38;2;0;0;0;48;2;0;0;0m▄[0m[38;2;0;0;0;48;2;0;0;0m▄[0m[38;2;0;0;0;48;2;0;0;0m▄[0m[38;2;0;0;0;48;2;0;0;0m▄[0m[38;2;0;0;0;48;2;0;0;0m▄[0m[38;2;0;0;0;48;2;0;0;0m▄[0m[38;2;0;0;0;48;2;0;0;0m▄[0m[38;2;0;0;0;48;2;0;0;0m▄[0m[38;2;0;0;0;48;2;0;0;0m▄[0m[38;2;0;0;0;48;2;0;0;0m▄[0m[38;2;0;0;0;48;2;0;0;0m▄[0m[38;2;0;0;0;48;2;0;0;0m▄[0m[38;2;0;0;0;48;2;0;0;0m▄[0m[38;2;0;0;0;48;2;0;0;0m▄[0m[38;2;0;0;0;48;2;0;0;0m▄[0m[38;2;0;0;0;48;2;0;0;0m▄[0m[38;2;0;0;0;48;2;0;0;0m▄[0m[0;40m       [0m
[0;40m      [0m[38;2;0;0;0;48;2;0;0;0m▄[0m[38;2;0;0;0;48;2;0;0;0m▄[0m[38;2;0;0;0;48;2;0;0;0m▄[0m[38;2;0;0;0;48;2;0;0;0m▄[0m[38;2;0;0;0;48;2;0;0;0m▄[0m[38;2;0;0;0;48;2;0;0;0m▄[0m[38;2;0;0;0;48;2;0;0;0m▄[0m[38;2;0;0;0;48;2;0;0;0m▄[0m[38;2;0;0;0;48;2;0;0;0m▄[0m[38;2;0;0;0;48;2;0;0;0m▄[0m[38;2;0;0;0;48;2;0;0;0m▄[0m[38;2;0;0;0;48;2;0;0;0m▄[0m[38;2;0;0;0;48;2;0;0;0m▄[0m[38;2;0;0;0;48;2;0;0;0m▄[0m[38;2;0;0;0;48;2;0;0;0m▄[0m[38;2;0;0;0;48;2;0;0;0m▄[0m[38;2;0;0;0;48;2;0;0;0m▄[0m[38;2;0;0;0;48;2;0;0;0m▄[0m[38;2;0;0;0;48;2;0;0;0m▄[0m[38;2;0;0;0;48;2;0;0;0m▄[0m[38;2;0;0;0;48;2;0;0;0m▄[0m[38;2;0;0;0;48;2;0;0;0m▄[0m[38;2;0;0;0;48;2;0;0;0m▄[0m[38;2;0;0;0;48;2;0;0;0m▄[0m[38;2;0;0;0;48;2;0;0;0m▄[0m[38;2;0;0;0;48;2;0;0;0m▄[0m[38;2;0;0;0;48;2;0;0;0m▄[0m[38;2;0;0;0;48;2;0;0;0m▄[0m[38;2;39;0;1;48;2;41;0;1m▄[0m[38;2;165;6;8;48;2;161;3;5m▄[0m[38;2;237;14;16;48;2;242;14;16m▄[0m[38;2;229;8;10;48;2;246;37;39m▄[0m[38;2;248;52;55;48;2;251;121;123m▄[0m[38;2;251;152;153;48;2;252;207;208m▄[0m[38;2;251;174;175;48;2;252;248;248m▄[0m[38;2;251;147;148;48;2;251;153;154m▄[0m[38;2;250;53;56;48;2;250;80;83m▄[0m[38;2;249;36;39;48;2;250;71;74m▄[0m[38;2;248;26;29;48;2;250;53;56m▄[0m[38;2;248;24;26;48;2;248;26;28m▄[0m[38;2;248;24;26;48;2;248;24;27m▄[0m[38;2;247;22;24;48;2;248;24;26m▄[0m[38;2;242;15;17;48;2;248;24;26m▄[0m[38;2;240;11;13;48;2;247;23;25m▄[0m[38;2;238;8;10;48;2;241;13;15m▄[0m[38;2;238;8;10;48;2;244;18;20m▄[0m[38;2;239;9;11;48;2;245;20;22m▄[0m[38;2;243;16;18;48;2;248;24;26m▄[0m[38;2;248;24;26;48;2;248;24;26m▄[0m[38;2;248;24;26;48;2;248;24;26m▄[0m[38;2;248;25;27;48;2;248;24;26m▄[0m[38;2;248;24;26;48;2;248;25;27m▄[0m[38;2;248;24;26;48;2;248;24;26m▄[0m[38;2;248;24;26;48;2;249;30;32m▄[0m[38;2;248;24;26;48;2;250;62;65m▄[0m[38;2;249;42;44;48;2;251;96;98m▄[0m[38;2;248;30;33;48;2;250;79;82m▄[0m[38;2;249;33;36;48;2;251;90;93m▄[0m[38;2;248;24;26;48;2;249;44;46m▄[0m[38;2;247;23;25;48;2;248;24;26m▄[0m[38;2;246;20;22;48;2;247;23;25m▄[0m[38;2;245;19;21;48;2;246;21;23m▄[0m[38;2;240;12;14;48;2;248;25;26m▄[0m[38;2;238;8;10;48;2;245;19;21m▄[0m[38;2;238;8;10;48;2;240;11;13m▄[0m[38;2;234;7;9;48;2;238;8;10m▄[0m[38;2;208;2;4;48;2;230;7;8m▄[0m[38;2;201;1;2;48;2;197;1;2m▄[0m[38;2;201;1;2;48;2;201;1;2m▄[0m[38;2;201;1;2;48;2;201;1;2m▄[0m[38;2;203;2;3;48;2;202;1;2m▄[0m[38;2;239;9;11;48;2;238;8;10m▄[0m[38;2;243;51;53;48;2;251;169;170m▄[0m[38;2;241;21;23;48;2;251;136;137m▄[0m[38;2;213;5;6;48;2;241;21;23m▄[0m[38;2;163;1;4;48;2;178;3;6m▄[0m[38;2;207;5;8;48;2;213;7;10m▄[0m[38;2;155;3;4;48;2;175;3;5m▄[0m[38;2;33;0;0;48;2;45;0;1m▄[0m[38;2;0;0;0;48;2;0;0;0m▄[0m[38;2;0;0;0;48;2;0;0;0m▄[0m[38;2;0;0;0;48;2;0;0;0m▄[0m[38;2;0;0;0;48;2;0;0;0m▄[0m[38;2;0;0;0;48;2;0;0;0m▄[0m[38;2;0;0;0;48;2;0;0;0m▄[0m[38;2;0;0;0;48;2;0;0;0m▄[0m[38;2;0;0;0;48;2;0;0;0m▄[0m[38;2;0;0;0;48;2;0;0;0m▄[0m[38;2;0;0;0;48;2;0;0;0m▄[0m[38;2;0;0;0;48;2;0;0;0m▄[0m[38;2;0;0;0;48;2;0;0;0m▄[0m[38;2;0;0;0;48;2;0;0;0m▄[0m[38;2;0;0;0;48;2;0;0;0m▄[0m[38;2;0;0;0;48;2;0;0;0m▄[0m[38;2;0;0;0;48;2;0;0;0m▄[0m[38;2;0;0;0;48;2;0;0;0m▄[0m[38;2;0;0;0;48;2;0;0;0m▄[0m[38;2;0;0;0;48;2;0;0;0m▄[0m[38;2;0;0;0;48;2;0;0;0m▄[0m[38;2;0;0;0;48;2;0;0;0m▄[0m[38;2;0;0;0;48;2;0;0;0m▄[0m[38;2;0;0;0;48;2;0;0;0m▄[0m[38;2;0;0;0;48;2;0;0;0m▄[0m[38;2;0;0;0;48;2;0;0;0m▄[0m[38;2;0;0;0;48;2;0;0;0m▄[0m[38;2;0;0;0;48;2;0;0;0m▄[0m[38;2;0;0;0;48;2;0;0;0m▄[0m[0;40m       [0m
[0;40m      [0m[38;2;0;0;0;48;2;0;0;0m▄[0m[38;2;0;0;0;48;2;0;0;0m▄[0m[38;2;0;0;0;48;2;0;0;0m▄[0m[38;2;0;0;0;48;2;0;0;0m▄[0m[38;2;0;0;0;48;2;0;0;0m▄[0m[38;2;0;0;0;48;2;0;0;0m▄[0m[38;2;0;0;0;48;2;0;0;0m▄[0m[38;2;0;0;0;48;2;0;0;0m▄[0m[38;2;0;0;0;48;2;0;0;0m▄[0m[38;2;0;0;0;48;2;0;0;0m▄[0m[38;2;0;0;0;48;2;0;0;0m▄[0m[38;2;0;0;0;48;2;0;0;0m▄[0m[38;2;0;0;0;48;2;0;0;0m▄[0m[38;2;0;0;0;48;2;0;0;0m▄[0m[38;2;0;0;0;48;2;0;0;0m▄[0m[38;2;0;0;0;48;2;0;0;0m▄[0m[38;2;0;0;0;48;2;0;0;0m▄[0m[38;2;0;0;0;48;2;0;0;0m▄[0m[38;2;0;0;0;48;2;0;0;0m▄[0m[38;2;0;0;0;48;2;0;0;0m▄[0m[38;2;0;0;0;48;2;0;0;0m▄[0m[38;2;0;0;0;48;2;0;0;0m▄[0m[38;2;0;0;0;48;2;0;0;0m▄[0m[38;2;0;0;0;48;2;0;0;0m▄[0m[38;2;0;0;0;48;2;0;0;0m▄[0m[38;2;0;0;0;48;2;0;0;0m▄[0m[38;2;0;0;0;48;2;0;0;0m▄[0m[38;2;0;0;0;48;2;0;0;0m▄[0m[38;2;0;0;0;48;2;9;0;0m▄[0m[38;2;63;0;1;48;2;78;1;2m▄[0m[38;2;178;3;6;48;2;193;3;6m▄[0m[38;2;228;7;9;48;2;235;7;9m▄[0m[38;2;217;6;7;48;2;242;20;22m▄[0m[38;2;242;19;21;48;2;250;75;78m▄[0m[38;2;249;43;46;48;2;251;148;149m▄[0m[38;2;251;103;106;48;2;251;150;151m▄[0m[38;2;251;115;118;48;2;251;116;118m▄[0m[38;2;249;59;61;48;2;249;52;54m▄[0m[38;2;247;24;24;48;2;248;24;26m▄[0m[38;2;246;21;23;48;2;248;24;26m▄[0m[38;2;245;19;21;48;2;248;24;26m▄[0m[38;2;239;10;12;48;2;243;16;18m▄[0m[38;2;237;8;10;48;2;238;8;10m▄[0m[38;2;236;8;10;48;2;238;8;10m▄[0m[38;2;238;8;10;48;2;238;8;10m▄[0m[38;2;238;8;10;48;2;238;8;10m▄[0m[38;2;238;8;10;48;2;238;8;10m▄[0m[38;2;238;8;10;48;2;239;9;11m▄[0m[38;2;238;8;10;48;2;243;15;17m▄[0m[38;2;240;11;13;48;2;248;24;26m▄[0m[38;2;239;9;11;48;2;248;24;27m▄[0m[38;2;245;19;20;48;2;248;24;26m▄[0m[38;2;248;24;26;48;2;248;24;26m▄[0m[38;2;248;24;26;48;2;248;24;26m▄[0m[38;2;248;25;26;48;2;248;24;26m▄[0m[38;2;248;24;26;48;2;248;24;26m▄[0m[38;2;248;24;26;48;2;248;24;26m▄[0m[38;2;246;20;22;48;2;248;24;26m▄[0m[38;2;239;10;12;48;2;248;24;26m▄[0m[38;2;238;8;10;48;2;240;12;14m▄[0m[38;2;238;8;10;48;2;239;9;11m▄[0m[38;2;238;8;10;48;2;240;11;13m▄[0m[38;2;234;7;9;48;2;238;8;10m▄[0m[38;2;221;5;6;48;2;238;8;10m▄[0m[38;2;204;2;3;48;2;226;6;7m▄[0m[38;2;201;1;2;48;2;206;2;3m▄[0m[38;2;181;1;2;48;2;201;1;2m▄[0m[38;2;175;1;3;48;2;181;1;3m▄[0m[38;2;171;1;3;48;2;166;0;3m▄[0m[38;2;144;0;4;48;2;189;1;2m▄[0m[38;2;146;0;4;48;2;189;1;2m▄[0m[38;2;198;1;2;48;2;210;3;4m▄[0m[38;2;202;2;3;48;2;238;8;10m▄[0m[38;2;158;0;3;48;2;215;4;5m▄[0m[38;2;146;0;4;48;2;164;1;3m▄[0m[38;2;209;5;7;48;2;196;4;7m▄[0m[38;2;182;3;5;48;2;190;3;6m▄[0m[38;2;67;0;1;48;2;75;1;2m▄[0m[38;2;0;0;0;48;2;4;0;0m▄[0m[38;2;0;0;0;48;2;0;0;0m▄[0m[38;2;0;0;0;48;2;0;0;0m▄[0m[38;2;0;0;0;48;2;0;0;0m▄[0m[38;2;0;0;0;48;2;0;0;0m▄[0m[38;2;0;0;0;48;2;0;0;0m▄[0m[38;2;0;0;0;48;2;0;0;0m▄[0m[38;2;0;0;0;48;2;0;0;0m▄[0m[38;2;0;0;0;48;2;0;0;0m▄[0m[38;2;0;0;0;48;2;0;0;0m▄[0m[38;2;0;0;0;48;2;0;0;0m▄[0m[38;2;0;0;0;48;2;0;0;0m▄[0m[38;2;0;0;0;48;2;0;0;0m▄[0m[38;2;0;0;0;48;2;0;0;0m▄[0m[38;2;0;0;0;48;2;0;0;0m▄[0m[38;2;0;0;0;48;2;0;0;0m▄[0m[38;2;0;0;0;48;2;0;0;0m▄[0m[38;2;0;0;0;48;2;0;0;0m▄[0m[38;2;0;0;0;48;2;0;0;0m▄[0m[38;2;0;0;0;48;2;0;0;0m▄[0m[38;2;0;0;0;48;2;0;0;0m▄[0m[38;2;0;0;0;48;2;0;0;0m▄[0m[38;2;0;0;0;48;2;0;0;0m▄[0m[38;2;0;0;0;48;2;0;0;0m▄[0m[38;2;0;0;0;48;2;0;0;0m▄[0m[38;2;0;0;0;48;2;0;0;0m▄[0m[38;2;0;0;0;48;2;0;0;0m▄[0m[38;2;0;0;0;48;2;0;0;0m▄[0m[38;2;0;0;0;48;2;0;0;0m▄[0m[0;40m       [0m
[0;40m      [0m[38;2;0;0;0;48;2;0;0;0m▄[0m[38;2;0;0;0;48;2;0;0;0m▄[0m[38;2;0;0;0;48;2;0;0;0m▄[0m[38;2;0;0;0;48;2;0;0;0m▄[0m[38;2;0;0;0;48;2;0;0;0m▄[0m[38;2;0;0;0;48;2;0;0;0m▄[0m[38;2;0;0;0;48;2;0;0;0m▄[0m[38;2;0;0;0;48;2;0;0;0m▄[0m[38;2;0;0;0;48;2;0;0;0m▄[0m[38;2;0;0;0;48;2;0;0;0m▄[0m[38;2;0;0;0;48;2;0;0;0m▄[0m[38;2;0;0;0;48;2;0;0;0m▄[0m[38;2;0;0;0;48;2;0;0;0m▄[0m[38;2;0;0;0;48;2;0;0;0m▄[0m[38;2;0;0;0;48;2;0;0;0m▄[0m[38;2;0;0;0;48;2;0;0;0m▄[0m[38;2;0;0;0;48;2;0;0;0m▄[0m[38;2;0;0;0;48;2;0;0;0m▄[0m[38;2;0;0;0;48;2;0;0;0m▄[0m[38;2;0;0;0;48;2;0;0;0m▄[0m[38;2;0;0;0;48;2;0;0;0m▄[0m[38;2;0;0;0;48;2;0;0;0m▄[0m[38;2;0;0;0;48;2;0;0;0m▄[0m[38;2;0;0;0;48;2;0;0;0m▄[0m[38;2;0;0;0;48;2;0;0;0m▄[0m[38;2;0;0;0;48;2;0;0;0m▄[0m[38;2;0;0;0;48;2;0;0;0m▄[0m[38;2;0;0;0;48;2;0;0;0m▄[0m[38;2;0;0;0;48;2;0;0;0m▄[0m[38;2;0;0;0;48;2;1;0;0m▄[0m[38;2;44;0;1;48;2;61;0;2m▄[0m[38;2;148;2;4;48;2;177;2;5m▄[0m[38;2;219;5;7;48;2;228;6;8m▄[0m[38;2;208;2;4;48;2;202;1;2m▄[0m[38;2;195;1;2;48;2;235;11;12m▄[0m[38;2;225;6;7;48;2;247;29;32m▄[0m[38;2;245;27;29;48;2;249;36;38m▄[0m[38;2;249;50;53;48;2;247;26;27m▄[0m[38;2;245;35;38;48;2;246;22;23m▄[0m[38;2;238;8;10;48;2;245;20;20m▄[0m[38;2;234;7;9;48;2;239;9;11m▄[0m[38;2;215;4;5;48;2;236;8;10m▄[0m[38;2;201;1;2;48;2;220;5;6m▄[0m[38;2;201;1;2;48;2;201;1;2m▄[0m[38;2;201;1;2;48;2;224;5;7m▄[0m[38;2;205;2;3;48;2;235;8;9m▄[0m[38;2;213;3;5;48;2;235;7;9m▄[0m[38;2;231;7;8;48;2;238;8;10m▄[0m[38;2;238;8;10;48;2;238;8;10m▄[0m[38;2;238;8;10;48;2;238;8;10m▄[0m[38;2;238;8;10;48;2;238;8;10m▄[0m[38;2;238;8;10;48;2;238;8;10m▄[0m[38;2;238;8;10;48;2;240;11;13m▄[0m[38;2;238;8;10;48;2;247;26;24m▄[0m[38;2;238;8;10;48;2;247;22;24m▄[0m[38;2;238;8;10;48;2;247;22;24m▄[0m[38;2;238;8;10;48;2;239;9;11m▄[0m[38;2;238;8;10;48;2;238;8;10m▄[0m[38;2;229;6;8;48;2;238;8;10m▄[0m[38;2;228;6;8;48;2;238;8;10m▄[0m[38;2;200;1;3;48;2;233;7;9m▄[0m[38;2;201;1;2;48;2;233;7;9m▄[0m[38;2;201;1;2;48;2;201;1;2m▄[0m[38;2;201;1;2;48;2;201;1;2m▄[0m[38;2;196;1;2;48;2;201;1;2m▄[0m[38;2;185;1;3;48;2;180;1;2m▄[0m[38;2;142;0;4;48;2;181;1;2m▄[0m[38;2;142;0;4;48;2;161;0;3m▄[0m[38;2;142;0;4;48;2;142;0;4m▄[0m[38;2;148;0;4;48;2;142;0;4m▄[0m[38;2;157;0;3;48;2;142;0;4m▄[0m[38;2;184;1;2;48;2;142;0;4m▄[0m[38;2;142;0;4;48;2;142;0;4m▄[0m[38;2;196;2;4;48;2;146;0;4m▄[0m[38;2;216;5;7;48;2;218;6;8m▄[0m[38;2;145;2;4;48;2;179;2;5m▄[0m[38;2;38;0;1;48;2;56;0;1m▄[0m[38;2;0;0;0;48;2;0;0;0m▄[0m[38;2;0;0;0;48;2;0;0;0m▄[0m[38;2;0;0;0;48;2;0;0;0m▄[0m[38;2;0;0;0;48;2;0;0;0m▄[0m[38;2;0;0;0;48;2;0;0;0m▄[0m[38;2;0;0;0;48;2;0;0;0m▄[0m[38;2;0;0;0;48;2;0;0;0m▄[0m[38;2;0;0;0;48;2;0;0;0m▄[0m[38;2;0;0;0;48;2;0;0;0m▄[0m[38;2;0;0;0;48;2;0;0;0m▄[0m[38;2;0;0;0;48;2;0;0;0m▄[0m[38;2;0;0;0;48;2;0;0;0m▄[0m[38;2;0;0;0;48;2;0;0;0m▄[0m[38;2;0;0;0;48;2;0;0;0m▄[0m[38;2;0;0;0;48;2;0;0;0m▄[0m[38;2;0;0;0;48;2;0;0;0m▄[0m[38;2;0;0;0;48;2;0;0;0m▄[0m[38;2;0;0;0;48;2;0;0;0m▄[0m[38;2;0;0;0;48;2;0;0;0m▄[0m[38;2;0;0;0;48;2;0;0;0m▄[0m[38;2;0;0;0;48;2;0;0;0m▄[0m[38;2;0;0;0;48;2;0;0;0m▄[0m[38;2;0;0;0;48;2;0;0;0m▄[0m[38;2;0;0;0;48;2;0;0;0m▄[0m[38;2;0;0;0;48;2;0;0;0m▄[0m[38;2;0;0;0;48;2;0;0;0m▄[0m[38;2;0;0;0;48;2;0;0;0m▄[0m[38;2;0;0;0;48;2;0;0;0m▄[0m[38;2;0;0;0;48;2;0;0;0m▄[0m[38;2;0;0;0;48;2;0;0;0m▄[0m[0;40m       [0m
[0;40m      [0m[38;2;0;0;0;48;2;0;0;0m▄[0m[38;2;0;0;0;48;2;0;0;0m▄[0m[38;2;0;0;0;48;2;0;0;0m▄[0m[38;2;0;0;0;48;2;0;0;0m▄[0m[38;2;0;0;0;48;2;0;0;0m▄[0m[38;2;0;0;0;48;2;0;0;0m▄[0m[38;2;0;0;0;48;2;0;0;0m▄[0m[38;2;0;0;0;48;2;0;0;0m▄[0m[38;2;0;0;0;48;2;0;0;0m▄[0m[38;2;0;0;0;48;2;0;0;0m▄[0m[38;2;0;0;0;48;2;0;0;0m▄[0m[38;2;0;0;0;48;2;0;0;0m▄[0m[38;2;0;0;0;48;2;0;0;0m▄[0m[38;2;0;0;0;48;2;0;0;0m▄[0m[38;2;0;0;0;48;2;0;0;0m▄[0m[38;2;0;0;0;48;2;0;0;0m▄[0m[38;2;0;0;0;48;2;0;0;0m▄[0m[38;2;0;0;0;48;2;0;0;0m▄[0m[38;2;0;0;0;48;2;0;0;0m▄[0m[38;2;0;0;0;48;2;0;0;0m▄[0m[38;2;0;0;0;48;2;0;0;0m▄[0m[38;2;0;0;0;48;2;0;0;0m▄[0m[38;2;0;0;0;48;2;0;0;0m▄[0m[38;2;0;0;0;48;2;0;0;0m▄[0m[38;2;0;0;0;48;2;0;0;0m▄[0m[38;2;0;0;0;48;2;0;0;0m▄[0m[38;2;0;0;0;48;2;0;0;0m▄[0m[38;2;0;0;0;48;2;0;0;0m▄[0m[38;2;0;0;0;48;2;0;0;0m▄[0m[38;2;0;0;0;48;2;0;0;0m▄[0m[38;2;0;0;0;48;2;0;0;0m▄[0m[38;2;16;0;0;48;2;46;0;1m▄[0m[38;2;95;1;2;48;2;177;2;5m▄[0m[38;2;173;3;5;48;2;236;8;10m▄[0m[38;2;225;7;9;48;2;211;4;6m▄[0m[38;2;216;5;7;48;2;190;1;2m▄[0m[38;2;166;1;3;48;2;214;4;5m▄[0m[38;2;164;0;3;48;2;230;51;53m▄[0m[38;2;193;3;5;48;2;240;49;51m▄[0m[38;2;213;4;5;48;2;239;10;12m▄[0m[38;2;204;2;3;48;2;217;4;6m▄[0m[38;2;184;1;2;48;2;201;1;2m▄[0m[38;2;174;1;3;48;2;201;1;2m▄[0m[38;2;181;1;3;48;2;201;1;2m▄[0m[38;2;170;1;3;48;2;201;1;2m▄[0m[38;2;201;1;2;48;2;201;1;2m▄[0m[38;2;201;1;2;48;2;201;1;2m▄[0m[38;2;201;1;2;48;2;204;2;3m▄[0m[38;2;201;1;2;48;2;220;5;6m▄[0m[38;2;201;1;2;48;2;220;5;6m▄[0m[38;2;213;3;5;48;2;238;8;10m▄[0m[38;2;217;4;5;48;2;238;8;10m▄[0m[38;2;238;8;10;48;2;238;8;10m▄[0m[38;2;238;8;10;48;2;238;8;10m▄[0m[38;2;233;7;9;48;2;238;8;10m▄[0m[38;2;215;4;5;48;2;238;8;10m▄[0m[38;2;206;2;3;48;2;229;6;8m▄[0m[38;2;201;1;2;48;2;219;4;6m▄[0m[38;2;201;1;2;48;2;201;1;2m▄[0m[38;2;201;1;2;48;2;201;1;2m▄[0m[38;2;201;1;2;48;2;201;1;2m▄[0m[38;2;198;1;2;48;2;201;1;2m▄[0m[38;2;176;1;3;48;2;197;1;2m▄[0m[38;2;142;0;4;48;2;174;1;3m▄[0m[38;2;142;0;4;48;2;161;0;3m▄[0m[38;2;142;0;4;48;2;142;0;4m▄[0m[38;2;148;0;4;48;2;142;0;4m▄[0m[38;2;172;0;3;48;2;142;0;4m▄[0m[38;2;179;1;3;48;2;163;0;3m▄[0m[38;2;179;1;3;48;2;168;0;3m▄[0m[38;2;144;0;4;48;2;175;1;3m▄[0m[38;2;163;0;3;48;2;160;0;3m▄[0m[38;2;228;7;9;48;2;177;2;5m▄[0m[38;2;177;3;6;48;2;224;6;9m▄[0m[38;2;86;1;2;48;2;169;2;5m▄[0m[38;2;18;0;0;48;2;45;0;1m▄[0m[38;2;0;0;0;48;2;0;0;0m▄[0m[38;2;0;0;0;48;2;0;0;0m▄[0m[38;2;0;0;0;48;2;0;0;0m▄[0m[38;2;0;0;0;48;2;0;0;0m▄[0m[38;2;0;0;0;48;2;0;0;0m▄[0m[38;2;0;0;0;48;2;0;0;0m▄[0m[38;2;0;0;0;48;2;0;0;0m▄[0m[38;2;0;0;0;48;2;0;0;0m▄[0m[38;2;0;0;0;48;2;0;0;0m▄[0m[38;2;0;0;0;48;2;0;0;0m▄[0m[38;2;0;0;0;48;2;0;0;0m▄[0m[38;2;0;0;0;48;2;0;0;0m▄[0m[38;2;0;0;0;48;2;0;0;0m▄[0m[38;2;0;0;0;48;2;0;0;0m▄[0m[38;2;0;0;0;48;2;0;0;0m▄[0m[38;2;0;0;0;48;2;0;0;0m▄[0m[38;2;0;0;0;48;2;0;0;0m▄[0m[38;2;0;0;0;48;2;0;0;0m▄[0m[38;2;0;0;0;48;2;0;0;0m▄[0m[38;2;0;0;0;48;2;0;0;0m▄[0m[38;2;0;0;0;48;2;0;0;0m▄[0m[38;2;0;0;0;48;2;0;0;0m▄[0m[38;2;0;0;0;48;2;0;0;0m▄[0m[38;2;0;0;0;48;2;0;0;0m▄[0m[38;2;0;0;0;48;2;0;0;0m▄[0m[38;2;0;0;0;48;2;0;0;0m▄[0m[38;2;0;0;0;48;2;0;0;0m▄[0m[38;2;0;0;0;48;2;0;0;0m▄[0m[38;2;0;0;0;48;2;0;0;0m▄[0m[38;2;0;0;0;48;2;0;0;0m▄[0m[38;2;0;0;0;48;2;0;0;0m▄[0m[0;40m       [0m
[0;40m      [0m[38;2;0;0;0;48;2;0;0;0m▄[0m[38;2;0;0;0;48;2;0;0;0m▄[0m[38;2;0;0;0;48;2;0;0;0m▄[0m[38;2;0;0;0;48;2;0;0;0m▄[0m[38;2;0;0;0;48;2;0;0;0m▄[0m[38;2;0;0;0;48;2;0;0;0m▄[0m[38;2;0;0;0;48;2;0;0;0m▄[0m[38;2;0;0;0;48;2;0;0;0m▄[0m[38;2;0;0;0;48;2;0;0;0m▄[0m[38;2;0;0;0;48;2;0;0;0m▄[0m[38;2;0;0;0;48;2;0;0;0m▄[0m[38;2;0;0;0;48;2;0;0;0m▄[0m[38;2;0;0;0;48;2;0;0;0m▄[0m[38;2;0;0;0;48;2;0;0;0m▄[0m[38;2;0;0;0;48;2;0;0;0m▄[0m[38;2;0;0;0;48;2;0;0;0m▄[0m[38;2;0;0;0;48;2;0;0;0m▄[0m[38;2;0;0;0;48;2;0;0;0m▄[0m[38;2;0;0;0;48;2;0;0;0m▄[0m[38;2;0;0;0;48;2;0;0;0m▄[0m[38;2;0;0;0;48;2;0;0;0m▄[0m[38;2;0;0;0;48;2;0;0;0m▄[0m[38;2;0;0;0;48;2;0;0;0m▄[0m[38;2;0;0;0;48;2;0;0;0m▄[0m[38;2;0;0;0;48;2;0;0;0m▄[0m[38;2;0;0;0;48;2;0;0;0m▄[0m[38;2;0;0;0;48;2;0;0;0m▄[0m[38;2;0;0;0;48;2;0;0;0m▄[0m[38;2;0;0;0;48;2;0;0;0m▄[0m[38;2;0;0;0;48;2;0;0;0m▄[0m[38;2;0;0;0;48;2;0;0;0m▄[0m[38;2;0;0;0;48;2;0;0;0m▄[0m[38;2;0;0;0;48;2;12;0;0m▄[0m[38;2;0;0;0;48;2;26;0;0m▄[0m[38;2;0;0;0;48;2;121;2;3m▄[0m[38;2;94;0;2;48;2;214;6;7m▄[0m[38;2;203;5;7;48;2;210;5;7m▄[0m[38;2;238;8;10;48;2;171;2;5m▄[0m[38;2;223;6;8;48;2;152;0;4m▄[0m[38;2;180;3;5;48;2;155;0;3m▄[0m[38;2;142;0;4;48;2;152;0;4m▄[0m[38;2;139;0;4;48;2;148;0;4m▄[0m[38;2;138;0;4;48;2;144;0;4m▄[0m[38;2;142;0;4;48;2;154;0;3m▄[0m[38;2;145;0;4;48;2;184;1;2m▄[0m[38;2;146;0;4;48;2;194;1;2m▄[0m[38;2;166;0;3;48;2;201;1;2m▄[0m[38;2;150;0;4;48;2;199;1;2m▄[0m[38;2;201;1;2;48;2;201;1;2m▄[0m[38;2;201;1;2;48;2;201;1;2m▄[0m[38;2;201;1;2;48;2;201;1;2m▄[0m[38;2;201;1;2;48;2;202;1;2m▄[0m[38;2;201;1;2;48;2;211;3;4m▄[0m[38;2;201;1;2;48;2;210;3;4m▄[0m[38;2;201;1;2;48;2;207;2;3m▄[0m[38;2;201;1;2;48;2;201;1;2m▄[0m[38;2;198;1;2;48;2;201;1;2m▄[0m[38;2;165;0;3;48;2;200;1;2m▄[0m[38;2;156;0;3;48;2;201;1;2m▄[0m[38;2;145;0;4;48;2;188;1;2m▄[0m[38;2;138;0;4;48;2;161;0;3m▄[0m[38;2;127;0;3;48;2;158;0;3m▄[0m[38;2;142;0;4;48;2;142;0;4m▄[0m[38;2;151;0;4;48;2;142;0;4m▄[0m[38;2;187;1;2;48;2;144;0;4m▄[0m[38;2;201;1;2;48;2;155;0;3m▄[0m[38;2;201;1;2;48;2;190;1;2m▄[0m[38;2;224;10;11;48;2;198;1;2m▄[0m[38;2;209;8;10;48;2;167;0;3m▄[0m[38;2;198;3;5;48;2;163;1;4m▄[0m[38;2;192;3;5;48;2;175;2;5m▄[0m[38;2;107;0;2;48;2;216;5;7m▄[0m[38;2;0;0;0;48;2;142;1;4m▄[0m[38;2;0;0;0;48;2;33;0;1m▄[0m[38;2;0;0;0;48;2;11;0;0m▄[0m[38;2;0;0;0;48;2;0;0;0m▄[0m[38;2;0;0;0;48;2;0;0;0m▄[0m[38;2;0;0;0;48;2;0;0;0m▄[0m[38;2;0;0;0;48;2;0;0;0m▄[0m[38;2;0;0;0;48;2;0;0;0m▄[0m[38;2;0;0;0;48;2;0;0;0m▄[0m[38;2;0;0;0;48;2;0;0;0m▄[0m[38;2;0;0;0;48;2;0;0;0m▄[0m[38;2;0;0;0;48;2;0;0;0m▄[0m[38;2;0;0;0;48;2;0;0;0m▄[0m[38;2;0;0;0;48;2;0;0;0m▄[0m[38;2;0;0;0;48;2;0;0;0m▄[0m[38;2;0;0;0;48;2;0;0;0m▄[0m[38;2;0;0;0;48;2;0;0;0m▄[0m[38;2;0;0;0;48;2;0;0;0m▄[0m[38;2;0;0;0;48;2;0;0;0m▄[0m[38;2;0;0;0;48;2;0;0;0m▄[0m[38;2;0;0;0;48;2;0;0;0m▄[0m[38;2;0;0;0;48;2;0;0;0m▄[0m[38;2;0;0;0;48;2;0;0;0m▄[0m[38;2;0;0;0;48;2;0;0;0m▄[0m[38;2;0;0;0;48;2;0;0;0m▄[0m[38;2;0;0;0;48;2;0;0;0m▄[0m[38;2;0;0;0;48;2;0;0;0m▄[0m[38;2;0;0;0;48;2;0;0;0m▄[0m[38;2;0;0;0;48;2;0;0;0m▄[0m[38;2;0;0;0;48;2;0;0;0m▄[0m[38;2;0;0;0;48;2;0;0;0m▄[0m[38;2;0;0;0;48;2;0;0;0m▄[0m[38;2;0;0;0;48;2;0;0;0m▄[0m[38;2;0;0;0;48;2;0;0;0m▄[0m[38;2;0;0;0;48;2;0;0;0m▄[0m[0;40m       [0m
[0;40m      [0m[38;2;0;0;0;48;2;0;0;0m▄[0m[38;2;0;0;0;48;2;0;0;0m▄[0m[38;2;0;0;0;48;2;0;0;0m▄[0m[38;2;0;0;0;48;2;0;0;0m▄[0m[38;2;0;0;0;48;2;0;0;0m▄[0m[38;2;0;0;0;48;2;0;0;0m▄[0m[38;2;0;0;0;48;2;0;0;0m▄[0m[38;2;0;0;0;48;2;0;0;0m▄[0m[38;2;0;0;0;48;2;0;0;0m▄[0m[38;2;0;0;0;48;2;0;0;0m▄[0m[38;2;0;0;0;48;2;0;0;0m▄[0m[38;2;0;0;0;48;2;0;0;0m▄[0m[38;2;0;0;0;48;2;0;0;0m▄[0m[38;2;0;0;0;48;2;0;0;0m▄[0m[38;2;0;0;0;48;2;0;0;0m▄[0m[38;2;0;0;0;48;2;0;0;0m▄[0m[38;2;0;0;0;48;2;0;0;0m▄[0m[38;2;0;0;0;48;2;0;0;0m▄[0m[38;2;0;0;0;48;2;0;0;0m▄[0m[38;2;0;0;0;48;2;0;0;0m▄[0m[38;2;0;0;0;48;2;0;0;0m▄[0m[38;2;0;0;0;48;2;0;0;0m▄[0m[38;2;0;0;0;48;2;0;0;0m▄[0m[38;2;0;0;0;48;2;0;0;0m▄[0m[38;2;0;0;0;48;2;0;0;0m▄[0m[38;2;0;0;0;48;2;0;0;0m▄[0m[38;2;0;0;0;48;2;0;0;0m▄[0m[38;2;0;0;0;48;2;0;0;0m▄[0m[38;2;0;0;0;48;2;0;0;0m▄[0m[38;2;0;0;0;48;2;0;0;0m▄[0m[38;2;0;0;0;48;2;0;0;0m▄[0m[38;2;0;0;0;48;2;0;0;0m▄[0m[38;2;0;0;0;48;2;0;0;0m▄[0m[38;2;0;0;0;48;2;0;0;0m▄[0m[38;2;0;0;0;48;2;0;0;0m▄[0m[38;2;0;0;0;48;2;7;0;0m▄[0m[38;2;0;0;0;48;2;39;1;0m▄[0m[38;2;2;0;0;48;2;119;1;2m▄[0m[38;2;70;0;2;48;2;194;4;6m▄[0m[38;2;168;2;5;48;2;234;7;9m▄[0m[38;2;227;7;9;48;2;202;3;5m▄[0m[38;2;217;5;7;48;2;163;0;3m▄[0m[38;2;180;1;3;48;2;154;0;3m▄[0m[38;2;154;0;4;48;2;162;0;3m▄[0m[38;2;167;0;3;48;2;116;0;2m▄[0m[38;2;125;0;3;48;2;114;0;2m▄[0m[38;2;112;0;2;48;2;119;0;2m▄[0m[38;2;115;0;2;48;2;133;0;3m▄[0m[38;2;139;0;4;48;2;146;0;4m▄[0m[38;2;139;0;4;48;2;149;0;4m▄[0m[38;2;144;0;4;48;2;181;0;2m▄[0m[38;2;143;0;4;48;2;199;1;2m▄[0m[38;2;149;0;4;48;2;199;1;2m▄[0m[38;2;194;1;2;48;2;201;1;2m▄[0m[38;2;163;0;3;48;2;200;1;2m▄[0m[38;2;142;0;4;48;2;178;0;2m▄[0m[38;2;140;0;4;48;2;146;0;4m▄[0m[38;2;121;0;3;48;2;142;0;4m▄[0m[38;2;116;0;2;48;2;139;0;4m▄[0m[38;2;113;0;2;48;2;114;0;2m▄[0m[38;2;128;0;3;48;2;113;0;2m▄[0m[38;2;165;0;3;48;2;121;0;3m▄[0m[38;2;200;1;2;48;2;158;0;3m▄[0m[38;2;206;2;3;48;2;197;1;2m▄[0m[38;2;222;7;9;48;2;201;1;2m▄[0m[38;2;240;12;14;48;2;206;2;3m▄[0m[38;2;230;11;13;48;2;242;15;17m▄[0m[38;2;180;3;5;48;2;246;22;24m▄[0m[38;2;77;0;2;48;2;209;8;10m▄[0m[38;2;2;0;0;48;2;104;0;1m▄[0m[38;2;0;0;0;48;2;3;0;0m▄[0m[38;2;0;0;0;48;2;9;0;0m▄[0m[38;2;0;0;0;48;2;0;0;0m▄[0m[38;2;0;0;0;48;2;0;0;0m▄[0m[38;2;0;0;0;48;2;0;0;0m▄[0m[38;2;0;0;0;48;2;0;0;0m▄[0m[38;2;0;0;0;48;2;0;0;0m▄[0m[38;2;0;0;0;48;2;0;0;0m▄[0m[38;2;0;0;0;48;2;0;0;0m▄[0m[38;2;0;0;0;48;2;0;0;0m▄[0m[38;2;0;0;0;48;2;0;0;0m▄[0m[38;2;0;0;0;48;2;0;0;0m▄[0m[38;2;0;0;0;48;2;0;0;0m▄[0m[38;2;0;0;0;48;2;0;0;0m▄[0m[38;2;0;0;0;48;2;0;0;0m▄[0m[38;2;0;0;0;48;2;0;0;0m▄[0m[38;2;0;0;0;48;2;0;0;0m▄[0m[38;2;0;0;0;48;2;0;0;0m▄[0m[38;2;0;0;0;48;2;0;0;0m▄[0m[38;2;0;0;0;48;2;0;0;0m▄[0m[38;2;0;0;0;48;2;0;0;0m▄[0m[38;2;0;0;0;48;2;0;0;0m▄[0m[38;2;0;0;0;48;2;0;0;0m▄[0m[38;2;0;0;0;48;2;0;0;0m▄[0m[38;2;0;0;0;48;2;0;0;0m▄[0m[38;2;0;0;0;48;2;0;0;0m▄[0m[38;2;0;0;0;48;2;0;0;0m▄[0m[38;2;0;0;0;48;2;0;0;0m▄[0m[38;2;0;0;0;48;2;0;0;0m▄[0m[38;2;0;0;0;48;2;0;0;0m▄[0m[38;2;0;0;0;48;2;0;0;0m▄[0m[38;2;0;0;0;48;2;0;0;0m▄[0m[38;2;0;0;0;48;2;0;0;0m▄[0m[38;2;0;0;0;48;2;0;0;0m▄[0m[38;2;0;0;0;48;2;0;0;0m▄[0m[38;2;0;0;0;48;2;0;0;0m▄[0m[38;2;0;0;0;48;2;0;0;0m▄[0m[0;40m       [0m
[0;40m      [0m[38;2;0;0;0;48;2;0;0;0m▄[0m[38;2;0;0;0;48;2;0;0;0m▄[0m[38;2;0;0;0;48;2;0;0;0m▄[0m[38;2;0;0;0;48;2;0;0;0m▄[0m[38;2;0;0;0;48;2;0;0;0m▄[0m[38;2;0;0;0;48;2;0;0;0m▄[0m[38;2;0;0;0;48;2;0;0;0m▄[0m[38;2;0;0;0;48;2;0;0;0m▄[0m[38;2;0;0;0;48;2;0;0;0m▄[0m[38;2;0;0;0;48;2;0;0;0m▄[0m[38;2;0;0;0;48;2;0;0;0m▄[0m[38;2;0;0;0;48;2;0;0;0m▄[0m[38;2;0;0;0;48;2;0;0;0m▄[0m[38;2;0;0;0;48;2;0;0;0m▄[0m[38;2;0;0;0;48;2;0;0;0m▄[0m[38;2;0;0;0;48;2;0;0;0m▄[0m[38;2;0;0;0;48;2;0;0;0m▄[0m[38;2;0;0;0;48;2;0;0;0m▄[0m[38;2;0;0;0;48;2;0;0;0m▄[0m[38;2;0;0;0;48;2;0;0;0m▄[0m[38;2;0;0;0;48;2;0;0;0m▄[0m[38;2;0;0;0;48;2;0;0;0m▄[0m[38;2;0;0;0;48;2;0;0;0m▄[0m[38;2;0;0;0;48;2;0;0;0m▄[0m[38;2;0;0;0;48;2;0;0;0m▄[0m[38;2;0;0;0;48;2;0;0;0m▄[0m[38;2;0;0;0;48;2;0;0;0m▄[0m[38;2;0;0;0;48;2;0;0;0m▄[0m[38;2;0;0;0;48;2;0;0;0m▄[0m[38;2;0;0;0;48;2;0;0;0m▄[0m[38;2;0;0;0;48;2;0;0;0m▄[0m[38;2;0;0;0;48;2;0;0;0m▄[0m[38;2;0;0;0;48;2;0;0;0m▄[0m[38;2;0;0;0;48;2;0;0;0m▄[0m[38;2;0;0;0;48;2;0;0;0m▄[0m[38;2;0;0;0;48;2;0;0;0m▄[0m[38;2;0;0;0;48;2;0;0;0m▄[0m[38;2;0;0;0;48;2;0;0;0m▄[0m[38;2;0;0;0;48;2;0;0;0m▄[0m[38;2;0;0;0;48;2;42;0;1m▄[0m[38;2;33;0;0;48;2;134;1;3m▄[0m[38;2;85;0;2;48;2;203;5;7m▄[0m[38;2;155;3;5;48;2;227;7;9m▄[0m[38;2;215;5;8;48;2;231;7;9m▄[0m[38;2;229;7;9;48;2;159;1;4m▄[0m[38;2;155;2;4;48;2;158;0;3m▄[0m[38;2;150;0;3;48;2;120;0;2m▄[0m[38;2;154;0;3;48;2;123;0;2m▄[0m[38;2;130;0;2;48;2;112;0;2m▄[0m[38;2;112;0;2;48;2;113;0;2m▄[0m[38;2;112;0;2;48;2;132;0;3m▄[0m[38;2;112;0;2;48;2;135;0;4m▄[0m[38;2;112;0;2;48;2;135;0;4m▄[0m[38;2;131;0;3;48;2;142;0;4m▄[0m[38;2;115;0;2;48;2;136;0;4m▄[0m[38;2;112;0;2;48;2;134;0;4m▄[0m[38;2;113;0;2;48;2;120;0;3m▄[0m[38;2;125;0;3;48;2;112;0;2m▄[0m[38;2;142;0;4;48;2;120;0;3m▄[0m[38;2;153;1;4;48;2;129;0;3m▄[0m[38;2;181;2;5;48;2;158;0;3m▄[0m[38;2;209;5;7;48;2;198;1;3m▄[0m[38;2;235;10;12;48;2;216;4;5m▄[0m[38;2;212;5;8;48;2;246;20;22m▄[0m[38;2;161;3;5;48;2;229;11;13m▄[0m[38;2;97;0;2;48;2;208;5;7m▄[0m[38;2;0;0;0;48;2;98;0;2m▄[0m[38;2;0;0;0;48;2;49;0;1m▄[0m[38;2;0;0;0;48;2;0;0;0m▄[0m[38;2;0;0;0;48;2;0;0;0m▄[0m[38;2;0;0;0;48;2;0;0;0m▄[0m[38;2;0;0;0;48;2;0;0;0m▄[0m[38;2;0;0;0;48;2;0;0;0m▄[0m[38;2;0;0;0;48;2;0;0;0m▄[0m[38;2;0;0;0;48;2;0;0;0m▄[0m[38;2;0;0;0;48;2;0;0;0m▄[0m[38;2;0;0;0;48;2;0;0;0m▄[0m[38;2;0;0;0;48;2;0;0;0m▄[0m[38;2;0;0;0;48;2;0;0;0m▄[0m[38;2;0;0;0;48;2;0;0;0m▄[0m[38;2;0;0;0;48;2;0;0;0m▄[0m[38;2;0;0;0;48;2;0;0;0m▄[0m[38;2;0;0;0;48;2;0;0;0m▄[0m[38;2;0;0;0;48;2;0;0;0m▄[0m[38;2;0;0;0;48;2;0;0;0m▄[0m[38;2;0;0;0;48;2;0;0;0m▄[0m[38;2;0;0;0;48;2;0;0;0m▄[0m[38;2;0;0;0;48;2;0;0;0m▄[0m[38;2;0;0;0;48;2;0;0;0m▄[0m[38;2;0;0;0;48;2;0;0;0m▄[0m[38;2;0;0;0;48;2;0;0;0m▄[0m[38;2;0;0;0;48;2;0;0;0m▄[0m[38;2;0;0;0;48;2;0;0;0m▄[0m[38;2;0;0;0;48;2;0;0;0m▄[0m[38;2;0;0;0;48;2;0;0;0m▄[0m[38;2;0;0;0;48;2;0;0;0m▄[0m[38;2;0;0;0;48;2;0;0;0m▄[0m[38;2;0;0;0;48;2;0;0;0m▄[0m[38;2;0;0;0;48;2;0;0;0m▄[0m[38;2;0;0;0;48;2;0;0;0m▄[0m[38;2;0;0;0;48;2;0;0;0m▄[0m[38;2;0;0;0;48;2;0;0;0m▄[0m[38;2;0;0;0;48;2;0;0;0m▄[0m[38;2;0;0;0;48;2;0;0;0m▄[0m[38;2;0;0;0;48;2;0;0;0m▄[0m[38;2;0;0;0;48;2;0;0;0m▄[0m[38;2;0;0;0;48;2;0;0;0m▄[0m[0;40m       [0m
[0;40m      [0m[38;2;0;0;0;48;2;0;0;0m▄[0m[38;2;0;0;0;48;2;0;0;0m▄[0m[38;2;0;0;0;48;2;0;0;0m▄[0m[38;2;0;0;0;48;2;0;0;0m▄[0m[38;2;0;0;0;48;2;0;0;0m▄[0m[38;2;0;0;0;48;2;0;0;0m▄[0m[38;2;0;0;0;48;2;0;0;0m▄[0m[38;2;0;0;0;48;2;0;0;0m▄[0m[38;2;0;0;0;48;2;0;0;0m▄[0m[38;2;0;0;0;48;2;0;0;0m▄[0m[38;2;0;0;0;48;2;0;0;0m▄[0m[38;2;0;0;0;48;2;0;0;0m▄[0m[38;2;0;0;0;48;2;0;0;0m▄[0m[38;2;0;0;0;48;2;0;0;0m▄[0m[38;2;0;0;0;48;2;0;0;0m▄[0m[38;2;0;0;0;48;2;0;0;0m▄[0m[38;2;0;0;0;48;2;0;0;0m▄[0m[38;2;0;0;0;48;2;0;0;0m▄[0m[38;2;0;0;0;48;2;0;0;0m▄[0m[38;2;0;0;0;48;2;0;0;0m▄[0m[38;2;0;0;0;48;2;0;0;0m▄[0m[38;2;0;0;0;48;2;0;0;0m▄[0m[38;2;0;0;0;48;2;0;0;0m▄[0m[38;2;0;0;0;48;2;0;0;0m▄[0m[38;2;0;0;0;48;2;0;0;0m▄[0m[38;2;0;0;0;48;2;0;0;0m▄[0m[38;2;0;0;0;48;2;0;0;0m▄[0m[38;2;0;0;0;48;2;0;0;0m▄[0m[38;2;0;0;0;48;2;0;0;0m▄[0m[38;2;0;0;0;48;2;0;0;0m▄[0m[38;2;0;0;0;48;2;0;0;0m▄[0m[38;2;0;0;0;48;2;0;0;0m▄[0m[38;2;0;0;0;48;2;0;0;0m▄[0m[38;2;0;0;0;48;2;0;0;0m▄[0m[38;2;0;0;0;48;2;0;0;0m▄[0m[38;2;0;0;0;48;2;0;0;0m▄[0m[38;2;0;0;0;48;2;0;0;0m▄[0m[38;2;0;0;0;48;2;0;0;0m▄[0m[38;2;0;0;0;48;2;0;0;0m▄[0m[38;2;0;0;0;48;2;0;0;0m▄[0m[38;2;0;0;0;48;2;0;0;0m▄[0m[38;2;0;0;0;48;2;0;0;0m▄[0m[38;2;0;0;0;48;2;40;0;1m▄[0m[38;2;1;0;0;48;2;96;0;2m▄[0m[38;2;35;0;0;48;2;189;4;6m▄[0m[38;2;160;2;4;48;2;236;8;10m▄[0m[38;2;191;4;6;48;2;203;4;6m▄[0m[38;2;234;7;9;48;2;163;2;4m▄[0m[38;2;194;4;6;48;2;162;0;3m▄[0m[38;2;134;0;3;48;2;149;0;3m▄[0m[38;2;158;0;3;48;2;112;0;2m▄[0m[38;2;137;0;2;48;2;112;0;2m▄[0m[38;2;112;0;2;48;2;112;0;2m▄[0m[38;2;112;0;2;48;2;112;0;2m▄[0m[38;2;112;0;2;48;2;112;0;2m▄[0m[38;2;130;0;3;48;2;112;0;2m▄[0m[38;2;142;0;4;48;2;127;0;3m▄[0m[38;2;148;0;4;48;2;144;0;4m▄[0m[38;2;231;7;9;48;2;174;2;5m▄[0m[38;2;226;6;8;48;2;189;3;5m▄[0m[38;2;188;3;5;48;2;238;8;10m▄[0m[38;2;125;1;3;48;2;223;8;10m▄[0m[38;2;38;0;1;48;2;177;4;6m▄[0m[38;2;0;0;0;48;2;87;0;2m▄[0m[38;2;0;0;0;48;2;48;0;1m▄[0m[38;2;0;0;0;48;2;0;0;0m▄[0m[38;2;0;0;0;48;2;0;0;0m▄[0m[38;2;0;0;0;48;2;0;0;0m▄[0m[38;2;0;0;0;48;2;0;0;0m▄[0m[38;2;0;0;0;48;2;0;0;0m▄[0m[38;2;0;0;0;48;2;0;0;0m▄[0m[38;2;0;0;0;48;2;0;0;0m▄[0m[38;2;0;0;0;48;2;0;0;0m▄[0m[38;2;0;0;0;48;2;0;0;0m▄[0m[38;2;0;0;0;48;2;0;0;0m▄[0m[38;2;0;0;0;48;2;0;0;0m▄[0m[38;2;0;0;0;48;2;0;0;0m▄[0m[38;2;0;0;0;48;2;0;0;0m▄[0m[38;2;0;0;0;48;2;0;0;0m▄[0m[38;2;0;0;0;48;2;0;0;0m▄[0m[38;2;0;0;0;48;2;0;0;0m▄[0m[38;2;0;0;0;48;2;0;0;0m▄[0m[38;2;0;0;0;48;2;0;0;0m▄[0m[38;2;0;0;0;48;2;0;0;0m▄[0m[38;2;0;0;0;48;2;0;0;0m▄[0m[38;2;0;0;0;48;2;0;0;0m▄[0m[38;2;0;0;0;48;2;0;0;0m▄[0m[38;2;0;0;0;48;2;0;0;0m▄[0m[38;2;0;0;0;48;2;0;0;0m▄[0m[38;2;0;0;0;48;2;0;0;0m▄[0m[38;2;0;0;0;48;2;0;0;0m▄[0m[38;2;0;0;0;48;2;0;0;0m▄[0m[38;2;0;0;0;48;2;0;0;0m▄[0m[38;2;0;0;0;48;2;0;0;0m▄[0m[38;2;0;0;0;48;2;0;0;0m▄[0m[38;2;0;0;0;48;2;0;0;0m▄[0m[38;2;0;0;0;48;2;0;0;0m▄[0m[38;2;0;0;0;48;2;0;0;0m▄[0m[38;2;0;0;0;48;2;0;0;0m▄[0m[38;2;0;0;0;48;2;0;0;0m▄[0m[38;2;0;0;0;48;2;0;0;0m▄[0m[38;2;0;0;0;48;2;0;0;0m▄[0m[38;2;0;0;0;48;2;0;0;0m▄[0m[38;2;0;0;0;48;2;0;0;0m▄[0m[38;2;0;0;0;48;2;0;0;0m▄[0m[38;2;0;0;0;48;2;0;0;0m▄[0m[38;2;0;0;0;48;2;0;0;0m▄[0m[0;40m       [0m
[0;40m      [0m[38;2;0;0;0;48;2;0;0;0m▄[0m[38;2;0;0;0;48;2;0;0;0m▄[0m[38;2;0;0;0;48;2;0;0;0m▄[0m[38;2;0;0;0;48;2;0;0;0m▄[0m[38;2;0;0;0;48;2;0;0;0m▄[0m[38;2;0;0;0;48;2;0;0;0m▄[0m[38;2;0;0;0;48;2;0;0;0m▄[0m[38;2;0;0;0;48;2;0;0;0m▄[0m[38;2;0;0;0;48;2;0;0;0m▄[0m[38;2;0;0;0;48;2;0;0;0m▄[0m[38;2;0;0;0;48;2;0;0;0m▄[0m[38;2;0;0;0;48;2;0;0;0m▄[0m[38;2;0;0;0;48;2;0;0;0m▄[0m[38;2;0;0;0;48;2;0;0;0m▄[0m[38;2;0;0;0;48;2;0;0;0m▄[0m[38;2;0;0;0;48;2;0;0;0m▄[0m[38;2;0;0;0;48;2;0;0;0m▄[0m[38;2;0;0;0;48;2;0;0;0m▄[0m[38;2;0;0;0;48;2;0;0;0m▄[0m[38;2;0;0;0;48;2;0;0;0m▄[0m[38;2;0;0;0;48;2;0;0;0m▄[0m[38;2;0;0;0;48;2;0;0;0m▄[0m[38;2;0;0;0;48;2;0;0;0m▄[0m[38;2;0;0;0;48;2;0;0;0m▄[0m[38;2;0;0;0;48;2;0;0;0m▄[0m[38;2;0;0;0;48;2;0;0;0m▄[0m[38;2;0;0;0;48;2;0;0;0m▄[0m[38;2;0;0;0;48;2;0;0;0m▄[0m[38;2;0;0;0;48;2;0;0;0m▄[0m[38;2;0;0;0;48;2;0;0;0m▄[0m[38;2;0;0;0;48;2;0;0;0m▄[0m[38;2;0;0;0;48;2;0;0;0m▄[0m[38;2;0;0;0;48;2;0;0;0m▄[0m[38;2;0;0;0;48;2;0;0;0m▄[0m[38;2;0;0;0;48;2;0;0;0m▄[0m[38;2;0;0;0;48;2;0;0;0m▄[0m[38;2;0;0;0;48;2;0;0;0m▄[0m[38;2;0;0;0;48;2;0;0;0m▄[0m[38;2;0;0;0;48;2;0;0;0m▄[0m[38;2;0;0;0;48;2;0;0;0m▄[0m[38;2;0;0;0;48;2;0;0;0m▄[0m[38;2;0;0;0;48;2;0;0;0m▄[0m[38;2;0;0;0;48;2;0;0;0m▄[0m[38;2;0;0;0;48;2;0;0;0m▄[0m[38;2;0;0;0;48;2;2;0;0m▄[0m[38;2;0;0;0;48;2;44;0;1m▄[0m[38;2;9;0;0;48;2;73;0;1m▄[0m[38;2;46;0;1;48;2;175;2;5m▄[0m[38;2;95;1;2;48;2;198;3;4m▄[0m[38;2;183;3;5;48;2;206;5;7m▄[0m[38;2;196;2;3;48;2;156;0;3m▄[0m[38;2;182;3;6;48;2;139;0;3m▄[0m[38;2;142;0;3;48;2;138;0;3m▄[0m[38;2;112;0;2;48;2;112;0;2m▄[0m[38;2;130;0;3;48;2;112;0;2m▄[0m[38;2;185;3;6;48;2;123;0;3m▄[0m[38;2;213;5;7;48;2;165;1;4m▄[0m[38;2;181;3;6;48;2;209;5;7m▄[0m[38;2;62;0;1;48;2;190;3;5m▄[0m[38;2;39;0;1;48;2;144;2;4m▄[0m[38;2;0;0;0;48;2;62;0;1m▄[0m[38;2;0;0;0;48;2;30;0;0m▄[0m[38;2;0;0;0;48;2;0;0;0m▄[0m[38;2;0;0;0;48;2;0;0;0m▄[0m[38;2;0;0;0;48;2;0;0;0m▄[0m[38;2;0;0;0;48;2;0;0;0m▄[0m[38;2;0;0;0;48;2;0;0;0m▄[0m[38;2;0;0;0;48;2;0;0;0m▄[0m[38;2;0;0;0;48;2;0;0;0m▄[0m[38;2;0;0;0;48;2;0;0;0m▄[0m[38;2;0;0;0;48;2;0;0;0m▄[0m[38;2;0;0;0;48;2;0;0;0m▄[0m[38;2;0;0;0;48;2;0;0;0m▄[0m[38;2;0;0;0;48;2;0;0;0m▄[0m[38;2;0;0;0;48;2;0;0;0m▄[0m[38;2;0;0;0;48;2;0;0;0m▄[0m[38;2;0;0;0;48;2;0;0;0m▄[0m[38;2;0;0;0;48;2;0;0;0m▄[0m[38;2;0;0;0;48;2;0;0;0m▄[0m[38;2;0;0;0;48;2;0;0;0m▄[0m[38;2;0;0;0;48;2;0;0;0m▄[0m[38;2;0;0;0;48;2;0;0;0m▄[0m[38;2;0;0;0;48;2;0;0;0m▄[0m[38;2;0;0;0;48;2;0;0;0m▄[0m[38;2;0;0;0;48;2;0;0;0m▄[0m[38;2;0;0;0;48;2;0;0;0m▄[0m[38;2;0;0;0;48;2;0;0;0m▄[0m[38;2;0;0;0;48;2;0;0;0m▄[0m[38;2;0;0;0;48;2;0;0;0m▄[0m[38;2;0;0;0;48;2;0;0;0m▄[0m[38;2;0;0;0;48;2;0;0;0m▄[0m[38;2;0;0;0;48;2;0;0;0m▄[0m[38;2;0;0;0;48;2;0;0;0m▄[0m[38;2;0;0;0;48;2;0;0;0m▄[0m[38;2;0;0;0;48;2;0;0;0m▄[0m[38;2;0;0;0;48;2;0;0;0m▄[0m[38;2;0;0;0;48;2;0;0;0m▄[0m[38;2;0;0;0;48;2;0;0;0m▄[0m[38;2;0;0;0;48;2;0;0;0m▄[0m[38;2;0;0;0;48;2;0;0;0m▄[0m[38;2;0;0;0;48;2;0;0;0m▄[0m[38;2;0;0;0;48;2;0;0;0m▄[0m[38;2;0;0;0;48;2;0;0;0m▄[0m[38;2;0;0;0;48;2;0;0;0m▄[0m[38;2;0;0;0;48;2;0;0;0m▄[0m[38;2;0;0;0;48;2;0;0;0m▄[0m[38;2;0;0;0;48;2;0;0;0m▄[0m[0;40m       [0m
[0;40m      [0m[38;2;0;0;0;48;2;0;0;0m▄[0m[38;2;0;0;0;48;2;0;0;0m▄[0m[38;2;0;0;0;48;2;0;0;0m▄[0m[38;2;0;0;0;48;2;0;0;0m▄[0m[38;2;0;0;0;48;2;0;0;0m▄[0m[38;2;0;0;0;48;2;0;0;0m▄[0m[38;2;0;0;0;48;2;0;0;0m▄[0m[38;2;0;0;0;48;2;0;0;0m▄[0m[38;2;0;0;0;48;2;0;0;0m▄[0m[38;2;0;0;0;48;2;0;0;0m▄[0m[38;2;0;0;0;48;2;0;0;0m▄[0m[38;2;0;0;0;48;2;0;0;0m▄[0m[38;2;0;0;0;48;2;0;0;0m▄[0m[38;2;0;0;0;48;2;0;0;0m▄[0m[38;2;0;0;0;48;2;0;0;0m▄[0m[38;2;0;0;0;48;2;0;0;0m▄[0m[38;2;0;0;0;48;2;0;0;0m▄[0m[38;2;0;0;0;48;2;0;0;0m▄[0m[38;2;0;0;0;48;2;0;0;0m▄[0m[38;2;0;0;0;48;2;0;0;0m▄[0m[38;2;0;0;0;48;2;0;0;0m▄[0m[38;2;0;0;0;48;2;0;0;0m▄[0m[38;2;0;0;0;48;2;0;0;0m▄[0m[38;2;0;0;0;48;2;0;0;0m▄[0m[38;2;0;0;0;48;2;0;0;0m▄[0m[38;2;0;0;0;48;2;0;0;0m▄[0m[38;2;0;0;0;48;2;0;0;0m▄[0m[38;2;0;0;0;48;2;0;0;0m▄[0m[38;2;0;0;0;48;2;0;0;0m▄[0m[38;2;0;0;0;48;2;0;0;0m▄[0m[38;2;0;0;0;48;2;0;0;0m▄[0m[38;2;0;0;0;48;2;0;0;0m▄[0m[38;2;0;0;0;48;2;0;0;0m▄[0m[38;2;0;0;0;48;2;0;0;0m▄[0m[38;2;0;0;0;48;2;0;0;0m▄[0m[38;2;0;0;0;48;2;0;0;0m▄[0m[38;2;0;0;0;48;2;0;0;0m▄[0m[38;2;0;0;0;48;2;0;0;0m▄[0m[38;2;0;0;0;48;2;0;0;0m▄[0m[38;2;0;0;0;48;2;0;0;0m▄[0m[38;2;0;0;0;48;2;0;0;0m▄[0m[38;2;0;0;0;48;2;0;0;0m▄[0m[38;2;0;0;0;48;2;0;0;0m▄[0m[38;2;0;0;0;48;2;0;0;0m▄[0m[38;2;0;0;0;48;2;0;0;0m▄[0m[38;2;0;0;0;48;2;0;0;0m▄[0m[38;2;0;0;0;48;2;0;0;0m▄[0m[38;2;0;0;0;48;2;0;0;0m▄[0m[38;2;0;0;0;48;2;9;0;0m▄[0m[38;2;0;0;0;48;2;40;0;1m▄[0m[38;2;3;0;0;48;2;116;1;2m▄[0m[38;2;76;0;1;48;2;195;3;6m▄[0m[38;2;174;2;5;48;2;194;4;6m▄[0m[38;2;232;7;9;48;2;140;0;4m▄[0m[38;2;157;1;4;48;2;212;5;7m▄[0m[38;2;74;0;1;48;2;196;3;5m▄[0m[38;2;8;0;0;48;2;134;1;3m▄[0m[38;2;0;0;0;48;2;27;0;0m▄[0m[38;2;0;0;0;48;2;2;0;0m▄[0m[38;2;0;0;0;48;2;0;0;0m▄[0m[38;2;0;0;0;48;2;0;0;0m▄[0m[38;2;0;0;0;48;2;0;0;0m▄[0m[38;2;0;0;0;48;2;0;0;0m▄[0m[38;2;0;0;0;48;2;0;0;0m▄[0m[38;2;0;0;0;48;2;0;0;0m▄[0m[38;2;0;0;0;48;2;0;0;0m▄[0m[38;2;0;0;0;48;2;0;0;0m▄[0m[38;2;0;0;0;48;2;0;0;0m▄[0m[38;2;0;0;0;48;2;0;0;0m▄[0m[38;2;0;0;0;48;2;0;0;0m▄[0m[38;2;0;0;0;48;2;0;0;0m▄[0m[38;2;0;0;0;48;2;0;0;0m▄[0m[38;2;0;0;0;48;2;0;0;0m▄[0m[38;2;0;0;0;48;2;0;0;0m▄[0m[38;2;0;0;0;48;2;0;0;0m▄[0m[38;2;0;0;0;48;2;0;0;0m▄[0m[38;2;0;0;0;48;2;0;0;0m▄[0m[38;2;0;0;0;48;2;0;0;0m▄[0m[38;2;0;0;0;48;2;0;0;0m▄[0m[38;2;0;0;0;48;2;0;0;0m▄[0m[38;2;0;0;0;48;2;0;0;0m▄[0m[38;2;0;0;0;48;2;0;0;0m▄[0m[38;2;0;0;0;48;2;0;0;0m▄[0m[38;2;0;0;0;48;2;0;0;0m▄[0m[38;2;0;0;0;48;2;0;0;0m▄[0m[38;2;0;0;0;48;2;0;0;0m▄[0m[38;2;0;0;0;48;2;0;0;0m▄[0m[38;2;0;0;0;48;2;0;0;0m▄[0m[38;2;0;0;0;48;2;0;0;0m▄[0m[38;2;0;0;0;48;2;0;0;0m▄[0m[38;2;0;0;0;48;2;0;0;0m▄[0m[38;2;0;0;0;48;2;0;0;0m▄[0m[38;2;0;0;0;48;2;0;0;0m▄[0m[38;2;0;0;0;48;2;0;0;0m▄[0m[38;2;0;0;0;48;2;0;0;0m▄[0m[38;2;0;0;0;48;2;0;0;0m▄[0m[38;2;0;0;0;48;2;0;0;0m▄[0m[38;2;0;0;0;48;2;0;0;0m▄[0m[38;2;0;0;0;48;2;0;0;0m▄[0m[38;2;0;0;0;48;2;0;0;0m▄[0m[38;2;0;0;0;48;2;0;0;0m▄[0m[38;2;0;0;0;48;2;0;0;0m▄[0m[38;2;0;0;0;48;2;0;0;0m▄[0m[38;2;0;0;0;48;2;0;0;0m▄[0m[38;2;0;0;0;48;2;0;0;0m▄[0m[38;2;0;0;0;48;2;0;0;0m▄[0m[38;2;0;0;0;48;2;0;0;0m▄[0m[0;40m       [0m
[0;40m      [0m[38;2;0;0;0;48;2;0;0;0m▄[0m[38;2;0;0;0;48;2;0;0;0m▄[0m[38;2;0;0;0;48;2;0;0;0m▄[0m[38;2;0;0;0;48;2;0;0;0m▄[0m[38;2;0;0;0;48;2;0;0;0m▄[0m[38;2;0;0;0;48;2;0;0;0m▄[0m[38;2;24;13;0;48;2;0;0;0m▄[0m[38;2;3;0;0;48;2;0;0;0m▄[0m[38;2;0;0;0;48;2;0;0;0m▄[0m[38;2;0;0;0;48;2;0;0;0m▄[0m[38;2;0;0;0;48;2;0;0;0m▄[0m[38;2;0;0;0;48;2;0;0;0m▄[0m[38;2;0;0;0;48;2;0;0;0m▄[0m[38;2;0;0;0;48;2;0;0;0m▄[0m[38;2;0;0;0;48;2;0;0;0m▄[0m[38;2;0;0;0;48;2;0;0;0m▄[0m[38;2;0;0;0;48;2;0;0;0m▄[0m[38;2;0;0;0;48;2;0;0;0m▄[0m[38;2;0;0;0;48;2;0;0;0m▄[0m[38;2;0;0;0;48;2;0;0;0m▄[0m[38;2;0;0;0;48;2;0;0;0m▄[0m[38;2;0;0;0;48;2;0;0;0m▄[0m[38;2;0;0;0;48;2;0;0;0m▄[0m[38;2;0;0;0;48;2;0;0;0m▄[0m[38;2;0;0;0;48;2;0;0;0m▄[0m[38;2;0;0;0;48;2;0;0;0m▄[0m[38;2;0;0;0;48;2;0;0;0m▄[0m[38;2;0;0;0;48;2;0;0;0m▄[0m[38;2;0;0;0;48;2;0;0;0m▄[0m[38;2;0;0;0;48;2;0;0;0m▄[0m[38;2;0;0;0;48;2;0;0;0m▄[0m[38;2;0;0;0;48;2;0;0;0m▄[0m[38;2;0;0;0;48;2;0;0;0m▄[0m[38;2;0;0;0;48;2;0;0;0m▄[0m[38;2;0;0;0;48;2;0;0;0m▄[0m[38;2;0;0;0;48;2;0;0;0m▄[0m[38;2;0;0;0;48;2;0;0;0m▄[0m[38;2;0;0;0;48;2;0;0;0m▄[0m[38;2;0;0;0;48;2;0;0;0m▄[0m[38;2;0;0;0;48;2;0;0;0m▄[0m[38;2;0;0;0;48;2;0;0;0m▄[0m[38;2;0;0;0;48;2;0;0;0m▄[0m[38;2;0;0;0;48;2;0;0;0m▄[0m[38;2;0;0;0;48;2;0;0;0m▄[0m[38;2;0;0;0;48;2;0;0;0m▄[0m[38;2;0;0;0;48;2;0;0;0m▄[0m[38;2;0;0;0;48;2;0;0;0m▄[0m[38;2;0;0;0;48;2;0;0;0m▄[0m[38;2;0;0;0;48;2;0;0;0m▄[0m[38;2;0;0;0;48;2;0;0;0m▄[0m[38;2;0;0;0;48;2;0;0;0m▄[0m[38;2;0;0;0;48;2;1;0;0m▄[0m[38;2;0;0;0;48;2;41;0;1m▄[0m[38;2;0;0;0;48;2;120;0;2m▄[0m[38;2;0;0;0;48;2;23;0;0m▄[0m[38;2;0;0;0;48;2;1;0;0m▄[0m[38;2;0;0;0;48;2;0;0;0m▄[0m[38;2;0;0;0;48;2;0;0;0m▄[0m[38;2;0;0;0;48;2;0;0;0m▄[0m[38;2;0;0;0;48;2;0;0;0m▄[0m[38;2;0;0;0;48;2;0;0;0m▄[0m[38;2;0;0;0;48;2;0;0;0m▄[0m[38;2;0;0;0;48;2;0;0;0m▄[0m[38;2;0;0;0;48;2;0;0;0m▄[0m[38;2;0;0;0;48;2;0;0;0m▄[0m[38;2;0;0;0;48;2;0;0;0m▄[0m[38;2;0;0;0;48;2;0;0;0m▄[0m[38;2;0;0;0;48;2;0;0;0m▄[0m[38;2;0;0;0;48;2;0;0;0m▄[0m[38;2;0;0;0;48;2;0;0;0m▄[0m[38;2;0;0;0;48;2;0;0;0m▄[0m[38;2;0;0;0;48;2;0;0;0m▄[0m[38;2;0;0;0;48;2;0;0;0m▄[0m[38;2;0;0;0;48;2;0;0;0m▄[0m[38;2;0;0;0;48;2;0;0;0m▄[0m[38;2;0;0;0;48;2;0;0;0m▄[0m[38;2;0;0;0;48;2;0;0;0m▄[0m[38;2;0;0;0;48;2;0;0;0m▄[0m[38;2;0;0;0;48;2;0;0;0m▄[0m[38;2;0;0;0;48;2;0;0;0m▄[0m[38;2;0;0;0;48;2;0;0;0m▄[0m[38;2;0;0;0;48;2;0;0;0m▄[0m[38;2;0;0;0;48;2;0;0;0m▄[0m[38;2;0;0;0;48;2;0;0;0m▄[0m[38;2;0;0;0;48;2;0;0;0m▄[0m[38;2;0;0;0;48;2;0;0;0m▄[0m[38;2;0;0;0;48;2;0;0;0m▄[0m[38;2;0;0;0;48;2;0;0;0m▄[0m[38;2;0;0;0;48;2;0;0;0m▄[0m[38;2;0;0;0;48;2;0;0;0m▄[0m[38;2;0;0;0;48;2;0;0;0m▄[0m[38;2;0;0;0;48;2;0;0;0m▄[0m[38;2;0;0;0;48;2;0;0;0m▄[0m[38;2;0;0;0;48;2;0;0;0m▄[0m[38;2;0;0;0;48;2;0;0;0m▄[0m[38;2;0;0;0;48;2;0;0;0m▄[0m[38;2;0;0;0;48;2;0;0;0m▄[0m[38;2;0;0;0;48;2;0;0;0m▄[0m[38;2;0;0;0;48;2;0;0;0m▄[0m[38;2;0;0;0;48;2;0;0;0m▄[0m[38;2;0;0;0;48;2;0;0;0m▄[0m[38;2;0;0;0;48;2;0;0;0m▄[0m[38;2;0;0;0;48;2;0;0;0m▄[0m[38;2;0;0;0;48;2;0;0;0m▄[0m[38;2;0;0;0;48;2;0;0;0m▄[0m[38;2;0;0;0;48;2;0;0;0m▄[0m[38;2;0;0;0;48;2;0;0;0m▄[0m[0;40m       [0m
[0;40m      [0m[38;2;0;0;0;48;2;0;0;0m▄[0m[38;2;0;0;0;48;2;0;0;0m▄[0m[38;2;0;0;0;48;2;0;0;0m▄[0m[38;2;0;0;0;48;2;0;0;0m▄[0m[38;2;0;0;0;48;2;0;0;0m▄[0m[38;2;67;28;4;48;2;25;14;1m▄[0m[38;2;165;96;6;48;2;205;115;6m▄[0m[38;2;249;114;3;48;2;230;111;4m▄[0m[38;2;249;109;3;48;2;172;85;3m▄[0m[38;2;249;108;3;48;2;140;80;3m▄[0m[38;2;243;123;4;48;2;100;70;3m▄[0m[38;2;118;78;20;48;2;48;31;4m▄[0m[38;2;25;7;1;48;2;3;2;0m▄[0m[38;2;0;0;0;48;2;0;0;0m▄[0m[38;2;0;0;0;48;2;0;0;0m▄[0m[38;2;0;0;0;48;2;0;0;0m▄[0m[38;2;0;0;0;48;2;0;0;0m▄[0m[38;2;0;0;0;48;2;0;0;0m▄[0m[38;2;0;0;0;48;2;0;0;0m▄[0m[38;2;0;0;0;48;2;0;0;0m▄[0m[38;2;0;0;0;48;2;0;0;0m▄[0m[38;2;0;0;0;48;2;0;0;0m▄[0m[38;2;0;0;0;48;2;0;0;0m▄[0m[38;2;0;0;0;48;2;0;0;0m▄[0m[38;2;0;0;0;48;2;0;0;0m▄[0m[38;2;0;0;0;48;2;0;0;0m▄[0m[38;2;0;0;0;48;2;0;0;0m▄[0m[38;2;0;0;0;48;2;0;0;0m▄[0m[38;2;0;0;0;48;2;0;0;0m▄[0m[38;2;0;0;0;48;2;0;0;0m▄[0m[38;2;0;0;0;48;2;0;0;0m▄[0m[38;2;0;0;0;48;2;0;0;0m▄[0m[38;2;0;0;0;48;2;0;0;0m▄[0m[38;2;0;0;0;48;2;0;0;0m▄[0m[38;2;0;0;0;48;2;0;0;0m▄[0m[38;2;0;0;0;48;2;0;0;0m▄[0m[38;2;0;0;0;48;2;0;0;0m▄[0m[38;2;0;0;0;48;2;0;0;0m▄[0m[38;2;0;0;0;48;2;0;0;0m▄[0m[38;2;0;0;0;48;2;0;0;0m▄[0m[38;2;0;0;0;48;2;0;0;0m▄[0m[38;2;0;0;0;48;2;0;0;0m▄[0m[38;2;0;0;0;48;2;0;0;0m▄[0m[38;2;0;0;0;48;2;0;0;0m▄[0m[38;2;0;0;0;48;2;0;0;0m▄[0m[38;2;0;0;0;48;2;0;0;0m▄[0m[38;2;0;0;0;48;2;0;0;0m▄[0m[38;2;0;0;0;48;2;0;0;0m▄[0m[38;2;0;0;0;48;2;0;0;0m▄[0m[38;2;0;0;0;48;2;0;0;0m▄[0m[38;2;0;0;0;48;2;0;0;0m▄[0m[38;2;0;0;0;48;2;0;0;0m▄[0m[38;2;0;0;0;48;2;0;0;0m▄[0m[38;2;0;0;0;48;2;0;0;0m▄[0m[38;2;0;0;0;48;2;0;0;0m▄[0m[38;2;0;0;0;48;2;0;0;0m▄[0m[38;2;0;0;0;48;2;0;0;0m▄[0m[38;2;0;0;0;48;2;0;0;0m▄[0m[38;2;0;0;0;48;2;0;0;0m▄[0m[38;2;0;0;0;48;2;0;0;0m▄[0m[38;2;0;0;0;48;2;0;0;0m▄[0m[38;2;0;0;0;48;2;0;0;0m▄[0m[38;2;0;0;0;48;2;0;0;0m▄[0m[38;2;0;0;0;48;2;0;0;0m▄[0m[38;2;0;0;0;48;2;0;0;0m▄[0m[38;2;0;0;0;48;2;0;0;0m▄[0m[38;2;0;0;0;48;2;0;0;0m▄[0m[38;2;0;0;0;48;2;0;0;0m▄[0m[38;2;0;0;0;48;2;0;0;0m▄[0m[38;2;0;0;0;48;2;0;0;0m▄[0m[38;2;0;0;0;48;2;0;0;0m▄[0m[38;2;0;0;0;48;2;0;0;0m▄[0m[38;2;0;0;0;48;2;0;0;0m▄[0m[38;2;0;0;0;48;2;0;0;0m▄[0m[38;2;77;56;22;48;2;1;0;0m▄[0m[38;2;93;69;28;48;2;7;0;0m▄[0m[38;2;92;67;25;48;2;0;0;0m▄[0m[38;2;91;65;22;48;2;0;0;0m▄[0m[38;2;91;64;19;48;2;0;0;0m▄[0m[38;2;84;64;23;48;2;0;0;0m▄[0m[38;2;92;63;22;48;2;0;0;0m▄[0m[38;2;91;63;21;48;2;0;0;0m▄[0m[38;2;89;66;27;48;2;0;0;0m▄[0m[38;2;12;4;1;48;2;0;0;0m▄[0m[38;2;0;0;0;48;2;0;0;0m▄[0m[38;2;0;0;0;48;2;0;0;0m▄[0m[38;2;0;0;0;48;2;0;0;0m▄[0m[38;2;0;0;0;48;2;0;0;0m▄[0m[38;2;0;0;0;48;2;0;0;0m▄[0m[38;2;0;0;0;48;2;0;0;0m▄[0m[38;2;0;0;0;48;2;0;0;0m▄[0m[38;2;0;0;0;48;2;0;0;0m▄[0m[38;2;0;0;0;48;2;0;0;0m▄[0m[38;2;0;0;0;48;2;0;0;0m▄[0m[38;2;0;0;0;48;2;0;0;0m▄[0m[38;2;0;0;0;48;2;0;0;0m▄[0m[38;2;0;0;0;48;2;0;0;0m▄[0m[38;2;0;0;0;48;2;0;0;0m▄[0m[38;2;0;0;0;48;2;0;0;0m▄[0m[38;2;0;0;0;48;2;0;0;0m▄[0m[38;2;0;0;0;48;2;0;0;0m▄[0m[38;2;0;0;0;48;2;0;0;0m▄[0m[38;2;3;0;0;48;2;0;0;0m▄[0m[38;2;0;0;0;48;2;0;0;0m▄[0m[38;2;0;0;0;48;2;0;0;0m▄[0m[38;2;0;0;0;48;2;0;0;0m▄[0m[38;2;0;0;0;48;2;0;0;0m▄[0m[0;40m       [0m
[0;40m      [0m[38;2;0;0;0;48;2;0;0;0m▄[0m[38;2;0;0;0;48;2;0;0;0m▄[0m[38;2;0;0;0;48;2;0;0;0m▄[0m[38;2;0;0;0;48;2;0;0;0m▄[0m[38;2;0;0;0;48;2;0;0;0m▄[0m[38;2;0;0;0;48;2;0;0;0m▄[0m[38;2;0;0;0;48;2;24;8;0m▄[0m[38;2;229;157;8;48;2;237;154;7m▄[0m[38;2;249;160;6;48;2;250;146;5m▄[0m[38;2;249;160;6;48;2;250;147;5m▄[0m[38;2;113;83;5;48;2;151;95;5m▄[0m[38;2;0;0;0;48;2;4;0;0m▄[0m[38;2;0;0;0;48;2;0;0;0m▄[0m[38;2;0;0;0;48;2;0;0;0m▄[0m[38;2;0;0;0;48;2;0;0;0m▄[0m[38;2;0;0;0;48;2;0;0;0m▄[0m[38;2;0;0;0;48;2;0;0;0m▄[0m[38;2;18;10;0;48;2;0;0;0m▄[0m[38;2;21;13;1;48;2;0;0;0m▄[0m[38;2;26;13;0;48;2;0;0;0m▄[0m[38;2;21;14;0;48;2;0;0;0m▄[0m[38;2;12;7;0;48;2;0;0;0m▄[0m[38;2;12;9;0;48;2;0;0;0m▄[0m[38;2;22;15;1;48;2;0;0;0m▄[0m[38;2;22;16;1;48;2;0;0;0m▄[0m[38;2;49;34;2;48;2;0;0;0m▄[0m[38;2;89;51;2;48;2;0;0;0m▄[0m[38;2;138;78;3;48;2;0;0;0m▄[0m[38;2;154;82;3;48;2;0;0;0m▄[0m[38;2;155;88;3;48;2;0;0;0m▄[0m[38;2;149;85;3;48;2;0;0;0m▄[0m[38;2;22;3;0;48;2;0;0;0m▄[0m[38;2;0;0;0;48;2;0;0;0m▄[0m[38;2;0;0;0;48;2;0;0;0m▄[0m[38;2;0;0;0;48;2;0;0;0m▄[0m[38;2;0;0;0;48;2;0;0;0m▄[0m[38;2;0;0;0;48;2;0;0;0m▄[0m[38;2;0;0;0;48;2;0;0;0m▄[0m[38;2;0;0;0;48;2;0;0;0m▄[0m[38;2;0;0;0;48;2;0;0;0m▄[0m[38;2;0;0;0;48;2;0;0;0m▄[0m[38;2;0;0;0;48;2;0;0;0m▄[0m[38;2;0;0;0;48;2;0;0;0m▄[0m[38;2;0;0;0;48;2;0;0;0m▄[0m[38;2;0;0;0;48;2;0;0;0m▄[0m[38;2;0;0;0;48;2;0;0;0m▄[0m[38;2;0;0;0;48;2;0;0;0m▄[0m[38;2;0;0;0;48;2;0;0;0m▄[0m[38;2;0;0;0;48;2;0;0;0m▄[0m[38;2;0;0;0;48;2;0;0;0m▄[0m[38;2;0;0;0;48;2;0;0;0m▄[0m[38;2;0;0;0;48;2;0;0;0m▄[0m[38;2;0;0;0;48;2;0;0;0m▄[0m[38;2;0;0;0;48;2;0;0;0m▄[0m[38;2;12;1;0;48;2;0;0;0m▄[0m[38;2;148;87;4;48;2;40;26;1m▄[0m[38;2;250;132;5;48;2;43;27;1m▄[0m[38;2;250;127;4;48;2;42;23;1m▄[0m[38;2;245;129;4;48;2;42;25;1m▄[0m[38;2;126;71;4;48;2;40;23;1m▄[0m[38;2;9;0;0;48;2;1;0;0m▄[0m[38;2;0;0;0;48;2;0;0;0m▄[0m[38;2;0;0;0;48;2;0;0;0m▄[0m[38;2;0;0;0;48;2;0;0;0m▄[0m[38;2;0;0;0;48;2;0;0;0m▄[0m[38;2;0;0;0;48;2;0;0;0m▄[0m[38;2;0;0;0;48;2;0;0;0m▄[0m[38;2;0;0;0;48;2;0;0;0m▄[0m[38;2;0;0;0;48;2;0;0;0m▄[0m[38;2;0;0;0;48;2;0;0;0m▄[0m[38;2;0;0;0;48;2;0;0;0m▄[0m[38;2;0;0;0;48;2;0;0;0m▄[0m[38;2;0;0;0;48;2;0;0;0m▄[0m[38;2;0;0;0;48;2;0;0;0m▄[0m[38;2;202;149;30;48;2;204;147;41m▄[0m[38;2;235;154;7;48;2;249;143;25m▄[0m[38;2;233;161;8;48;2;249;133;22m▄[0m[38;2;247;155;6;48;2;249;142;23m▄[0m[38;2;250;148;5;48;2;249;135;18m▄[0m[38;2;250;153;5;48;2;249;132;21m▄[0m[38;2;232;158;8;48;2;250;139;18m▄[0m[38;2;229;157;8;48;2;249;138;19m▄[0m[38;2;246;166;8;48;2;246;153;23m▄[0m[38;2;36;12;1;48;2;20;11;1m▄[0m[38;2;0;0;0;48;2;0;0;0m▄[0m[38;2;0;0;0;48;2;0;0;0m▄[0m[38;2;0;0;0;48;2;0;0;0m▄[0m[38;2;0;0;0;48;2;0;0;0m▄[0m[38;2;0;0;0;48;2;0;0;0m▄[0m[38;2;0;0;0;48;2;0;0;0m▄[0m[38;2;0;0;0;48;2;0;0;0m▄[0m[38;2;2;1;0;48;2;0;0;0m▄[0m[38;2;34;14;0;48;2;0;0;0m▄[0m[38;2;68;44;2;48;2;0;0;0m▄[0m[38;2;82;43;2;48;2;20;10;0m▄[0m[38;2;150;86;4;48;2;80;50;2m▄[0m[38;2;250;128;4;48;2;107;59;2m▄[0m[38;2;250;131;4;48;2;147;68;2m▄[0m[38;2;241;146;6;48;2;199;120;29m▄[0m[38;2;228;146;7;48;2;216;146;34m▄[0m[38;2;231;147;6;48;2;214;153;49m▄[0m[38;2;250;137;5;48;2;216;167;69m▄[0m[38;2;111;77;5;48;2;111;79;26m▄[0m[38;2;0;0;0;48;2;0;0;0m▄[0m[38;2;0;0;0;48;2;0;0;0m▄[0m[38;2;0;0;0;48;2;0;0;0m▄[0m[38;2;0;0;0;48;2;0;0;0m▄[0m[0;40m       [0m
[0;40m      [0m[38;2;0;0;0;48;2;0;0;0m▄[0m[38;2;0;0;0;48;2;0;0;0m▄[0m[38;2;0;0;0;48;2;0;0;0m▄[0m[38;2;0;0;0;48;2;0;0;0m▄[0m[38;2;0;0;0;48;2;0;0;0m▄[0m[38;2;0;0;0;48;2;0;0;0m▄[0m[38;2;0;0;0;48;2;0;0;0m▄[0m[38;2;230;176;13;48;2;230;162;8m▄[0m[38;2;251;191;15;48;2;250;176;8m▄[0m[38;2;250;184;10;48;2;249;172;7m▄[0m[38;2;114;91;8;48;2;113;86;6m▄[0m[38;2;3;2;0;48;2;0;0;0m▄[0m[38;2;165;111;5;48;2;2;1;0m▄[0m[38;2;248;159;6;48;2;61;45;2m▄[0m[38;2;250;158;6;48;2;103;72;4m▄[0m[38;2;248;155;6;48;2;55;34;1m▄[0m[38;2;148;93;4;48;2;1;0;0m▄[0m[38;2;10;3;0;48;2;127;74;3m▄[0m[38;2;239;159;9;48;2;249;124;4m▄[0m[38;2;250;170;7;48;2;249;140;5m▄[0m[38;2;178;117;6;48;2;214;130;6m▄[0m[38;2;4;0;0;48;2;49;23;1m▄[0m[38;2;12;5;0;48;2;70;38;2m▄[0m[38;2;242;160;7;48;2;244;130;4m▄[0m[38;2;116;70;4;48;2;194;122;6m▄[0m[38;2;33;25;2;48;2;79;45;2m▄[0m[38;2;250;175;8;48;2;249;131;5m▄[0m[38;2;249;174;8;48;2;250;146;5m▄[0m[38;2;64;34;2;48;2;212;147;7m▄[0m[38;2;10;1;0;48;2;210;135;6m▄[0m[38;2;129;96;10;48;2;236;162;15m▄[0m[38;2;16;1;0;48;2;15;1;0m▄[0m[38;2;25;11;1;48;2;0;0;0m▄[0m[38;2;194;113;5;48;2;2;1;0m▄[0m[38;2;249;137;5;48;2;42;23;1m▄[0m[38;2;220;118;4;48;2;72;48;2m▄[0m[38;2;26;9;0;48;2;40;26;1m▄[0m[38;2;46;25;1;48;2;72;49;3m▄[0m[38;2;250;142;5;48;2;102;66;3m▄[0m[38;2;167;95;4;48;2;102;65;3m▄[0m[38;2;47;29;1;48;2;38;26;2m▄[0m[38;2;198;117;4;48;2;0;0;0m▄[0m[38;2;239;143;5;48;2;0;0;0m▄[0m[38;2;201;122;5;48;2;0;0;0m▄[0m[38;2;59;36;1;48;2;0;0;0m▄[0m[38;2;93;65;4;48;2;0;0;0m▄[0m[38;2;240;151;7;48;2;0;0;0m▄[0m[38;2;239;140;5;48;2;0;0;0m▄[0m[38;2;124;70;3;48;2;0;0;0m▄[0m[38;2;170;109;5;48;2;0;0;0m▄[0m[38;2;240;143;5;48;2;0;0;0m▄[0m[38;2;213;134;6;48;2;0;0;0m▄[0m[38;2;37;16;1;48;2;0;0;0m▄[0m[38;2;0;0;0;48;2;0;0;0m▄[0m[38;2;0;0;0;48;2;0;0;0m▄[0m[38;2;0;0;0;48;2;20;2;0m▄[0m[38;2;194;139;7;48;2;222;144;6m▄[0m[38;2;249;165;6;48;2;250;152;5m▄[0m[38;2;162;119;7;48;2;184;118;6m▄[0m[38;2;0;0;0;48;2;4;0;0m▄[0m[38;2;35;23;1;48;2;0;0;0m▄[0m[38;2;217;132;5;48;2;2;1;0m▄[0m[38;2;249;152;5;48;2;99;68;3m▄[0m[38;2;250;153;6;48;2;103;71;3m▄[0m[38;2;224;139;6;48;2;11;6;0m▄[0m[38;2;45;28;1;48;2;0;0;0m▄[0m[38;2;0;0;0;48;2;0;0;0m▄[0m[38;2;120;74;3;48;2;0;0;0m▄[0m[38;2;249;149;5;48;2;58;36;2m▄[0m[38;2;247;153;6;48;2;103;72;4m▄[0m[38;2;247;150;6;48;2;99;63;3m▄[0m[38;2;238;141;6;48;2;84;52;2m▄[0m[38;2;13;1;0;48;2;17;2;0m▄[0m[38;2;0;0;0;48;2;0;0;0m▄[0m[38;2;45;22;1;48;2;148;120;21m▄[0m[38;2;0;0;0;48;2;25;11;1m▄[0m[38;2;0;0;0;48;2;36;1;0m▄[0m[38;2;216;159;9;48;2;226;150;7m▄[0m[38;2;250;179;9;48;2;250;159;6m▄[0m[38;2;250;176;9;48;2;249;172;8m▄[0m[38;2;40;29;2;48;2;46;29;2m▄[0m[38;2;33;20;1;48;2;13;0;0m▄[0m[38;2;148;99;4;48;2;85;60;3m▄[0m[38;2;161;90;3;48;2;21;7;0m▄[0m[38;2;205;125;5;48;2;0;0;0m▄[0m[38;2;83;50;2;48;2;6;4;0m▄[0m[38;2;245;143;5;48;2;32;17;1m▄[0m[38;2;250;141;5;48;2;67;40;2m▄[0m[38;2;187;110;5;48;2;95;62;3m▄[0m[38;2;1;0;0;48;2;7;0;0m▄[0m[38;2;30;12;1;48;2;17;10;0m▄[0m[38;2;241;170;10;48;2;227;137;6m▄[0m[38;2;249;168;7;48;2;249;143;5m▄[0m[38;2;233;166;8;48;2;244;141;5m▄[0m[38;2;8;0;0;48;2;49;21;1m▄[0m[38;2;103;79;5;48;2;102;78;6m▄[0m[38;2;250;176;8;48;2;250;159;6m▄[0m[38;2;250;180;10;48;2;249;166;6m▄[0m[38;2;149;113;7;48;2;152;105;5m▄[0m[38;2;0;0;0;48;2;16;0;0m▄[0m[38;2;0;0;0;48;2;25;3;0m▄[0m[38;2;2;0;0;48;2;123;76;4m▄[0m[38;2;82;51;3;48;2;110;82;5m▄[0m[38;2;0;0;0;48;2;0;0;0m▄[0m[38;2;0;0;0;48;2;0;0;0m▄[0m[38;2;0;0;0;48;2;0;0;0m▄[0m[38;2;0;0;0;48;2;0;0;0m▄[0m[0;40m       [0m
[0;40m      [0m[38;2;0;0;0;48;2;0;0;0m▄[0m[38;2;0;0;0;48;2;0;0;0m▄[0m[38;2;0;0;0;48;2;0;0;0m▄[0m[38;2;0;0;0;48;2;0;0;0m▄[0m[38;2;0;0;0;48;2;0;0;0m▄[0m[38;2;0;0;0;48;2;0;0;0m▄[0m[38;2;0;0;0;48;2;0;0;0m▄[0m[38;2;229;200;62;48;2;230;192;40m▄[0m[38;2;251;217;60;48;2;251;208;39m▄[0m[38;2;251;216;57;48;2;251;208;43m▄[0m[38;2;110;98;35;48;2;112;97;30m▄[0m[38;2;164;144;44;48;2;93;63;4m▄[0m[38;2;251;203;29;48;2;251;193;19m▄[0m[38;2;151;116;25;48;2;225;168;13m▄[0m[38;2;1;0;0;48;2;98;74;11m▄[0m[38;2;162;131;30;48;2;238;184;23m▄[0m[38;2;251;210;48;48;2;249;186;10m▄[0m[38;2;115;96;22;48;2;71;32;1m▄[0m[38;2;145;121;42;48;2;189;153;30m▄[0m[38;2;251;209;46;48;2;251;194;15m▄[0m[38;2;228;184;39;48;2;199;142;22m▄[0m[38;2;7;0;0;48;2;0;0;0m▄[0m[38;2;91;71;16;48;2;49;35;2m▄[0m[38;2;238;198;46;48;2;250;186;13m▄[0m[38;2;18;1;0;48;2;66;35;2m▄[0m[38;2;30;26;9;48;2;33;28;6m▄[0m[38;2;251;216;55;48;2;251;195;20m▄[0m[38;2;251;216;59;48;2;251;196;22m▄[0m[38;2;60;36;7;48;2;73;36;7m▄[0m[38;2;9;4;0;48;2;0;0;0m▄[0m[38;2;17;3;0;48;2;9;0;0m▄[0m[38;2;0;0;0;48;2;12;0;0m▄[0m[38;2;0;0;0;48;2;0;0;0m▄[0m[38;2;56;38;4;48;2;103;72;4m▄[0m[38;2;250;189;12;48;2;249;169;7m▄[0m[38;2;248;186;14;48;2;224;152;7m▄[0m[38;2;25;11;1;48;2;7;0;0m▄[0m[38;2;119;90;17;48;2;66;46;2m▄[0m[38;2;243;197;36;48;2;250;183;12m▄[0m[38;2;66;47;16;48;2;76;57;6m▄[0m[38;2;251;214;54;48;2;206;147;10m▄[0m[38;2;210;170;33;48;2;250;182;12m▄[0m[38;2;8;1;0;48;2;188;138;14m▄[0m[38;2;199;159;34;48;2;248;182;10m▄[0m[38;2;251;199;28;48;2;228;156;7m▄[0m[38;2;72;63;15;48;2;25;17;1m▄[0m[38;2;245;208;49;48;2;248;187;15m▄[0m[38;2;251;210;48;48;2;250;184;10m▄[0m[38;2;47;27;8;48;2;35;21;1m▄[0m[38;2;107;94;29;48;2;108;85;8m▄[0m[38;2;251;191;12;48;2;250;177;8m▄[0m[38;2;143;119;24;48;2;141;107;6m▄[0m[38;2;0;0;0;48;2;0;0;0m▄[0m[38;2;0;0;0;48;2;0;0;0m▄[0m[38;2;0;0;0;48;2;0;0;0m▄[0m[38;2;0;0;0;48;2;0;0;0m▄[0m[38;2;194;164;36;48;2;194;154;20m▄[0m[38;2;251;208;39;48;2;251;196;16m▄[0m[38;2;160;138;36;48;2;160;133;23m▄[0m[38;2;2;1;0;48;2;0;0;0m▄[0m[38;2;237;198;45;48;2;169;122;7m▄[0m[38;2;251;205;31;48;2;251;186;11m▄[0m[38;2;79;52;16;48;2;178;129;8m▄[0m[38;2;32;23;3;48;2;162;126;15m▄[0m[38;2;251;213;51;48;2;250;183;13m▄[0m[38;2;236;188;38;48;2;185;123;7m▄[0m[38;2;79;67;18;48;2;33;18;2m▄[0m[38;2;251;207;41;48;2;246;179;13m▄[0m[38;2;215;177;36;48;2;248;184;11m▄[0m[38;2;6;0;0;48;2;75;45;3m▄[0m[38;2;0;0;0;48;2;24;15;1m▄[0m[38;2;25;10;1;48;2;180;127;7m▄[0m[38;2;16;0;0;48;2;15;1;0m▄[0m[38;2;0;0;0;48;2;0;0;0m▄[0m[38;2;0;0;0;48;2;0;0;0m▄[0m[38;2;0;0;0;48;2;0;0;0m▄[0m[38;2;0;0;0;48;2;0;0;0m▄[0m[38;2;208;182;57;48;2;209;175;40m▄[0m[38;2;251;218;67;48;2;251;202;30m▄[0m[38;2;251;206;36;48;2;251;202;29m▄[0m[38;2;32;28;9;48;2;34;27;4m▄[0m[38;2;0;0;0;48;2;0;0;0m▄[0m[38;2;120;100;21;48;2;138;103;10m▄[0m[38;2;251;202;27;48;2;250;171;8m▄[0m[38;2;156;133;37;48;2;156;120;8m▄[0m[38;2;0;0;0;48;2;0;0;0m▄[0m[38;2;231;192;39;48;2;229;169;10m▄[0m[38;2;251;212;48;48;2;250;180;11m▄[0m[38;2;251;211;50;48;2;220;148;8m▄[0m[38;2;40;18;3;48;2;11;1;0m▄[0m[38;2;148;112;25;48;2;74;52;7m▄[0m[38;2;251;216;57;48;2;251;192;15m▄[0m[38;2;251;206;34;48;2;251;197;23m▄[0m[38;2;236;199;54;48;2;233;177;15m▄[0m[38;2;14;0;0;48;2;3;0;0m▄[0m[38;2;100;93;37;48;2;102;91;31m▄[0m[38;2;251;213;53;48;2;251;203;30m▄[0m[38;2;251;216;58;48;2;251;194;23m▄[0m[38;2;149;127;36;48;2;150;128;34m▄[0m[38;2;0;0;0;48;2;0;0;0m▄[0m[38;2;0;0;0;48;2;0;0;0m▄[0m[38;2;0;0;0;48;2;0;0;0m▄[0m[38;2;0;0;0;48;2;35;0;0m▄[0m[38;2;0;0;0;48;2;0;0;0m▄[0m[38;2;0;0;0;48;2;0;0;0m▄[0m[38;2;0;0;0;48;2;0;0;0m▄[0m[38;2;0;0;0;48;2;0;0;0m▄[0m[0;40m       [0m
[0;40m      [0m[38;2;0;0;0;48;2;0;0;0m▄[0m[38;2;0;0;0;48;2;0;0;0m▄[0m[38;2;0;0;0;48;2;0;0;0m▄[0m[38;2;0;0;0;48;2;0;0;0m▄[0m[38;2;0;0;0;48;2;0;0;0m▄[0m[38;2;0;0;0;48;2;0;0;0m▄[0m[38;2;0;0;0;48;2;0;0;0m▄[0m[38;2;230;210;75;48;2;230;202;62m▄[0m[38;2;252;227;77;48;2;252;227;77m▄[0m[38;2;250;216;73;48;2;252;227;77m▄[0m[38;2;114;104;45;48;2;119;103;41m▄[0m[38;2;164;153;63;48;2;164;146;50m▄[0m[38;2;252;227;77;48;2;251;215;56m▄[0m[38;2;145;117;46;48;2;138;115;42m▄[0m[38;2;0;0;0;48;2;0;0;0m▄[0m[38;2;148;136;51;48;2;147;133;48m▄[0m[38;2;252;227;77;48;2;251;221;70m▄[0m[38;2;128;106;41;48;2;120;104;38m▄[0m[38;2;49;35;10;48;2;97;76;26m▄[0m[38;2;252;228;80;48;2;252;221;66m▄[0m[38;2;252;228;80;48;2;244;210;62m▄[0m[38;2;58;33;11;48;2;16;3;0m▄[0m[38;2;191;166;55;48;2;141;118;39m▄[0m[38;2;149;119;40;48;2;200;168;58m▄[0m[38;2;0;0;0;48;2;5;0;0m▄[0m[38;2;33;29;10;48;2;33;30;12m▄[0m[38;2;252;227;79;48;2;251;227;82m▄[0m[38;2;252;227;77;48;2;252;221;66m▄[0m[38;2;185;163;53;48;2;154;141;53m▄[0m[38;2;214;187;65;48;2;183;163;58m▄[0m[38;2;51;18;5;48;2;39;17;5m▄[0m[38;2;0;0;0;48;2;0;0;0m▄[0m[38;2;0;0;0;48;2;0;0;0m▄[0m[38;2;1;0;0;48;2;31;14;1m▄[0m[38;2;197;166;52;48;2;241;198;41m▄[0m[38;2;252;222;68;48;2;251;208;39m▄[0m[38;2;114;95;26;48;2;76;55;18m▄[0m[38;2;226;194;70;48;2;169;139;36m▄[0m[38;2;139;121;42;48;2;212;179;63m▄[0m[38;2;39;35;15;48;2;42;33;12m▄[0m[38;2;252;231;85;48;2;252;225;71m▄[0m[38;2;201;179;68;48;2;195;177;67m▄[0m[38;2;1;0;0;48;2;0;0;0m▄[0m[38;2;178;165;67;48;2;176;161;61m▄[0m[38;2;251;226;78;48;2;251;221;70m▄[0m[38;2;71;68;29;48;2;71;65;24m▄[0m[38;2;245;222;80;48;2;245;221;79m▄[0m[38;2;252;225;74;48;2;251;220;64m▄[0m[38;2;50;27;9;48;2;49;28;9m▄[0m[38;2;107;103;51;48;2;106;98;40m▄[0m[38;2;252;227;77;48;2;252;217;58m▄[0m[38;2;148;130;48;48;2;146;125;35m▄[0m[38;2;0;0;0;48;2;0;0;0m▄[0m[38;2;0;0;0;48;2;0;0;0m▄[0m[38;2;0;0;0;48;2;0;0;0m▄[0m[38;2;0;0;0;48;2;0;0;0m▄[0m[38;2;193;178;71;48;2;193;168;50m▄[0m[38;2;252;227;77;48;2;251;217;61m▄[0m[38;2;169;154;62;48;2;161;150;60m▄[0m[38;2;1;1;0;48;2;0;0;0m▄[0m[38;2;236;217;84;48;2;235;208;67m▄[0m[38;2;252;228;80;48;2;252;226;75m▄[0m[38;2;76;47;20;48;2;67;47;18m▄[0m[38;2;19;18;8;48;2;21;18;8m▄[0m[38;2;252;228;82;48;2;251;226;79m▄[0m[38;2;235;206;75;48;2;237;193;48m▄[0m[38;2;82;73;32;48;2;92;74;32m▄[0m[38;2;252;227;77;48;2;252;220;62m▄[0m[38;2;215;187;64;48;2;226;185;61m▄[0m[38;2;57;37;10;48;2;9;0;0m▄[0m[38;2;205;180;65;48;2;0;0;0m▄[0m[38;2;206;185;65;48;2;0;0;0m▄[0m[38;2;133;110;36;48;2;0;0;0m▄[0m[38;2;1;0;0;48;2;0;0;0m▄[0m[38;2;0;0;0;48;2;0;0;0m▄[0m[38;2;0;0;0;48;2;0;0;0m▄[0m[38;2;31;24;7;48;2;0;0;0m▄[0m[38;2;232;207;74;48;2;209;188;68m▄[0m[38;2;252;227;77;48;2;252;221;68m▄[0m[38;2;252;227;78;48;2;252;230;86m▄[0m[38;2;98;77;19;48;2;33;31;12m▄[0m[38;2;0;0;0;48;2;0;0;0m▄[0m[38;2;121;113;45;48;2;121;110;41m▄[0m[38;2;252;227;77;48;2;252;222;68m▄[0m[38;2;158;144;54;48;2;157;140;48m▄[0m[38;2;0;0;0;48;2;0;0;0m▄[0m[38;2;230;209;81;48;2;230;206;71m▄[0m[38;2;189;162;52;48;2;251;219;70m▄[0m[38;2;252;227;77;48;2;251;218;62m▄[0m[38;2;174;136;36;48;2;103;69;19m▄[0m[38;2;247;219;73;48;2;208;170;41m▄[0m[38;2;212;181;54;48;2;252;226;75m▄[0m[38;2;252;227;77;48;2;252;223;69m▄[0m[38;2;238;212;78;48;2;237;210;75m▄[0m[38;2;18;0;0;48;2;16;0;0m▄[0m[38;2;100;94;39;48;2;101;96;43m▄[0m[38;2;252;227;77;48;2;252;223;72m▄[0m[38;2;252;227;77;48;2;251;222;70m▄[0m[38;2;233;212;78;48;2;150;136;52m▄[0m[38;2;206;185;71;48;2;0;0;0m▄[0m[38;2;235;209;75;48;2;32;25;8m▄[0m[38;2;52;47;19;48;2;39;29;9m▄[0m[38;2;0;0;0;48;2;0;0;0m▄[0m[38;2;0;0;0;48;2;0;0;0m▄[0m[38;2;0;0;0;48;2;0;0;0m▄[0m[38;2;0;0;0;48;2;0;0;0m▄[0m[38;2;0;0;0;48;2;0;0;0m▄[0m[0;40m       [0m
[0;40m      [0m[38;2;0;0;0;48;2;0;0;0m▄[0m[38;2;0;0;0;48;2;0;0;0m▄[0m[38;2;0;0;0;48;2;0;0;0m▄[0m[38;2;0;0;0;48;2;0;0;0m▄[0m[38;2;0;0;0;48;2;0;0;0m▄[0m[38;2;0;0;0;48;2;0;0;0m▄[0m[38;2;0;0;0;48;2;0;0;0m▄[0m[38;2;227;93;3;48;2;227;111;14m▄[0m[38;2;248;66;1;48;2;250;166;44m▄[0m[38;2;249;78;1;48;2;249;119;13m▄[0m[38;2;109;53;2;48;2;112;61;7m▄[0m[38;2;164;69;2;48;2;162;101;21m▄[0m[38;2;248;79;1;48;2;249;149;26m▄[0m[38;2;149;60;2;48;2;148;84;14m▄[0m[38;2;0;0;0;48;2;0;0;0m▄[0m[38;2;144;53;1;48;2;148;62;7m▄[0m[38;2;249;85;1;48;2;248;106;19m▄[0m[38;2;136;52;2;48;2;139;68;8m▄[0m[38;2;0;0;0;48;2;11;3;1m▄[0m[38;2;206;110;13;48;2;244;206;62m▄[0m[38;2;251;205;57;48;2;252;226;77m▄[0m[38;2;169;124;34;48;2;101;76;27m▄[0m[38;2;247;149;14;48;2;237;201;58m▄[0m[38;2;55;21;3;48;2;113;70;21m▄[0m[38;2;0;0;0;48;2;0;0;0m▄[0m[38;2;33;16;1;48;2;32;13;1m▄[0m[38;2;249;93;2;48;2;249;115;20m▄[0m[38;2;249;93;2;48;2;250;170;31m▄[0m[38;2;76;22;1;48;2;72;34;5m▄[0m[38;2;0;0;0;48;2;28;13;2m▄[0m[38;2;0;0;0;48;2;47;5;1m▄[0m[38;2;0;0;0;48;2;0;0;0m▄[0m[38;2;0;0;0;48;2;0;0;0m▄[0m[38;2;0;0;0;48;2;0;0;0m▄[0m[38;2;79;54;14;48;2;139;108;29m▄[0m[38;2;251;205;62;48;2;252;219;63m▄[0m[38;2;252;224;75;48;2;207;165;51m▄[0m[38;2;243;197;56;48;2;248;220;71m▄[0m[38;2;35;7;1;48;2;106;65;20m▄[0m[38;2;40;14;0;48;2;42;26;3m▄[0m[38;2;249;92;2;48;2;248;118;20m▄[0m[38;2;202;86;2;48;2;197;86;14m▄[0m[38;2;0;0;0;48;2;0;0;0m▄[0m[38;2;174;78;2;48;2;174;80;12m▄[0m[38;2;249;83;1;48;2;249;105;16m▄[0m[38;2;69;31;1;48;2;71;45;6m▄[0m[38;2;243;97;2;48;2;248;145;23m▄[0m[38;2;249;101;2;48;2;249;123;20m▄[0m[38;2;59;14;1;48;2;64;23;5m▄[0m[38;2;107;47;1;48;2;107;71;9m▄[0m[38;2;248;74;1;48;2;249;111;22m▄[0m[38;2;161;59;2;48;2;158;77;8m▄[0m[38;2;0;0;0;48;2;0;0;0m▄[0m[38;2;0;0;0;48;2;0;0;0m▄[0m[38;2;0;0;0;48;2;0;0;0m▄[0m[38;2;0;0;0;48;2;0;0;0m▄[0m[38;2;192;68;1;48;2;192;89;10m▄[0m[38;2;249;82;1;48;2;248;122;25m▄[0m[38;2;176;68;2;48;2;170;69;5m▄[0m[38;2;0;0;0;48;2;0;0;0m▄[0m[38;2;236;86;2;48;2;236;109;14m▄[0m[38;2;249;86;2;48;2;249;111;22m▄[0m[38;2;77;32;1;48;2;71;26;3m▄[0m[38;2;24;12;0;48;2;24;11;2m▄[0m[38;2;249;97;2;48;2;249;108;18m▄[0m[38;2;241;90;2;48;2;242;91;14m▄[0m[38;2;89;40;2;48;2;95;39;7m▄[0m[38;2;249;80;1;48;2;248;100;18m▄[0m[38;2;227;81;2;48;2;223;115;14m▄[0m[38;2;11;0;0;48;2;5;0;0m▄[0m[38;2;199;80;2;48;2;196;132;24m▄[0m[38;2;249;87;2;48;2;251;198;54m▄[0m[38;2;117;51;2;48;2;113;60;7m▄[0m[38;2;0;0;0;48;2;0;0;0m▄[0m[38;2;0;0;0;48;2;0;0;0m▄[0m[38;2;0;0;0;48;2;0;0;0m▄[0m[38;2;0;0;0;48;2;29;12;1m▄[0m[38;2;206;73;2;48;2;225;86;8m▄[0m[38;2;249;81;1;48;2;249;133;26m▄[0m[38;2;249;83;2;48;2;249;130;20m▄[0m[38;2;68;19;1;48;2;103;32;2m▄[0m[38;2;0;0;0;48;2;1;0;0m▄[0m[38;2;119;43;1;48;2;117;59;7m▄[0m[38;2;249;84;1;48;2;248;115;20m▄[0m[38;2;158;59;1;48;2;160;74;11m▄[0m[38;2;0;0;0;48;2;0;0;0m▄[0m[38;2;227;76;1;48;2;228;142;40m▄[0m[38;2;89;38;1;48;2;146;75;15m▄[0m[38;2;231;113;8;48;2;251;215;61m▄[0m[38;2;250;161;27;48;2;251;220;70m▄[0m[38;2;196;101;6;48;2;245;211;63m▄[0m[38;2;143;64;2;48;2;164;88;13m▄[0m[38;2;249;96;2;48;2;250;188;55m▄[0m[38;2;237;99;3;48;2;238;144;20m▄[0m[38;2;18;0;0;48;2;18;0;0m▄[0m[38;2;101;49;2;48;2;101;81;24m▄[0m[38;2;249;93;2;48;2;250;180;45m▄[0m[38;2;249;87;2;48;2;250;184;42m▄[0m[38;2;161;107;10;48;2;250;196;34m▄[0m[38;2;52;23;3;48;2;250;218;68m▄[0m[38;2;195;109;8;48;2;251;224;76m▄[0m[38;2;62;32;1;48;2;63;47;18m▄[0m[38;2;0;0;0;48;2;0;0;0m▄[0m[38;2;0;0;0;48;2;0;0;0m▄[0m[38;2;0;0;0;48;2;0;0;0m▄[0m[38;2;0;0;0;48;2;0;0;0m▄[0m[38;2;0;0;0;48;2;0;0;0m▄[0m[0;40m       [0m
[0;40m      [0m[38;2;0;0;0;48;2;0;0;0m▄[0m[38;2;0;0;0;48;2;0;0;0m▄[0m[38;2;0;0;0;48;2;0;0;0m▄[0m[38;2;0;0;0;48;2;0;0;0m▄[0m[38;2;0;0;0;48;2;0;0;0m▄[0m[38;2;0;0;0;48;2;0;0;0m▄[0m[38;2;0;0;0;48;2;0;0;0m▄[0m[38;2;226;85;2;48;2;228;80;1m▄[0m[38;2;249;94;2;48;2;249;83;1m▄[0m[38;2;249;86;2;48;2;248;73;1m▄[0m[38;2;111;55;2;48;2;110;50;1m▄[0m[38;2;163;87;3;48;2;163;73;2m▄[0m[38;2;249;99;2;48;2;249;90;2m▄[0m[38;2;153;71;3;48;2;148;63;2m▄[0m[38;2;0;0;0;48;2;0;0;0m▄[0m[38;2;145;72;2;48;2;146;75;3m▄[0m[38;2;249;115;3;48;2;249;99;2m▄[0m[38;2;138;68;3;48;2;138;59;2m▄[0m[38;2;0;0;0;48;2;0;0;0m▄[0m[38;2;113;51;1;48;2;160;70;2m▄[0m[38;2;249;111;3;48;2;249;125;9m▄[0m[38;2;249;121;4;48;2;225;131;16m▄[0m[38;2;189;79;2;48;2;231;97;3m▄[0m[38;2;3;0;0;48;2;25;0;0m▄[0m[38;2;0;0;0;48;2;0;0;0m▄[0m[38;2;32;19;1;48;2;32;18;1m▄[0m[38;2;249;114;3;48;2;249;108;3m▄[0m[38;2;249;123;4;48;2;249;98;2m▄[0m[38;2;87;28;2;48;2;82;24;1m▄[0m[38;2;0;0;0;48;2;0;0;0m▄[0m[38;2;108;84;23;48;2;20;10;1m▄[0m[38;2;23;1;0;48;2;11;0;0m▄[0m[38;2;0;0;0;48;2;0;0;0m▄[0m[38;2;0;0;0;48;2;0;0;0m▄[0m[38;2;0;0;0;48;2;5;2;0m▄[0m[38;2;177;77;2;48;2;224;92;2m▄[0m[38;2;249;83;1;48;2;249;120;15m▄[0m[38;2;211;84;3;48;2;207;72;2m▄[0m[38;2;2;0;0;48;2;10;0;0m▄[0m[38;2;41;21;1;48;2;42;21;1m▄[0m[38;2;249;121;3;48;2;249;109;2m▄[0m[38;2;203;103;3;48;2;205;96;3m▄[0m[38;2;1;0;0;48;2;1;0;0m▄[0m[38;2;175;90;3;48;2;174;83;2m▄[0m[38;2;249;113;3;48;2;249;95;2m▄[0m[38;2;68;42;2;48;2;72;39;1m▄[0m[38;2;248;131;4;48;2;247;108;3m▄[0m[38;2;249;127;4;48;2;249;109;3m▄[0m[38;2;61;15;1;48;2;59;14;1m▄[0m[38;2;107;60;2;48;2;106;51;2m▄[0m[38;2;249;113;3;48;2;249;88;2m▄[0m[38;2;163;81;3;48;2;159;63;2m▄[0m[38;2;0;0;0;48;2;0;0;0m▄[0m[38;2;0;0;0;48;2;0;0;0m▄[0m[38;2;0;0;0;48;2;0;0;0m▄[0m[38;2;0;0;0;48;2;0;0;0m▄[0m[38;2;192;93;3;48;2;192;81;2m▄[0m[38;2;249;84;1;48;2;249;85;1m▄[0m[38;2;165;82;3;48;2;171;74;2m▄[0m[38;2;1;1;0;48;2;0;0;0m▄[0m[38;2;237;120;4;48;2;237;105;3m▄[0m[38;2;249;116;3;48;2;249;97;2m▄[0m[38;2;84;39;1;48;2;75;32;2m▄[0m[38;2;39;19;1;48;2;24;12;0m▄[0m[38;2;249;119;3;48;2;249;109;3m▄[0m[38;2;237;108;3;48;2;239;107;3m▄[0m[38;2;87;54;3;48;2;92;46;2m▄[0m[38;2;249;105;3;48;2;249;100;2m▄[0m[38;2;228;114;4;48;2;232;110;4m▄[0m[38;2;10;0;0;48;2;12;0;0m▄[0m[38;2;199;100;3;48;2;193;82;2m▄[0m[38;2;249;107;3;48;2;249;96;2m▄[0m[38;2;119;54;2;48;2;118;56;2m▄[0m[38;2;0;0;0;48;2;0;0;0m▄[0m[38;2;0;0;0;48;2;0;0;0m▄[0m[38;2;0;0;0;48;2;0;0;0m▄[0m[38;2;0;0;0;48;2;0;0;0m▄[0m[38;2;207;89;2;48;2;207;89;2m▄[0m[38;2;249;108;3;48;2;249;93;2m▄[0m[38;2;249;123;4;48;2;249;95;2m▄[0m[38;2;70;24;1;48;2;70;19;1m▄[0m[38;2;0;0;0;48;2;0;0;0m▄[0m[38;2;119;58;2;48;2;118;52;1m▄[0m[38;2;249;96;2;48;2;249;87;1m▄[0m[38;2;162;84;3;48;2;161;70;2m▄[0m[38;2;0;0;0;48;2;0;0;0m▄[0m[38;2;228;87;2;48;2;227;77;1m▄[0m[38;2;107;47;2;48;2;90;36;1m▄[0m[38;2;133;57;2;48;2;190;84;2m▄[0m[38;2;249;109;3;48;2;249;102;2m▄[0m[38;2;106;48;2;48;2;151;60;2m▄[0m[38;2;136;57;2;48;2;142;61;2m▄[0m[38;2;249;93;2;48;2;249;88;1m▄[0m[38;2;238;105;3;48;2;236;83;2m▄[0m[38;2;17;0;0;48;2;17;0;0m▄[0m[38;2;100;59;2;48;2;99;47;1m▄[0m[38;2;249;97;2;48;2;249;86;1m▄[0m[38;2;249;104;2;48;2;249;88;2m▄[0m[38;2;146;69;2;48;2;147;58;1m▄[0m[38;2;0;0;0;48;2;0;0;0m▄[0m[38;2;0;0;0;48;2;32;17;1m▄[0m[38;2;32;0;1;48;2;58;28;2m▄[0m[38;2;0;0;0;48;2;0;0;0m▄[0m[38;2;0;0;0;48;2;0;0;0m▄[0m[38;2;0;0;0;48;2;0;0;0m▄[0m[38;2;0;0;0;48;2;0;0;0m▄[0m[38;2;0;0;0;48;2;0;0;0m▄[0m[0;40m       [0m
[0;40m      [0m[38;2;0;0;0;48;2;0;0;0m▄[0m[38;2;0;0;0;48;2;0;0;0m▄[0m[38;2;0;0;0;48;2;0;0;0m▄[0m[38;2;0;0;0;48;2;0;0;0m▄[0m[38;2;0;0;0;48;2;0;0;0m▄[0m[38;2;0;0;0;48;2;0;0;0m▄[0m[38;2;1;1;0;48;2;0;0;0m▄[0m[38;2;229;110;4;48;2;226;119;4m▄[0m[38;2;249;115;3;48;2;249;100;2m▄[0m[38;2;249;121;3;48;2;249;102;2m▄[0m[38;2;123;75;4;48;2;113;63;2m▄[0m[38;2;100;51;2;48;2;163;95;3m▄[0m[38;2;249;123;4;48;2;249;114;3m▄[0m[38;2;236;122;4;48;2;166;77;3m▄[0m[38;2;146;97;6;48;2;0;0;0m▄[0m[38;2;248;142;5;48;2;178;88;3m▄[0m[38;2;236;127;4;48;2;249;113;3m▄[0m[38;2;38;10;0;48;2;140;64;3m▄[0m[38;2;0;0;0;48;2;0;0;0m▄[0m[38;2;33;13;0;48;2;80;49;2m▄[0m[38;2;249;153;6;48;2;250;136;4m▄[0m[38;2;249;150;5;48;2;249;125;4m▄[0m[38;2;67;23;1;48;2;139;65;3m▄[0m[38;2;0;0;0;48;2;0;0;0m▄[0m[38;2;0;0;0;48;2;0;0;0m▄[0m[38;2;34;24;2;48;2;33;22;1m▄[0m[38;2;250;144;5;48;2;250;140;5m▄[0m[38;2;250;132;4;48;2;250;143;6m▄[0m[38;2;247;162;18;48;2;73;34;2m▄[0m[38;2;249;154;10;48;2;59;45;8m▄[0m[38;2;243;159;7;48;2;229;158;17m▄[0m[38;2;29;1;0;48;2;28;1;0m▄[0m[38;2;0;0;0;48;2;0;0;0m▄[0m[38;2;0;0;0;48;2;0;0;0m▄[0m[38;2;0;0;0;48;2;0;0;0m▄[0m[38;2;176;111;5;48;2;175;95;3m▄[0m[38;2;249;121;3;48;2;249;109;3m▄[0m[38;2;215;106;5;48;2;210;84;3m▄[0m[38;2;1;0;0;48;2;0;0;0m▄[0m[38;2;0;0;0;48;2;34;18;1m▄[0m[38;2;159;94;5;48;2;244;125;4m▄[0m[38;2;250;139;7;48;2;240;122;4m▄[0m[38;2;250;145;5;48;2;46;24;1m▄[0m[38;2;250;137;5;48;2;224;122;4m▄[0m[38;2;188;108;5;48;2;247;121;4m▄[0m[38;2;18;0;0;48;2;68;34;1m▄[0m[38;2;116;71;3;48;2;234;123;4m▄[0m[38;2;249;140;5;48;2;250;129;4m▄[0m[38;2;250;143;5;48;2;113;68;3m▄[0m[38;2;250;145;5;48;2;172;103;4m▄[0m[38;2;232;146;8;48;2;250;130;4m▄[0m[38;2;60;22;1;48;2;156;77;3m▄[0m[38;2;0;0;0;48;2;0;0;0m▄[0m[38;2;0;0;0;48;2;0;0;0m▄[0m[38;2;0;0;0;48;2;0;0;0m▄[0m[38;2;0;0;0;48;2;0;0;0m▄[0m[38;2;193;119;6;48;2;193;101;4m▄[0m[38;2;250;124;4;48;2;249;114;3m▄[0m[38;2;171;108;5;48;2;164;101;4m▄[0m[38;2;0;0;0;48;2;0;0;0m▄[0m[38;2;34;16;1;48;2;159;82;3m▄[0m[38;2;204;124;6;48;2;250;130;4m▄[0m[38;2;250;154;11;48;2;180;105;4m▄[0m[38;2;250;153;9;48;2;164;104;4m▄[0m[38;2;218;133;6;48;2;249;121;4m▄[0m[38;2;57;26;1;48;2;195;94;4m▄[0m[38;2;8;1;0;48;2;70;42;2m▄[0m[38;2;217;127;5;48;2;249;115;3m▄[0m[38;2;250;128;4;48;2;242;127;5m▄[0m[38;2;184;111;9;48;2;21;2;0m▄[0m[38;2;237;135;5;48;2;192;101;3m▄[0m[38;2;250;134;4;48;2;249;120;3m▄[0m[38;2;118;65;3;48;2;119;62;3m▄[0m[38;2;0;0;0;48;2;0;0;0m▄[0m[38;2;0;0;0;48;2;0;0;0m▄[0m[38;2;0;0;0;48;2;0;0;0m▄[0m[38;2;0;0;0;48;2;0;0;0m▄[0m[38;2;209;127;5;48;2;208;106;4m▄[0m[38;2;250;130;4;48;2;249;119;3m▄[0m[38;2;250;140;5;48;2;249;129;4m▄[0m[38;2;71;27;1;48;2;69;24;1m▄[0m[38;2;0;0;0;48;2;0;0;0m▄[0m[38;2;118;69;3;48;2;119;66;2m▄[0m[38;2;250;125;4;48;2;249;113;3m▄[0m[38;2;170;95;4;48;2;162;91;3m▄[0m[38;2;0;0;0;48;2;0;0;0m▄[0m[38;2;228;130;5;48;2;228;114;4m▄[0m[38;2;107;58;3;48;2;100;52;2m▄[0m[38;2;27;9;0;48;2;89;44;2m▄[0m[38;2;224;118;4;48;2;248;125;4m▄[0m[38;2;9;0;0;48;2;37;10;0m▄[0m[38;2;137;68;2;48;2;143;75;3m▄[0m[38;2;250;127;4;48;2;249;108;3m▄[0m[38;2;239;135;5;48;2;237;111;3m▄[0m[38;2;18;0;0;48;2;17;0;0m▄[0m[38;2;103;71;4;48;2;99;61;3m▄[0m[38;2;250;131;4;48;2;250;124;4m▄[0m[38;2;250;127;4;48;2;249;102;2m▄[0m[38;2;149;87;3;48;2;147;86;3m▄[0m[38;2;0;0;0;48;2;0;0;0m▄[0m[38;2;0;0;0;48;2;0;0;0m▄[0m[38;2;0;0;0;48;2;0;0;0m▄[0m[38;2;0;0;0;48;2;0;0;0m▄[0m[38;2;0;0;0;48;2;0;0;0m▄[0m[38;2;0;0;0;48;2;0;0;0m▄[0m[38;2;0;0;0;48;2;0;0;0m▄[0m[38;2;0;0;0;48;2;0;0;0m▄[0m[0;40m       [0m
[0;40m      [0m[38;2;0;0;0;48;2;0;0;0m▄[0m[38;2;0;0;0;48;2;0;0;0m▄[0m[38;2;0;0;0;48;2;0;0;0m▄[0m[38;2;0;0;0;48;2;0;0;0m▄[0m[38;2;0;0;0;48;2;0;0;0m▄[0m[38;2;0;0;0;48;2;0;0;0m▄[0m[38;2;0;0;0;48;2;1;1;0m▄[0m[38;2;231;141;7;48;2;230;142;7m▄[0m[38;2;250;138;4;48;2;249;117;3m▄[0m[38;2;250;137;4;48;2;250;124;4m▄[0m[38;2;148;83;5;48;2;143;80;5m▄[0m[38;2;0;0;0;48;2;8;1;0m▄[0m[38;2;5;0;0;48;2;170;102;4m▄[0m[38;2;68;46;8;48;2;248;152;9m▄[0m[38;2;97;79;21;48;2;250;150;5m▄[0m[38;2;36;19;1;48;2;240;147;6m▄[0m[38;2;68;53;14;48;2;113;63;3m▄[0m[38;2;176;99;27;48;2;48;17;1m▄[0m[38;2;0;0;0;48;2;0;0;0m▄[0m[38;2;0;0;0;48;2;6;1;0m▄[0m[38;2;194;118;5;48;2;229;140;6m▄[0m[38;2;180;112;6;48;2;226;148;7m▄[0m[38;2;3;0;0;48;2;27;2;0m▄[0m[38;2;0;0;0;48;2;0;0;0m▄[0m[38;2;40;15;2;48;2;0;0;0m▄[0m[38;2;112;53;18;48;2;139;106;17m▄[0m[38;2;38;3;0;48;2;224;144;13m▄[0m[38;2;20;0;0;48;2;170;117;19m▄[0m[38;2;6;0;0;48;2;138;78;6m▄[0m[38;2;0;0;0;48;2;102;59;6m▄[0m[38;2;0;0;0;48;2;80;46;3m▄[0m[38;2;0;0;0;48;2;33;0;1m▄[0m[38;2;0;0;0;48;2;0;0;0m▄[0m[38;2;0;0;0;48;2;0;0;0m▄[0m[38;2;0;0;0;48;2;0;0;0m▄[0m[38;2;180;133;7;48;2;179;117;6m▄[0m[38;2;249;161;6;48;2;250;138;4m▄[0m[38;2;217;133;7;48;2;217;123;6m▄[0m[38;2;2;0;0;48;2;1;0;0m▄[0m[38;2;0;0;0;48;2;0;0;0m▄[0m[38;2;0;0;0;48;2;12;3;0m▄[0m[38;2;2;0;0;48;2;129;78;8m▄[0m[38;2;4;0;0;48;2;188;130;26m▄[0m[38;2;3;0;0;48;2;139;82;4m▄[0m[38;2;0;0;0;48;2;24;5;0m▄[0m[38;2;0;0;0;48;2;0;0;0m▄[0m[38;2;0;0;0;48;2;2;0;0m▄[0m[38;2;2;0;0;48;2;94;47;3m▄[0m[38;2;9;0;0;48;2;191;133;33m▄[0m[38;2;9;0;0;48;2;165;109;8m▄[0m[38;2;0;0;0;48;2;57;23;3m▄[0m[38;2;0;0;0;48;2;2;0;0m▄[0m[38;2;0;0;0;48;2;0;0;0m▄[0m[38;2;0;0;0;48;2;0;0;0m▄[0m[38;2;0;0;0;48;2;0;0;0m▄[0m[38;2;4;0;0;48;2;0;0;0m▄[0m[38;2;192;138;7;48;2;193;126;6m▄[0m[38;2;250;151;5;48;2;250;142;5m▄[0m[38;2;224;160;19;48;2;168;122;7m▄[0m[38;2;171;148;47;48;2;0;0;0m▄[0m[38;2;173;146;38;48;2;0;0;0m▄[0m[38;2;170;143;39;48;2;5;1;0m▄[0m[38;2;172;144;34;48;2;72;58;14m▄[0m[38;2;223;168;26;48;2;86;66;10m▄[0m[38;2;18;1;0;48;2;22;2;0m▄[0m[38;2;0;0;0;48;2;0;0;0m▄[0m[38;2;0;0;0;48;2;0;0;0m▄[0m[38;2;0;0;0;48;2;36;20;1m▄[0m[38;2;19;0;0;48;2;190;114;7m▄[0m[38;2;34;9;0;48;2;246;164;24m▄[0m[38;2;27;4;0;48;2;238;156;12m▄[0m[38;2;85;34;6;48;2;249;154;15m▄[0m[38;2;87;33;4;48;2;117;71;3m▄[0m[38;2;0;0;0;48;2;0;0;0m▄[0m[38;2;0;0;0;48;2;0;0;0m▄[0m[38;2;0;0;0;48;2;0;0;0m▄[0m[38;2;0;0;0;48;2;0;0;0m▄[0m[38;2;209;143;7;48;2;207;129;6m▄[0m[38;2;250;156;6;48;2;250;134;4m▄[0m[38;2;250;165;7;48;2;250;149;6m▄[0m[38;2;44;31;2;48;2;70;28;1m▄[0m[38;2;12;10;3;48;2;0;0;0m▄[0m[38;2;196;143;27;48;2;117;82;4m▄[0m[38;2;250;160;9;48;2;250;142;5m▄[0m[38;2;190;127;6;48;2;168;110;5m▄[0m[38;2;2;2;0;48;2;0;0;0m▄[0m[38;2;232;155;10;48;2;229;143;7m▄[0m[38;2;100;65;5;48;2;99;58;3m▄[0m[38;2;0;0;0;48;2;0;0;0m▄[0m[38;2;52;15;1;48;2;130;80;4m▄[0m[38;2;0;0;0;48;2;0;0;0m▄[0m[38;2;144;96;5;48;2;141;88;4m▄[0m[38;2;250;148;5;48;2;250;139;5m▄[0m[38;2;238;161;8;48;2;239;150;7m▄[0m[38;2;18;0;0;48;2;19;0;0m▄[0m[38;2;104;79;4;48;2;103;80;5m▄[0m[38;2;250;146;5;48;2;250;137;4m▄[0m[38;2;250;148;5;48;2;250;126;4m▄[0m[38;2;147;101;5;48;2;149;99;5m▄[0m[38;2;0;0;0;48;2;0;0;0m▄[0m[38;2;0;0;0;48;2;0;0;0m▄[0m[38;2;0;0;0;48;2;0;0;0m▄[0m[38;2;31;7;1;48;2;0;0;0m▄[0m[38;2;0;0;0;48;2;0;0;0m▄[0m[38;2;0;0;0;48;2;0;0;0m▄[0m[38;2;0;0;0;48;2;0;0;0m▄[0m[38;2;0;0;0;48;2;0;0;0m▄[0m[0;40m       [0m
[0;40m      [0m[38;2;0;0;0;48;2;0;0;0m▄[0m[38;2;0;0;0;48;2;0;0;0m▄[0m[38;2;0;0;0;48;2;0;0;0m▄[0m[38;2;0;0;0;48;2;0;0;0m▄[0m[38;2;0;0;0;48;2;0;0;0m▄[0m[38;2;0;0;0;48;2;0;0;0m▄[0m[38;2;1;1;0;48;2;1;1;0m▄[0m[38;2;230;173;23;48;2;230;156;14m▄[0m[38;2;249;171;7;48;2;249;159;6m▄[0m[38;2;250;178;8;48;2;250;153;5m▄[0m[38;2;164;126;21;48;2;149;89;6m▄[0m[38;2;143;120;38;48;2;0;0;0m▄[0m[38;2;220;169;32;48;2;0;0;0m▄[0m[38;2;249;183;22;48;2;53;42;14m▄[0m[38;2;250;182;16;48;2;124;92;20m▄[0m[38;2;249;179;19;48;2;201;156;38m▄[0m[38;2;236;185;36;48;2;249;178;21m▄[0m[38;2;175;87;16;48;2;172;86;6m▄[0m[38;2;0;0;0;48;2;0;0;0m▄[0m[38;2;0;0;0;48;2;0;0;0m▄[0m[38;2;86;61;3;48;2;141;95;5m▄[0m[38;2;42;10;1;48;2;109;63;4m▄[0m[38;2;0;0;0;48;2;0;0;0m▄[0m[38;2;0;0;0;48;2;0;0;0m▄[0m[38;2;0;0;0;48;2;6;0;0m▄[0m[38;2;0;0;0;48;2;1;0;0m▄[0m[38;2;0;0;0;48;2;0;0;0m▄[0m[38;2;0;0;0;48;2;0;0;0m▄[0m[38;2;0;0;0;48;2;0;0;0m▄[0m[38;2;0;0;0;48;2;0;0;0m▄[0m[38;2;0;0;0;48;2;0;0;0m▄[0m[38;2;0;0;0;48;2;0;0;0m▄[0m[38;2;0;0;0;48;2;0;0;0m▄[0m[38;2;0;0;0;48;2;0;0;0m▄[0m[38;2;50;34;6;48;2;0;0;0m▄[0m[38;2;246;202;48;48;2;185;143;14m▄[0m[38;2;185;137;27;48;2;250;181;9m▄[0m[38;2;116;78;21;48;2;227;167;11m▄[0m[38;2;71;35;8;48;2;23;16;4m▄[0m[38;2;0;0;0;48;2;0;0;0m▄[0m[38;2;0;0;0;48;2;0;0;0m▄[0m[38;2;0;0;0;48;2;0;0;0m▄[0m[38;2;0;0;0;48;2;0;0;0m▄[0m[38;2;0;0;0;48;2;0;0;0m▄[0m[38;2;0;0;0;48;2;0;0;0m▄[0m[38;2;0;0;0;48;2;0;0;0m▄[0m[38;2;0;0;0;48;2;0;0;0m▄[0m[38;2;0;0;0;48;2;0;0;0m▄[0m[38;2;0;0;0;48;2;0;0;0m▄[0m[38;2;0;0;0;48;2;0;0;0m▄[0m[38;2;0;0;0;48;2;0;0;0m▄[0m[38;2;0;0;0;48;2;0;0;0m▄[0m[38;2;0;0;0;48;2;0;0;0m▄[0m[38;2;0;0;0;48;2;0;0;0m▄[0m[38;2;0;0;0;48;2;0;0;0m▄[0m[38;2;132;59;18;48;2;54;40;11m▄[0m[38;2;86;23;3;48;2;246;188;24m▄[0m[38;2;47;5;1;48;2;245;176;12m▄[0m[38;2;40;5;0;48;2;245;184;19m▄[0m[38;2;41;5;0;48;2;244;180;18m▄[0m[38;2;52;11;2;48;2;248;186;31m▄[0m[38;2;47;16;1;48;2;250;189;23m▄[0m[38;2;65;16;1;48;2;250;188;27m▄[0m[38;2;92;48;7;48;2;243;175;16m▄[0m[38;2;34;1;1;48;2;33;2;1m▄[0m[38;2;0;0;0;48;2;0;0;0m▄[0m[38;2;0;0;0;48;2;0;0;0m▄[0m[38;2;0;0;0;48;2;0;0;0m▄[0m[38;2;0;0;0;48;2;0;0;0m▄[0m[38;2;0;0;0;48;2;0;0;0m▄[0m[38;2;0;0;0;48;2;0;0;0m▄[0m[38;2;0;0;0;48;2;0;0;0m▄[0m[38;2;0;0;0;48;2;0;0;0m▄[0m[38;2;0;0;0;48;2;0;0;0m▄[0m[38;2;0;0;0;48;2;0;0;0m▄[0m[38;2;0;0;0;48;2;0;0;0m▄[0m[38;2;0;0;0;48;2;0;0;0m▄[0m[38;2;210;170;33;48;2;208;159;23m▄[0m[38;2;250;188;16;48;2;250;181;9m▄[0m[38;2;251;195;27;48;2;250;177;13m▄[0m[38;2;48;33;9;48;2;39;30;4m▄[0m[38;2;0;0;0;48;2;23;11;3m▄[0m[38;2;0;0;0;48;2;66;37;8m▄[0m[38;2;0;0;0;48;2;105;66;11m▄[0m[38;2;3;0;0;48;2;149;98;29m▄[0m[38;2;19;0;0;48;2;90;63;12m▄[0m[38;2;42;1;0;48;2;223;169;31m▄[0m[38;2;85;26;3;48;2;157;109;22m▄[0m[38;2;31;1;0;48;2;2;0;0m▄[0m[38;2;0;0;0;48;2;12;0;0m▄[0m[38;2;42;28;7;48;2;0;0;0m▄[0m[38;2;213;168;26;48;2;144;110;15m▄[0m[38;2;250;187;16;48;2;250;174;8m▄[0m[38;2;246;182;11;48;2;238;175;9m▄[0m[38;2;37;20;2;48;2;23;0;0m▄[0m[38;2;106;92;28;48;2;103;84;13m▄[0m[38;2;250;178;8;48;2;249;163;6m▄[0m[38;2;250;181;9;48;2;250;156;6m▄[0m[38;2;150;117;19;48;2;150;114;10m▄[0m[38;2;0;0;0;48;2;0;0;0m▄[0m[38;2;0;0;0;48;2;0;0;0m▄[0m[38;2;75;65;25;48;2;1;0;0m▄[0m[38;2;166;105;43;48;2;148;66;23m▄[0m[38;2;0;0;0;48;2;0;0;0m▄[0m[38;2;0;0;0;48;2;0;0;0m▄[0m[38;2;0;0;0;48;2;0;0;0m▄[0m[38;2;0;0;0;48;2;0;0;0m▄[0m[0;40m       [0m
[0;40m      [0m[38;2;0;0;0;48;2;0;0;0m▄[0m[38;2;0;0;0;48;2;0;0;0m▄[0m[38;2;0;0;0;48;2;0;0;0m▄[0m[38;2;0;0;0;48;2;0;0;0m▄[0m[38;2;0;0;0;48;2;0;0;0m▄[0m[38;2;0;0;0;48;2;0;0;0m▄[0m[38;2;128;97;22;48;2;33;22;5m▄[0m[38;2;250;186;11;48;2;241;183;20m▄[0m[38;2;250;189;14;48;2;250;182;9m▄[0m[38;2;245;198;34;48;2;250;184;10m▄[0m[38;2;197;139;35;48;2;250;187;14m▄[0m[38;2;146;67;24;48;2;250;191;23m▄[0m[38;2;105;8;2;48;2;241;191;37m▄[0m[38;2;66;0;1;48;2;196;135;25m▄[0m[38;2;39;0;1;48;2;153;84;22m▄[0m[38;2;8;0;0;48;2;125;34;11m▄[0m[38;2;0;0;0;48;2;84;4;1m▄[0m[38;2;0;0;0;48;2;76;1;1m▄[0m[38;2;0;0;0;48;2;20;0;0m▄[0m[38;2;0;0;0;48;2;0;0;0m▄[0m[38;2;0;0;0;48;2;29;0;0m▄[0m[38;2;0;0;0;48;2;4;0;0m▄[0m[38;2;0;0;0;48;2;0;0;0m▄[0m[38;2;0;0;0;48;2;0;0;0m▄[0m[38;2;0;0;0;48;2;0;0;0m▄[0m[38;2;0;0;0;48;2;0;0;0m▄[0m[38;2;0;0;0;48;2;0;0;0m▄[0m[38;2;0;0;0;48;2;0;0;0m▄[0m[38;2;0;0;0;48;2;0;0;0m▄[0m[38;2;0;0;0;48;2;0;0;0m▄[0m[38;2;0;0;0;48;2;0;0;0m▄[0m[38;2;0;0;0;48;2;0;0;0m▄[0m[38;2;0;0;0;48;2;0;0;0m▄[0m[38;2;25;0;1;48;2;9;3;0m▄[0m[38;2;35;0;1;48;2;138;92;28m▄[0m[38;2;0;0;0;48;2;78;27;9m▄[0m[38;2;0;0;0;48;2;19;0;0m▄[0m[38;2;0;0;0;48;2;1;0;0m▄[0m[38;2;0;0;0;48;2;0;0;0m▄[0m[38;2;0;0;0;48;2;0;0;0m▄[0m[38;2;0;0;0;48;2;0;0;0m▄[0m[38;2;0;0;0;48;2;0;0;0m▄[0m[38;2;0;0;0;48;2;0;0;0m▄[0m[38;2;0;0;0;48;2;0;0;0m▄[0m[38;2;0;0;0;48;2;0;0;0m▄[0m[38;2;0;0;0;48;2;0;0;0m▄[0m[38;2;0;0;0;48;2;0;0;0m▄[0m[38;2;0;0;0;48;2;0;0;0m▄[0m[38;2;0;0;0;48;2;0;0;0m▄[0m[38;2;0;0;0;48;2;0;0;0m▄[0m[38;2;0;0;0;48;2;0;0;0m▄[0m[38;2;0;0;0;48;2;0;0;0m▄[0m[38;2;0;0;0;48;2;0;0;0m▄[0m[38;2;0;0;0;48;2;0;0;0m▄[0m[38;2;0;0;0;48;2;0;0;0m▄[0m[38;2;0;0;0;48;2;0;0;0m▄[0m[38;2;0;0;0;48;2;0;0;0m▄[0m[38;2;0;0;0;48;2;0;0;0m▄[0m[38;2;0;0;0;48;2;0;0;0m▄[0m[38;2;0;0;0;48;2;0;0;0m▄[0m[38;2;0;0;0;48;2;0;0;0m▄[0m[38;2;0;0;0;48;2;0;0;0m▄[0m[38;2;0;0;0;48;2;0;0;0m▄[0m[38;2;0;0;0;48;2;0;0;0m▄[0m[38;2;0;0;0;48;2;0;0;0m▄[0m[38;2;0;0;0;48;2;0;0;0m▄[0m[38;2;0;0;0;48;2;0;0;0m▄[0m[38;2;0;0;0;48;2;0;0;0m▄[0m[38;2;0;0;0;48;2;0;0;0m▄[0m[38;2;0;0;0;48;2;0;0;0m▄[0m[38;2;0;0;0;48;2;0;0;0m▄[0m[38;2;0;0;0;48;2;0;0;0m▄[0m[38;2;0;0;0;48;2;0;0;0m▄[0m[38;2;0;0;0;48;2;0;0;0m▄[0m[38;2;0;0;0;48;2;0;0;0m▄[0m[38;2;21;1;0;48;2;25;10;2m▄[0m[38;2;130;41;10;48;2;135;115;41m▄[0m[38;2;243;188;37;48;2;248;217;67m▄[0m[38;2;252;217;58;48;2;252;219;62m▄[0m[38;2;251;205;40;48;2;252;218;59m▄[0m[38;2;181;97;21;48;2;181;160;55m▄[0m[38;2;47;2;1;48;2;60;37;9m▄[0m[38;2;0;0;0;48;2;0;0;0m▄[0m[38;2;0;0;0;48;2;0;0;0m▄[0m[38;2;0;0;0;48;2;0;0;0m▄[0m[38;2;0;0;0;48;2;0;0;0m▄[0m[38;2;0;0;0;48;2;0;0;0m▄[0m[38;2;0;0;0;48;2;0;0;0m▄[0m[38;2;0;0;0;48;2;0;0;0m▄[0m[38;2;0;0;0;48;2;0;0;0m▄[0m[38;2;0;0;0;48;2;35;1;0m▄[0m[38;2;0;0;0;48;2;78;26;4m▄[0m[38;2;6;0;0;48;2;134;74;21m▄[0m[38;2;32;0;0;48;2;191;134;34m▄[0m[38;2;58;8;2;48;2;136;110;24m▄[0m[38;2;121;52;19;48;2;211;170;37m▄[0m[38;2;180;122;38;48;2;250;185;11m▄[0m[38;2;232;188;37;48;2;250;184;10m▄[0m[38;2;251;193;21;48;2;244;185;20m▄[0m[38;2;250;182;9;48;2;180;137;25m▄[0m[38;2;250;184;10;48;2;120;96;27m▄[0m[38;2;250;188;12;48;2;235;189;35m▄[0m[38;2;166;96;13;48;2;166;99;24m▄[0m[38;2;0;0;0;48;2;0;0;0m▄[0m[38;2;0;0;0;48;2;0;0;0m▄[0m[38;2;0;0;0;48;2;0;0;0m▄[0m[38;2;0;0;0;48;2;0;0;0m▄[0m[0;40m       [0m
[0;40m      [0m[38;2;0;0;0;48;2;0;0;0m▄[0m[38;2;0;0;0;48;2;0;0;0m▄[0m[38;2;0;0;0;48;2;0;0;0m▄[0m[38;2;0;0;0;48;2;0;0;0m▄[0m[38;2;2;2;0;48;2;0;0;0m▄[0m[38;2;167;142;40;48;2;32;21;2m▄[0m[38;2;179;109;36;48;2;241;191;32m▄[0m[38;2;111;12;3;48;2;236;190;41m▄[0m[38;2;79;0;2;48;2;176;106;30m▄[0m[38;2;19;0;0;48;2;126;25;9m▄[0m[38;2;0;0;0;48;2;99;0;2m▄[0m[38;2;0;0;0;48;2;42;0;1m▄[0m[38;2;0;0;0;48;2;9;0;0m▄[0m[38;2;0;0;0;48;2;0;0;0m▄[0m[38;2;0;0;0;48;2;0;0;0m▄[0m[38;2;0;0;0;48;2;0;0;0m▄[0m[38;2;0;0;0;48;2;0;0;0m▄[0m[38;2;0;0;0;48;2;0;0;0m▄[0m[38;2;0;0;0;48;2;0;0;0m▄[0m[38;2;0;0;0;48;2;0;0;0m▄[0m[38;2;0;0;0;48;2;0;0;0m▄[0m[38;2;0;0;0;48;2;0;0;0m▄[0m[38;2;0;0;0;48;2;0;0;0m▄[0m[38;2;0;0;0;48;2;0;0;0m▄[0m[38;2;0;0;0;48;2;0;0;0m▄[0m[38;2;0;0;0;48;2;0;0;0m▄[0m[38;2;0;0;0;48;2;0;0;0m▄[0m[38;2;0;0;0;48;2;0;0;0m▄[0m[38;2;0;0;0;48;2;0;0;0m▄[0m[38;2;0;0;0;48;2;0;0;0m▄[0m[38;2;0;0;0;48;2;0;0;0m▄[0m[38;2;0;0;0;48;2;0;0;0m▄[0m[38;2;0;0;0;48;2;0;0;0m▄[0m[38;2;0;0;0;48;2;0;0;0m▄[0m[38;2;0;0;0;48;2;0;0;0m▄[0m[38;2;0;0;0;48;2;0;0;0m▄[0m[38;2;0;0;0;48;2;0;0;0m▄[0m[38;2;0;0;0;48;2;0;0;0m▄[0m[38;2;0;0;0;48;2;0;0;0m▄[0m[38;2;0;0;0;48;2;0;0;0m▄[0m[38;2;0;0;0;48;2;0;0;0m▄[0m[38;2;0;0;0;48;2;0;0;0m▄[0m[38;2;0;0;0;48;2;0;0;0m▄[0m[38;2;0;0;0;48;2;0;0;0m▄[0m[38;2;0;0;0;48;2;0;0;0m▄[0m[38;2;0;0;0;48;2;0;0;0m▄[0m[38;2;0;0;0;48;2;0;0;0m▄[0m[38;2;0;0;0;48;2;0;0;0m▄[0m[38;2;0;0;0;48;2;0;0;0m▄[0m[38;2;0;0;0;48;2;0;0;0m▄[0m[38;2;0;0;0;48;2;0;0;0m▄[0m[38;2;0;0;0;48;2;0;0;0m▄[0m[38;2;0;0;0;48;2;0;0;0m▄[0m[38;2;0;0;0;48;2;0;0;0m▄[0m[38;2;0;0;0;48;2;0;0;0m▄[0m[38;2;0;0;0;48;2;0;0;0m▄[0m[38;2;0;0;0;48;2;0;0;0m▄[0m[38;2;0;0;0;48;2;0;0;0m▄[0m[38;2;0;0;0;48;2;0;0;0m▄[0m[38;2;0;0;0;48;2;0;0;0m▄[0m[38;2;0;0;0;48;2;0;0;0m▄[0m[38;2;0;0;0;48;2;0;0;0m▄[0m[38;2;0;0;0;48;2;0;0;0m▄[0m[38;2;0;0;0;48;2;0;0;0m▄[0m[38;2;0;0;0;48;2;0;0;0m▄[0m[38;2;0;0;0;48;2;0;0;0m▄[0m[38;2;0;0;0;48;2;0;0;0m▄[0m[38;2;0;0;0;48;2;0;0;0m▄[0m[38;2;0;0;0;48;2;0;0;0m▄[0m[38;2;0;0;0;48;2;0;0;0m▄[0m[38;2;0;0;0;48;2;0;0;0m▄[0m[38;2;0;0;0;48;2;0;0;0m▄[0m[38;2;0;0;0;48;2;0;0;0m▄[0m[38;2;0;0;0;48;2;0;0;0m▄[0m[38;2;0;0;0;48;2;0;0;0m▄[0m[38;2;0;0;0;48;2;0;0;0m▄[0m[38;2;0;0;0;48;2;10;0;0m▄[0m[38;2;46;6;0;48;2;170;71;5m▄[0m[38;2;246;183;13;48;2;251;202;25m▄[0m[38;2;153;55;5;48;2;230;135;9m▄[0m[38;2;0;0;0;48;2;41;1;1m▄[0m[38;2;0;0;0;48;2;0;0;0m▄[0m[38;2;0;0;0;48;2;0;0;0m▄[0m[38;2;0;0;0;48;2;0;0;0m▄[0m[38;2;0;0;0;48;2;0;0;0m▄[0m[38;2;0;0;0;48;2;0;0;0m▄[0m[38;2;0;0;0;48;2;0;0;0m▄[0m[38;2;0;0;0;48;2;0;0;0m▄[0m[38;2;0;0;0;48;2;0;0;0m▄[0m[38;2;0;0;0;48;2;0;0;0m▄[0m[38;2;0;0;0;48;2;0;0;0m▄[0m[38;2;0;0;0;48;2;0;0;0m▄[0m[38;2;0;0;0;48;2;0;0;0m▄[0m[38;2;0;0;0;48;2;0;0;0m▄[0m[38;2;0;0;0;48;2;0;0;0m▄[0m[38;2;0;0;0;48;2;8;0;0m▄[0m[38;2;0;0;0;48;2;40;0;1m▄[0m[38;2;0;0;0;48;2;81;7;1m▄[0m[38;2;27;0;0;48;2;143;73;19m▄[0m[38;2;76;2;1;48;2;219;165;38m▄[0m[38;2;149;69;20;48;2;251;194;18m▄[0m[38;2;226;175;29;48;2;250;186;10m▄[0m[38;2;178;99;17;48;2;169;98;17m▄[0m[38;2;0;0;0;48;2;0;0;0m▄[0m[38;2;0;0;0;48;2;0;0;0m▄[0m[38;2;0;0;0;48;2;0;0;0m▄[0m[38;2;0;0;0;48;2;0;0;0m▄[0m[0;40m       [0m
[0;40m      [0m[38;2;0;0;0;48;2;0;0;0m▄[0m[38;2;0;0;0;48;2;0;0;0m▄[0m[38;2;0;0;0;48;2;0;0;0m▄[0m[38;2;0;0;0;48;2;0;0;0m▄[0m[38;2;1;0;0;48;2;64;31;7m▄[0m[38;2;21;0;0;48;2;132;19;7m▄[0m[38;2;0;0;0;48;2;75;0;1m▄[0m[38;2;0;0;0;48;2;16;0;0m▄[0m[38;2;0;0;0;48;2;0;0;0m▄[0m[38;2;0;0;0;48;2;0;0;0m▄[0m[38;2;0;0;0;48;2;0;0;0m▄[0m[38;2;0;0;0;48;2;0;0;0m▄[0m[38;2;0;0;0;48;2;0;0;0m▄[0m[38;2;0;0;0;48;2;0;0;0m▄[0m[38;2;0;0;0;48;2;0;0;0m▄[0m[38;2;0;0;0;48;2;0;0;0m▄[0m[38;2;0;0;0;48;2;0;0;0m▄[0m[38;2;0;0;0;48;2;0;0;0m▄[0m[38;2;0;0;0;48;2;0;0;0m▄[0m[38;2;0;0;0;48;2;0;0;0m▄[0m[38;2;0;0;0;48;2;0;0;0m▄[0m[38;2;0;0;0;48;2;0;0;0m▄[0m[38;2;0;0;0;48;2;0;0;0m▄[0m[38;2;0;0;0;48;2;0;0;0m▄[0m[38;2;0;0;0;48;2;0;0;0m▄[0m[38;2;0;0;0;48;2;0;0;0m▄[0m[38;2;0;0;0;48;2;0;0;0m▄[0m[38;2;0;0;0;48;2;0;0;0m▄[0m[38;2;0;0;0;48;2;0;0;0m▄[0m[38;2;0;0;0;48;2;0;0;0m▄[0m[38;2;0;0;0;48;2;0;0;0m▄[0m[38;2;0;0;0;48;2;0;0;0m▄[0m[38;2;0;0;0;48;2;0;0;0m▄[0m[38;2;0;0;0;48;2;0;0;0m▄[0m[38;2;0;0;0;48;2;0;0;0m▄[0m[38;2;0;0;0;48;2;0;0;0m▄[0m[38;2;0;0;0;48;2;0;0;0m▄[0m[38;2;0;0;0;48;2;0;0;0m▄[0m[38;2;0;0;0;48;2;0;0;0m▄[0m[38;2;0;0;0;48;2;0;0;0m▄[0m[38;2;0;0;0;48;2;0;0;0m▄[0m[38;2;0;0;0;48;2;0;0;0m▄[0m[38;2;0;0;0;48;2;0;0;0m▄[0m[38;2;0;0;0;48;2;0;0;0m▄[0m[38;2;0;0;0;48;2;0;0;0m▄[0m[38;2;0;0;0;48;2;0;0;0m▄[0m[38;2;0;0;0;48;2;0;0;0m▄[0m[38;2;0;0;0;48;2;0;0;0m▄[0m[38;2;0;0;0;48;2;0;0;0m▄[0m[38;2;0;0;0;48;2;0;0;0m▄[0m[38;2;0;0;0;48;2;0;0;0m▄[0m[38;2;0;0;0;48;2;0;0;0m▄[0m[38;2;0;0;0;48;2;0;0;0m▄[0m[38;2;0;0;0;48;2;0;0;0m▄[0m[38;2;0;0;0;48;2;0;0;0m▄[0m[38;2;0;0;0;48;2;0;0;0m▄[0m[38;2;0;0;0;48;2;0;0;0m▄[0m[38;2;0;0;0;48;2;0;0;0m▄[0m[38;2;0;0;0;48;2;0;0;0m▄[0m[38;2;0;0;0;48;2;0;0;0m▄[0m[38;2;0;0;0;48;2;0;0;0m▄[0m[38;2;0;0;0;48;2;0;0;0m▄[0m[38;2;0;0;0;48;2;0;0;0m▄[0m[38;2;0;0;0;48;2;0;0;0m▄[0m[38;2;0;0;0;48;2;0;0;0m▄[0m[38;2;0;0;0;48;2;0;0;0m▄[0m[38;2;0;0;0;48;2;0;0;0m▄[0m[38;2;0;0;0;48;2;0;0;0m▄[0m[38;2;0;0;0;48;2;0;0;0m▄[0m[38;2;0;0;0;48;2;0;0;0m▄[0m[38;2;0;0;0;48;2;0;0;0m▄[0m[38;2;0;0;0;48;2;0;0;0m▄[0m[38;2;0;0;0;48;2;0;0;0m▄[0m[38;2;0;0;0;48;2;0;0;0m▄[0m[38;2;0;0;0;48;2;0;0;0m▄[0m[38;2;0;0;0;48;2;0;0;0m▄[0m[38;2;0;0;0;48;2;0;0;0m▄[0m[38;2;0;0;0;48;2;2;0;0m▄[0m[38;2;63;5;2;48;2;213;95;10m▄[0m[38;2;0;0;0;48;2;38;2;1m▄[0m[38;2;0;0;0;48;2;0;0;0m▄[0m[38;2;0;0;0;48;2;0;0;0m▄[0m[38;2;0;0;0;48;2;0;0;0m▄[0m[38;2;0;0;0;48;2;0;0;0m▄[0m[38;2;0;0;0;48;2;0;0;0m▄[0m[38;2;0;0;0;48;2;0;0;0m▄[0m[38;2;0;0;0;48;2;0;0;0m▄[0m[38;2;0;0;0;48;2;0;0;0m▄[0m[38;2;0;0;0;48;2;0;0;0m▄[0m[38;2;0;0;0;48;2;0;0;0m▄[0m[38;2;0;0;0;48;2;0;0;0m▄[0m[38;2;0;0;0;48;2;0;0;0m▄[0m[38;2;0;0;0;48;2;0;0;0m▄[0m[38;2;0;0;0;48;2;0;0;0m▄[0m[38;2;0;0;0;48;2;0;0;0m▄[0m[38;2;0;0;0;48;2;0;0;0m▄[0m[38;2;0;0;0;48;2;0;0;0m▄[0m[38;2;0;0;0;48;2;0;0;0m▄[0m[38;2;0;0;0;48;2;0;0;0m▄[0m[38;2;0;0;0;48;2;0;0;0m▄[0m[38;2;0;0;0;48;2;25;0;0m▄[0m[38;2;4;0;0;48;2;94;8;2m▄[0m[38;2;56;0;1;48;2;124;43;7m▄[0m[38;2;0;0;0;48;2;0;0;0m▄[0m[38;2;0;0;0;48;2;0;0;0m▄[0m[38;2;0;0;0;48;2;0;0;0m▄[0m[38;2;0;0;0;48;2;0;0;0m▄[0m[0;40m       [0m
[0;40m      [0m[38;2;0;0;0;48;2;0;0;0m▄[0m[38;2;0;0;0;48;2;0;0;0m▄[0m[38;2;0;0;0;48;2;0;0;0m▄[0m[38;2;0;0;0;48;2;0;0;0m▄[0m[38;2;0;0;0;48;2;0;0;0m▄[0m[38;2;0;0;0;48;2;0;0;0m▄[0m[38;2;0;0;0;48;2;0;0;0m▄[0m[38;2;0;0;0;48;2;0;0;0m▄[0m[38;2;0;0;0;48;2;0;0;0m▄[0m[38;2;0;0;0;48;2;0;0;0m▄[0m[38;2;0;0;0;48;2;0;0;0m▄[0m[38;2;0;0;0;48;2;0;0;0m▄[0m[38;2;0;0;0;48;2;0;0;0m▄[0m[38;2;0;0;0;48;2;0;0;0m▄[0m[38;2;0;0;0;48;2;0;0;0m▄[0m[38;2;0;0;0;48;2;0;0;0m▄[0m[38;2;0;0;0;48;2;0;0;0m▄[0m[38;2;0;0;0;48;2;0;0;0m▄[0m[38;2;0;0;0;48;2;0;0;0m▄[0m[38;2;0;0;0;48;2;0;0;0m▄[0m[38;2;0;0;0;48;2;0;0;0m▄[0m[38;2;0;0;0;48;2;0;0;0m▄[0m[38;2;0;0;0;48;2;0;0;0m▄[0m[38;2;0;0;0;48;2;0;0;0m▄[0m[38;2;0;0;0;48;2;0;0;0m▄[0m[38;2;0;0;0;48;2;0;0;0m▄[0m[38;2;0;0;0;48;2;0;0;0m▄[0m[38;2;0;0;0;48;2;0;0;0m▄[0m[38;2;0;0;0;48;2;0;0;0m▄[0m[38;2;0;0;0;48;2;0;0;0m▄[0m[38;2;0;0;0;48;2;0;0;0m▄[0m[38;2;0;0;0;48;2;0;0;0m▄[0m[38;2;0;0;0;48;2;0;0;0m▄[0m[38;2;0;0;0;48;2;0;0;0m▄[0m[38;2;0;0;0;48;2;0;0;0m▄[0m[38;2;0;0;0;48;2;0;0;0m▄[0m[38;2;0;0;0;48;2;0;0;0m▄[0m[38;2;0;0;0;48;2;0;0;0m▄[0m[38;2;0;0;0;48;2;0;0;0m▄[0m[38;2;0;0;0;48;2;0;0;0m▄[0m[38;2;0;0;0;48;2;0;0;0m▄[0m[38;2;0;0;0;48;2;0;0;0m▄[0m[38;2;0;0;0;48;2;0;0;0m▄[0m[38;2;0;0;0;48;2;0;0;0m▄[0m[38;2;0;0;0;48;2;0;0;0m▄[0m[38;2;0;0;0;48;2;0;0;0m▄[0m[38;2;0;0;0;48;2;0;0;0m▄[0m[38;2;0;0;0;48;2;0;0;0m▄[0m[38;2;0;0;0;48;2;0;0;0m▄[0m[38;2;0;0;0;48;2;0;0;0m▄[0m[38;2;0;0;0;48;2;0;0;0m▄[0m[38;2;0;0;0;48;2;0;0;0m▄[0m[38;2;0;0;0;48;2;0;0;0m▄[0m[38;2;0;0;0;48;2;0;0;0m▄[0m[38;2;0;0;0;48;2;0;0;0m▄[0m[38;2;0;0;0;48;2;0;0;0m▄[0m[38;2;0;0;0;48;2;0;0;0m▄[0m[38;2;0;0;0;48;2;0;0;0m▄[0m[38;2;0;0;0;48;2;0;0;0m▄[0m[38;2;0;0;0;48;2;0;0;0m▄[0m[38;2;0;0;0;48;2;0;0;0m▄[0m[38;2;0;0;0;48;2;0;0;0m▄[0m[38;2;0;0;0;48;2;0;0;0m▄[0m[38;2;0;0;0;48;2;0;0;0m▄[0m[38;2;0;0;0;48;2;0;0;0m▄[0m[38;2;0;0;0;48;2;0;0;0m▄[0m[38;2;0;0;0;48;2;0;0;0m▄[0m[38;2;0;0;0;48;2;0;0;0m▄[0m[38;2;0;0;0;48;2;0;0;0m▄[0m[38;2;0;0;0;48;2;0;0;0m▄[0m[38;2;0;0;0;48;2;0;0;0m▄[0m[38;2;0;0;0;48;2;0;0;0m▄[0m[38;2;0;0;0;48;2;0;0;0m▄[0m[38;2;0;0;0;48;2;0;0;0m▄[0m[38;2;0;0;0;48;2;0;0;0m▄[0m[38;2;0;0;0;48;2;0;0;0m▄[0m[38;2;0;0;0;48;2;0;0;0m▄[0m[38;2;0;0;0;48;2;0;0;0m▄[0m[38;2;0;0;0;48;2;0;0;0m▄[0m[38;2;0;0;0;48;2;0;0;0m▄[0m[38;2;0;0;0;48;2;0;0;0m▄[0m[38;2;0;0;0;48;2;0;0;0m▄[0m[38;2;0;0;0;48;2;0;0;0m▄[0m[38;2;0;0;0;48;2;0;0;0m▄[0m[38;2;0;0;0;48;2;0;0;0m▄[0m[38;2;0;0;0;48;2;0;0;0m▄[0m[38;2;0;0;0;48;2;0;0;0m▄[0m[38;2;0;0;0;48;2;0;0;0m▄[0m[38;2;0;0;0;48;2;0;0;0m▄[0m[38;2;0;0;0;48;2;0;0;0m▄[0m[38;2;0;0;0;48;2;0;0;0m▄[0m[38;2;0;0;0;48;2;0;0;0m▄[0m[38;2;0;0;0;48;2;0;0;0m▄[0m[38;2;0;0;0;48;2;0;0;0m▄[0m[38;2;0;0;0;48;2;0;0;0m▄[0m[38;2;0;0;0;48;2;0;0;0m▄[0m[38;2;0;0;0;48;2;0;0;0m▄[0m[38;2;0;0;0;48;2;0;0;0m▄[0m[38;2;0;0;0;48;2;0;0;0m▄[0m[38;2;0;0;0;48;2;0;0;0m▄[0m[38;2;0;0;0;48;2;0;0;0m▄[0m[38;2;0;0;0;48;2;0;0;0m▄[0m[38;2;0;0;0;48;2;0;0;0m▄[0m[38;2;0;0;0;48;2;0;0;0m▄[0m[38;2;0;0;0;48;2;0;0;0m▄[0m[38;2;0;0;0;48;2;0;0;0m▄[0m[38;2;0;0;0;48;2;0;0;0m▄[0m[0;40m       [0m
[0;40m      [0m[38;2;0;0;0;48;2;0;0;0m▄[0m[38;2;0;0;0;48;2;0;0;0m▄[0m[38;2;0;0;0;48;2;0;0;0m▄[0m[38;2;0;0;0;48;2;0;0;0m▄[0m[38;2;0;0;0;48;2;0;0;0m▄[0m[38;2;0;0;0;48;2;0;0;0m▄[0m[38;2;0;0;0;48;2;0;0;0m▄[0m[38;2;0;0;0;48;2;0;0;0m▄[0m[38;2;0;0;0;48;2;0;0;0m▄[0m[38;2;0;0;0;48;2;0;0;0m▄[0m[38;2;0;0;0;48;2;0;0;0m▄[0m[38;2;0;0;0;48;2;0;0;0m▄[0m[38;2;0;0;0;48;2;0;0;0m▄[0m[38;2;0;0;0;48;2;0;0;0m▄[0m[38;2;0;0;0;48;2;0;0;0m▄[0m[38;2;0;0;0;48;2;0;0;0m▄[0m[38;2;0;0;0;48;2;0;0;0m▄[0m[38;2;0;0;0;48;2;0;0;0m▄[0m[38;2;0;0;0;48;2;0;0;0m▄[0m[38;2;0;0;0;48;2;0;0;0m▄[0m[38;2;0;0;0;48;2;0;0;0m▄[0m[38;2;0;0;0;48;2;0;0;0m▄[0m[38;2;0;0;0;48;2;0;0;0m▄[0m[38;2;0;0;0;48;2;0;0;0m▄[0m[38;2;0;0;0;48;2;0;0;0m▄[0m[38;2;0;0;0;48;2;0;0;0m▄[0m[38;2;0;0;0;48;2;0;0;0m▄[0m[38;2;0;0;0;48;2;0;0;0m▄[0m[38;2;0;0;0;48;2;0;0;0m▄[0m[38;2;0;0;0;48;2;0;0;0m▄[0m[38;2;0;0;0;48;2;0;0;0m▄[0m[38;2;0;0;0;48;2;0;0;0m▄[0m[38;2;0;0;0;48;2;0;0;0m▄[0m[38;2;0;0;0;48;2;0;0;0m▄[0m[38;2;0;0;0;48;2;0;0;0m▄[0m[38;2;0;0;0;48;2;0;0;0m▄[0m[38;2;0;0;0;48;2;0;0;0m▄[0m[38;2;0;0;0;48;2;0;0;0m▄[0m[38;2;0;0;0;48;2;0;0;0m▄[0m[38;2;0;0;0;48;2;0;0;0m▄[0m[38;2;0;0;0;48;2;0;0;0m▄[0m[38;2;0;0;0;48;2;0;0;0m▄[0m[38;2;0;0;0;48;2;0;0;0m▄[0m[38;2;0;0;0;48;2;0;0;0m▄[0m[38;2;0;0;0;48;2;0;0;0m▄[0m[38;2;0;0;0;48;2;0;0;0m▄[0m[38;2;0;0;0;48;2;0;0;0m▄[0m[38;2;0;0;0;48;2;0;0;0m▄[0m[38;2;0;0;0;48;2;0;0;0m▄[0m[38;2;0;0;0;48;2;0;0;0m▄[0m[38;2;0;0;0;48;2;0;0;0m▄[0m[38;2;0;0;0;48;2;0;0;0m▄[0m[38;2;0;0;0;48;2;0;0;0m▄[0m[38;2;0;0;0;48;2;0;0;0m▄[0m[38;2;0;0;0;48;2;0;0;0m▄[0m[38;2;0;0;0;48;2;0;0;0m▄[0m[38;2;0;0;0;48;2;0;0;0m▄[0m[38;2;0;0;0;48;2;0;0;0m▄[0m[38;2;0;0;0;48;2;0;0;0m▄[0m[38;2;0;0;0;48;2;0;0;0m▄[0m[38;2;0;0;0;48;2;0;0;0m▄[0m[38;2;0;0;0;48;2;0;0;0m▄[0m[38;2;0;0;0;48;2;0;0;0m▄[0m[38;2;0;0;0;48;2;0;0;0m▄[0m[38;2;0;0;0;48;2;0;0;0m▄[0m[38;2;0;0;0;48;2;0;0;0m▄[0m[38;2;0;0;0;48;2;0;0;0m▄[0m[38;2;0;0;0;48;2;0;0;0m▄[0m[38;2;0;0;0;48;2;0;0;0m▄[0m[38;2;0;0;0;48;2;0;0;0m▄[0m[38;2;0;0;0;48;2;0;0;0m▄[0m[38;2;0;0;0;48;2;0;0;0m▄[0m[38;2;0;0;0;48;2;0;0;0m▄[0m[38;2;0;0;0;48;2;0;0;0m▄[0m[38;2;0;0;0;48;2;0;0;0m▄[0m[38;2;0;0;0;48;2;0;0;0m▄[0m[38;2;0;0;0;48;2;0;0;0m▄[0m[38;2;0;0;0;48;2;0;0;0m▄[0m[38;2;0;0;0;48;2;0;0;0m▄[0m[38;2;0;0;0;48;2;0;0;0m▄[0m[38;2;0;0;0;48;2;0;0;0m▄[0m[38;2;0;0;0;48;2;0;0;0m▄[0m[38;2;0;0;0;48;2;0;0;0m▄[0m[38;2;0;0;0;48;2;0;0;0m▄[0m[38;2;0;0;0;48;2;0;0;0m▄[0m[38;2;0;0;0;48;2;0;0;0m▄[0m[38;2;0;0;0;48;2;0;0;0m▄[0m[38;2;0;0;0;48;2;0;0;0m▄[0m[38;2;0;0;0;48;2;0;0;0m▄[0m[38;2;0;0;0;48;2;0;0;0m▄[0m[38;2;0;0;0;48;2;0;0;0m▄[0m[38;2;0;0;0;48;2;0;0;0m▄[0m[38;2;0;0;0;48;2;0;0;0m▄[0m[38;2;0;0;0;48;2;0;0;0m▄[0m[38;2;0;0;0;48;2;0;0;0m▄[0m[38;2;0;0;0;48;2;0;0;0m▄[0m[38;2;0;0;0;48;2;0;0;0m▄[0m[38;2;0;0;0;48;2;0;0;0m▄[0m[38;2;0;0;0;48;2;0;0;0m▄[0m[38;2;0;0;0;48;2;0;0;0m▄[0m[38;2;0;0;0;48;2;0;0;0m▄[0m[38;2;0;0;0;48;2;0;0;0m▄[0m[38;2;0;0;0;48;2;0;0;0m▄[0m[38;2;0;0;0;48;2;0;0;0m▄[0m[38;2;0;0;0;48;2;0;0;0m▄[0m[38;2;0;0;0;48;2;0;0;0m▄[0m[38;2;0;0;0;48;2;0;0;0m▄[0m[0;40m       [0m
[0;40m      [0m[38;2;0;0;0;48;2;0;0;0m▄[0m[38;2;0;0;0;48;2;0;0;0m▄[0m[38;2;0;0;0;48;2;0;0;0m▄[0m[38;2;0;0;0;48;2;0;0;0m▄[0m[38;2;0;0;0;48;2;0;0;0m▄[0m[38;2;0;0;0;48;2;0;0;0m▄[0m[38;2;0;0;0;48;2;0;0;0m▄[0m[38;2;0;0;0;48;2;0;0;0m▄[0m[38;2;0;0;0;48;2;0;0;0m▄[0m[38;2;0;0;0;48;2;0;0;0m▄[0m[38;2;0;0;0;48;2;0;0;0m▄[0m[38;2;0;0;0;48;2;0;0;0m▄[0m[38;2;0;0;0;48;2;0;0;0m▄[0m[38;2;0;0;0;48;2;0;0;0m▄[0m[38;2;0;0;0;48;2;0;0;0m▄[0m[38;2;0;0;0;48;2;0;0;0m▄[0m[38;2;0;0;0;48;2;0;0;0m▄[0m[38;2;0;0;0;48;2;0;0;0m▄[0m[38;2;0;0;0;48;2;0;0;0m▄[0m[38;2;0;0;0;48;2;0;0;0m▄[0m[38;2;0;0;0;48;2;0;0;0m▄[0m[38;2;0;0;0;48;2;0;0;0m▄[0m[38;2;0;0;0;48;2;0;0;0m▄[0m[38;2;0;0;0;48;2;0;0;0m▄[0m[38;2;0;0;0;48;2;0;0;0m▄[0m[38;2;0;0;0;48;2;0;0;0m▄[0m[38;2;0;0;0;48;2;0;0;0m▄[0m[38;2;0;0;0;48;2;0;0;0m▄[0m[38;2;0;0;0;48;2;0;0;0m▄[0m[38;2;0;0;0;48;2;0;0;0m▄[0m[38;2;0;0;0;48;2;0;0;0m▄[0m[38;2;0;0;0;48;2;0;0;0m▄[0m[38;2;0;0;0;48;2;0;0;0m▄[0m[38;2;0;0;0;48;2;0;0;0m▄[0m[38;2;0;0;0;48;2;0;0;0m▄[0m[38;2;0;0;0;48;2;0;0;0m▄[0m[38;2;0;0;0;48;2;0;0;0m▄[0m[38;2;0;0;0;48;2;0;0;0m▄[0m[38;2;0;0;0;48;2;0;0;0m▄[0m[38;2;0;0;0;48;2;0;0;0m▄[0m[38;2;0;0;0;48;2;0;0;0m▄[0m[38;2;0;0;0;48;2;0;0;0m▄[0m[38;2;0;0;0;48;2;0;0;0m▄[0m[38;2;0;0;0;48;2;0;0;0m▄[0m[38;2;0;0;0;48;2;0;0;0m▄[0m[38;2;0;0;0;48;2;0;0;0m▄[0m[38;2;0;0;0;48;2;0;0;0m▄[0m[38;2;0;0;0;48;2;0;0;0m▄[0m[38;2;0;0;0;48;2;0;0;0m▄[0m[38;2;0;0;0;48;2;0;0;0m▄[0m[38;2;0;0;0;48;2;0;0;0m▄[0m[38;2;0;0;0;48;2;0;0;0m▄[0m[38;2;0;0;0;48;2;0;0;0m▄[0m[38;2;0;0;0;48;2;0;0;0m▄[0m[38;2;0;0;0;48;2;0;0;0m▄[0m[38;2;0;0;0;48;2;0;0;0m▄[0m[38;2;0;0;0;48;2;0;0;0m▄[0m[38;2;0;0;0;48;2;0;0;0m▄[0m[38;2;0;0;0;48;2;0;0;0m▄[0m[38;2;0;0;0;48;2;0;0;0m▄[0m[38;2;0;0;0;48;2;0;0;0m▄[0m[38;2;0;0;0;48;2;0;0;0m▄[0m[38;2;0;0;0;48;2;0;0;0m▄[0m[38;2;0;0;0;48;2;0;0;0m▄[0m[38;2;0;0;0;48;2;0;0;0m▄[0m[38;2;0;0;0;48;2;0;0;0m▄[0m[38;2;0;0;0;48;2;0;0;0m▄[0m[38;2;0;0;0;48;2;0;0;0m▄[0m[38;2;0;0;0;48;2;0;0;0m▄[0m[38;2;0;0;0;48;2;0;0;0m▄[0m[38;2;0;0;0;48;2;0;0;0m▄[0m[38;2;0;0;0;48;2;0;0;0m▄[0m[38;2;0;0;0;48;2;0;0;0m▄[0m[38;2;0;0;0;48;2;0;0;0m▄[0m[38;2;0;0;0;48;2;0;0;0m▄[0m[38;2;0;0;0;48;2;0;0;0m▄[0m[38;2;0;0;0;48;2;0;0;0m▄[0m[38;2;0;0;0;48;2;0;0;0m▄[0m[38;2;0;0;0;48;2;0;0;0m▄[0m[38;2;0;0;0;48;2;0;0;0m▄[0m[38;2;0;0;0;48;2;0;0;0m▄[0m[38;2;0;0;0;48;2;0;0;0m▄[0m[38;2;0;0;0;48;2;0;0;0m▄[0m[38;2;0;0;0;48;2;0;0;0m▄[0m[38;2;0;0;0;48;2;0;0;0m▄[0m[38;2;0;0;0;48;2;0;0;0m▄[0m[38;2;0;0;0;48;2;0;0;0m▄[0m[38;2;0;0;0;48;2;0;0;0m▄[0m[38;2;0;0;0;48;2;0;0;0m▄[0m[38;2;0;0;0;48;2;0;0;0m▄[0m[38;2;0;0;0;48;2;0;0;0m▄[0m[38;2;0;0;0;48;2;0;0;0m▄[0m[38;2;0;0;0;48;2;0;0;0m▄[0m[38;2;0;0;0;48;2;0;0;0m▄[0m[38;2;0;0;0;48;2;0;0;0m▄[0m[38;2;0;0;0;48;2;0;0;0m▄[0m[38;2;0;0;0;48;2;0;0;0m▄[0m[38;2;0;0;0;48;2;0;0;0m▄[0m[38;2;0;0;0;48;2;0;0;0m▄[0m[38;2;0;0;0;48;2;0;0;0m▄[0m[38;2;0;0;0;48;2;0;0;0m▄[0m[38;2;0;0;0;48;2;0;0;0m▄[0m[38;2;0;0;0;48;2;0;0;0m▄[0m[38;2;0;0;0;48;2;0;0;0m▄[0m[38;2;0;0;0;48;2;0;0;0m▄[0m[38;2;0;0;0;48;2;0;0;0m▄[0m[38;2;0;0;0;48;2;0;0;0m▄[0m[0;40m       [0m
[0;40m      [0m[38;2;0;0;0;48;2;0;0;0m▄[0m[38;2;0;0;0;48;2;0;0;0m▄[0m[38;2;0;0;0;48;2;0;0;0m▄[0m[38;2;0;0;0;48;2;0;0;0m▄[0m[38;2;0;0;0;48;2;0;0;0m▄[0m[38;2;0;0;0;48;2;0;0;0m▄[0m[38;2;0;0;0;48;2;0;0;0m▄[0m[38;2;0;0;0;48;2;0;0;0m▄[0m[38;2;0;0;0;48;2;0;0;0m▄[0m[38;2;0;0;0;48;2;0;0;0m▄[0m[38;2;0;0;0;48;2;0;0;0m▄[0m[38;2;0;0;0;48;2;0;0;0m▄[0m[38;2;0;0;0;48;2;0;0;0m▄[0m[38;2;0;0;0;48;2;0;0;0m▄[0m[38;2;0;0;0;48;2;0;0;0m▄[0m[38;2;0;0;0;48;2;0;0;0m▄[0m[38;2;0;0;0;48;2;0;0;0m▄[0m[38;2;0;0;0;48;2;0;0;0m▄[0m[38;2;0;0;0;48;2;0;0;0m▄[0m[38;2;0;0;0;48;2;0;0;0m▄[0m[38;2;0;0;0;48;2;0;0;0m▄[0m[38;2;0;0;0;48;2;0;0;0m▄[0m[38;2;0;0;0;48;2;0;0;0m▄[0m[38;2;0;0;0;48;2;0;0;0m▄[0m[38;2;0;0;0;48;2;0;0;0m▄[0m[38;2;0;0;0;48;2;0;0;0m▄[0m[38;2;0;0;0;48;2;0;0;0m▄[0m[38;2;0;0;0;48;2;0;0;0m▄[0m[38;2;0;0;0;48;2;0;0;0m▄[0m[38;2;0;0;0;48;2;0;0;0m▄[0m[38;2;0;0;0;48;2;0;0;0m▄[0m[38;2;0;0;0;48;2;0;0;0m▄[0m[38;2;0;0;0;48;2;0;0;0m▄[0m[38;2;0;0;0;48;2;0;0;0m▄[0m[38;2;0;0;0;48;2;0;0;0m▄[0m[38;2;0;0;0;48;2;0;0;0m▄[0m[38;2;0;0;0;48;2;0;0;0m▄[0m[38;2;0;0;0;48;2;0;0;0m▄[0m[38;2;0;0;0;48;2;0;0;0m▄[0m[38;2;0;0;0;48;2;0;0;0m▄[0m[38;2;0;0;0;48;2;0;0;0m▄[0m[38;2;0;0;0;48;2;0;0;0m▄[0m[38;2;0;0;0;48;2;0;0;0m▄[0m[38;2;0;0;0;48;2;0;0;0m▄[0m[38;2;0;0;0;48;2;0;0;0m▄[0m[38;2;0;0;0;48;2;0;0;0m▄[0m[38;2;0;0;0;48;2;0;0;0m▄[0m[38;2;0;0;0;48;2;0;0;0m▄[0m[38;2;0;0;0;48;2;0;0;0m▄[0m[38;2;0;0;0;48;2;0;0;0m▄[0m[38;2;0;0;0;48;2;0;0;0m▄[0m[38;2;0;0;0;48;2;0;0;0m▄[0m[38;2;0;0;0;48;2;0;0;0m▄[0m[38;2;0;0;0;48;2;0;0;0m▄[0m[38;2;0;0;0;48;2;0;0;0m▄[0m[38;2;0;0;0;48;2;0;0;0m▄[0m[38;2;0;0;0;48;2;0;0;0m▄[0m[38;2;0;0;0;48;2;0;0;0m▄[0m[38;2;0;0;0;48;2;0;0;0m▄[0m[38;2;0;0;0;48;2;0;0;0m▄[0m[38;2;0;0;0;48;2;0;0;0m▄[0m[38;2;0;0;0;48;2;0;0;0m▄[0m[38;2;0;0;0;48;2;0;0;0m▄[0m[38;2;0;0;0;48;2;0;0;0m▄[0m[38;2;0;0;0;48;2;0;0;0m▄[0m[38;2;0;0;0;48;2;0;0;0m▄[0m[38;2;0;0;0;48;2;0;0;0m▄[0m[38;2;0;0;0;48;2;0;0;0m▄[0m[38;2;0;0;0;48;2;0;0;0m▄[0m[38;2;0;0;0;48;2;0;0;0m▄[0m[38;2;0;0;0;48;2;0;0;0m▄[0m[38;2;0;0;0;48;2;0;0;0m▄[0m[38;2;0;0;0;48;2;0;0;0m▄[0m[38;2;0;0;0;48;2;0;0;0m▄[0m[38;2;0;0;0;48;2;0;0;0m▄[0m[38;2;0;0;0;48;2;0;0;0m▄[0m[38;2;0;0;0;48;2;0;0;0m▄[0m[38;2;0;0;0;48;2;0;0;0m▄[0m[38;2;0;0;0;48;2;0;0;0m▄[0m[38;2;0;0;0;48;2;0;0;0m▄[0m[38;2;0;0;0;48;2;0;0;0m▄[0m[38;2;0;0;0;48;2;0;0;0m▄[0m[38;2;0;0;0;48;2;0;0;0m▄[0m[38;2;0;0;0;48;2;0;0;0m▄[0m[38;2;0;0;0;48;2;0;0;0m▄[0m[38;2;0;0;0;48;2;0;0;0m▄[0m[38;2;0;0;0;48;2;0;0;0m▄[0m[38;2;0;0;0;48;2;0;0;0m▄[0m[38;2;0;0;0;48;2;0;0;0m▄[0m[38;2;0;0;0;48;2;0;0;0m▄[0m[38;2;0;0;0;48;2;0;0;0m▄[0m[38;2;0;0;0;48;2;0;0;0m▄[0m[38;2;0;0;0;48;2;0;0;0m▄[0m[38;2;0;0;0;48;2;0;0;0m▄[0m[38;2;0;0;0;48;2;0;0;0m▄[0m[38;2;0;0;0;48;2;0;0;0m▄[0m[38;2;0;0;0;48;2;0;0;0m▄[0m[38;2;0;0;0;48;2;0;0;0m▄[0m[38;2;0;0;0;48;2;0;0;0m▄[0m[38;2;0;0;0;48;2;0;0;0m▄[0m[38;2;0;0;0;48;2;0;0;0m▄[0m[38;2;0;0;0;48;2;0;0;0m▄[0m[38;2;0;0;0;48;2;0;0;0m▄[0m[38;2;0;0;0;48;2;0;0;0m▄[0m[38;2;0;0;0;48;2;0;0;0m▄[0m[38;2;0;0;0;48;2;0;0;0m▄[0m[38;2;0;0;0;48;2;0;0;0m▄[0m[0;40m       [0m
[0;40m      [0m[38;2;0;0;0;48;2;0;0;0m▄[0m[38;2;0;0;0;48;2;0;0;0m▄[0m[38;2;0;0;0;48;2;0;0;0m▄[0m[38;2;0;0;0;48;2;0;0;0m▄[0m[38;2;0;0;0;48;2;0;0;0m▄[0m[38;2;0;0;0;48;2;0;0;0m▄[0m[38;2;0;0;0;48;2;0;0;0m▄[0m[38;2;0;0;0;48;2;0;0;0m▄[0m[38;2;0;0;0;48;2;0;0;0m▄[0m[38;2;0;0;0;48;2;0;0;0m▄[0m[38;2;0;0;0;48;2;0;0;0m▄[0m[38;2;0;0;0;48;2;0;0;0m▄[0m[38;2;0;0;0;48;2;0;0;0m▄[0m[38;2;0;0;0;48;2;0;0;0m▄[0m[38;2;0;0;0;48;2;0;0;0m▄[0m[38;2;0;0;0;48;2;0;0;0m▄[0m[38;2;0;0;0;48;2;0;0;0m▄[0m[38;2;0;0;0;48;2;0;0;0m▄[0m[38;2;0;0;0;48;2;0;0;0m▄[0m[38;2;0;0;0;48;2;0;0;0m▄[0m[38;2;0;0;0;48;2;0;0;0m▄[0m[38;2;0;0;0;48;2;0;0;0m▄[0m[38;2;0;0;0;48;2;0;0;0m▄[0m[38;2;0;0;0;48;2;0;0;0m▄[0m[38;2;0;0;0;48;2;0;0;0m▄[0m[38;2;0;0;0;48;2;0;0;0m▄[0m[38;2;0;0;0;48;2;0;0;0m▄[0m[38;2;0;0;0;48;2;0;0;0m▄[0m[38;2;0;0;0;48;2;0;0;0m▄[0m[38;2;0;0;0;48;2;0;0;0m▄[0m[38;2;0;0;0;48;2;0;0;0m▄[0m[38;2;0;0;0;48;2;0;0;0m▄[0m[38;2;0;0;0;48;2;0;0;0m▄[0m[38;2;0;0;0;48;2;0;0;0m▄[0m[38;2;0;0;0;48;2;0;0;0m▄[0m[38;2;0;0;0;48;2;0;0;0m▄[0m[38;2;0;0;0;48;2;0;0;0m▄[0m[38;2;0;0;0;48;2;0;0;0m▄[0m[38;2;0;0;0;48;2;0;0;0m▄[0m[38;2;0;0;0;48;2;0;0;0m▄[0m[38;2;0;0;0;48;2;0;0;0m▄[0m[38;2;0;0;0;48;2;0;0;0m▄[0m[38;2;0;0;0;48;2;0;0;0m▄[0m[38;2;0;0;0;48;2;0;0;0m▄[0m[38;2;0;0;0;48;2;0;0;0m▄[0m[38;2;0;0;0;48;2;0;0;0m▄[0m[38;2;0;0;0;48;2;0;0;0m▄[0m[38;2;0;0;0;48;2;0;0;0m▄[0m[38;2;0;0;0;48;2;0;0;0m▄[0m[38;2;0;0;0;48;2;0;0;0m▄[0m[38;2;0;0;0;48;2;0;0;0m▄[0m[38;2;0;0;0;48;2;0;0;0m▄[0m[38;2;0;0;0;48;2;0;0;0m▄[0m[38;2;0;0;0;48;2;0;0;0m▄[0m[38;2;0;0;0;48;2;0;0;0m▄[0m[38;2;0;0;0;48;2;0;0;0m▄[0m[38;2;0;0;0;48;2;0;0;0m▄[0m[38;2;0;0;0;48;2;0;0;0m▄[0m[38;2;0;0;0;48;2;0;0;0m▄[0m[38;2;0;0;0;48;2;0;0;0m▄[0m[38;2;0;0;0;48;2;0;0;0m▄[0m[38;2;0;0;0;48;2;0;0;0m▄[0m[38;2;0;0;0;48;2;0;0;0m▄[0m[38;2;0;0;0;48;2;0;0;0m▄[0m[38;2;0;0;0;48;2;0;0;0m▄[0m[38;2;0;0;0;48;2;0;0;0m▄[0m[38;2;0;0;0;48;2;0;0;0m▄[0m[38;2;0;0;0;48;2;0;0;0m▄[0m[38;2;0;0;0;48;2;0;0;0m▄[0m[38;2;0;0;0;48;2;0;0;0m▄[0m[38;2;0;0;0;48;2;0;0;0m▄[0m[38;2;0;0;0;48;2;0;0;0m▄[0m[38;2;0;0;0;48;2;0;0;0m▄[0m[38;2;0;0;0;48;2;0;0;0m▄[0m[38;2;0;0;0;48;2;0;0;0m▄[0m[38;2;0;0;0;48;2;0;0;0m▄[0m[38;2;0;0;0;48;2;0;0;0m▄[0m[38;2;0;0;0;48;2;0;0;0m▄[0m[38;2;0;0;0;48;2;0;0;0m▄[0m[38;2;0;0;0;48;2;0;0;0m▄[0m[38;2;0;0;0;48;2;0;0;0m▄[0m[38;2;0;0;0;48;2;0;0;0m▄[0m[38;2;0;0;0;48;2;0;0;0m▄[0m[38;2;0;0;0;48;2;0;0;0m▄[0m[38;2;0;0;0;48;2;0;0;0m▄[0m[38;2;0;0;0;48;2;0;0;0m▄[0m[38;2;0;0;0;48;2;0;0;0m▄[0m[38;2;0;0;0;48;2;0;0;0m▄[0m[38;2;0;0;0;48;2;0;0;0m▄[0m[38;2;0;0;0;48;2;0;0;0m▄[0m[38;2;0;0;0;48;2;0;0;0m▄[0m[38;2;0;0;0;48;2;0;0;0m▄[0m[38;2;0;0;0;48;2;0;0;0m▄[0m[38;2;0;0;0;48;2;0;0;0m▄[0m[38;2;0;0;0;48;2;0;0;0m▄[0m[38;2;0;0;0;48;2;0;0;0m▄[0m[38;2;0;0;0;48;2;0;0;0m▄[0m[38;2;0;0;0;48;2;0;0;0m▄[0m[38;2;0;0;0;48;2;0;0;0m▄[0m[38;2;0;0;0;48;2;0;0;0m▄[0m[38;2;0;0;0;48;2;0;0;0m▄[0m[38;2;0;0;0;48;2;0;0;0m▄[0m[38;2;0;0;0;48;2;0;0;0m▄[0m[38;2;0;0;0;48;2;0;0;0m▄[0m[38;2;0;0;0;48;2;0;0;0m▄[0m[38;2;0;0;0;48;2;0;0;0m▄[0m[38;2;0;0;0;48;2;0;0;0m▄[0m[0;40m       [0m
