[0;40m      [0m[0m[38;2;0;0;0;48;2;0;0;0m▄[0m[38;2;0;0;0;48;2;0;0;0m▄[0m[38;2;0;0;0;48;2;0;0;0m▄[0m[38;2;0;0;0;48;2;0;0;0m▄[0m[38;2;0;0;0;48;2;0;0;0m▄[0m[38;2;0;0;0;48;2;0;0;0m▄[0m[38;2;0;0;0;48;2;0;0;0m▄[0m[38;2;0;0;0;48;2;0;0;0m▄[0m[38;2;0;0;0;48;2;0;0;0m▄[0m[38;2;0;0;0;48;2;0;0;0m▄[0m[38;2;0;0;0;48;2;0;0;0m▄[0m[38;2;0;0;0;48;2;0;0;0m▄[0m[38;2;0;0;0;48;2;0;0;0m▄[0m[38;2;0;0;0;48;2;0;0;0m▄[0m[38;2;0;0;0;48;2;0;0;0m▄[0m[38;2;0;0;0;48;2;0;0;0m▄[0m[38;2;0;0;0;48;2;0;0;0m▄[0m[38;2;0;0;0;48;2;0;0;0m▄[0m[38;2;0;0;0;48;2;0;0;0m▄[0m[38;2;0;0;0;48;2;0;0;0m▄[0m[38;2;0;0;0;48;2;0;0;0m▄[0m[38;2;0;0;0;48;2;0;0;0m▄[0m[38;2;0;0;0;48;2;0;0;0m▄[0m[38;2;0;0;0;48;2;0;0;0m▄[0m[38;2;0;0;0;48;2;0;0;0m▄[0m[38;2;0;0;0;48;2;0;0;0m▄[0m[38;2;0;0;0;48;2;0;0;0m▄[0m[38;2;0;0;0;48;2;0;0;0m▄[0m[38;2;0;0;0;48;2;0;0;0m▄[0m[38;2;0;0;0;48;2;0;0;0m▄[0m[38;2;0;0;0;48;2;0;0;0m▄[0m[38;2;0;0;0;48;2;0;0;0m▄[0m[38;2;0;0;0;48;2;0;0;0m▄[0m[38;2;0;0;0;48;2;0;0;0m▄[0m[38;2;0;0;0;48;2;0;0;0m▄[0m[38;2;0;0;0;48;2;0;0;0m▄[0m[38;2;0;0;0;48;2;0;0;0m▄[0m[38;2;0;0;0;48;2;0;0;0m▄[0m[38;2;0;0;0;48;2;0;0;0m▄[0m[38;2;0;0;0;48;2;0;0;0m▄[0m[38;2;0;0;0;48;2;0;0;0m▄[0m[38;2;0;0;0;48;2;0;0;0m▄[0m[38;2;0;0;0;48;2;0;0;0m▄[0m[38;2;0;0;0;48;2;0;0;0m▄[0m[38;2;0;0;0;48;2;0;0;0m▄[0m[38;2;0;0;0;48;2;0;0;0m▄[0m[38;2;0;0;0;48;2;0;0;0m▄[0m[38;2;0;0;0;48;2;0;0;0m▄[0m[38;2;0;0;0;48;2;0;0;0m▄[0m[38;2;0;0;0;48;2;0;0;0m▄[0m[38;2;0;0;0;48;2;0;0;0m▄[0m[38;2;0;0;0;48;2;0;0;0m▄[0m[38;2;0;0;0;48;2;0;0;0m▄[0m[38;2;0;0;0;48;2;0;0;0m▄[0m[38;2;0;0;0;48;2;0;0;0m▄[0m[38;2;0;0;0;48;2;0;0;0m▄[0m[38;2;0;0;0;48;2;0;0;0m▄[0m[38;2;0;0;0;48;2;0;0;0m▄[0m[38;2;0;0;0;48;2;0;0;0m▄[0m[38;2;0;0;0;48;2;0;0;0m▄[0m[38;2;0;0;0;48;2;0;0;0m▄[0m[38;2;0;0;0;48;2;0;0;0m▄[0m[38;2;0;0;0;48;2;0;0;0m▄[0m[38;2;0;0;0;48;2;0;0;0m▄[0m[38;2;0;0;0;48;2;0;0;0m▄[0m[38;2;0;0;0;48;2;0;0;0m▄[0m[38;2;0;0;0;48;2;0;0;0m▄[0m[38;2;0;0;0;48;2;0;0;0m▄[0m[38;2;0;0;0;48;2;0;0;0m▄[0m[38;2;0;0;0;48;2;0;0;0m▄[0m[38;2;0;0;0;48;2;0;0;0m▄[0m[38;2;0;0;0;48;2;0;0;0m▄[0m[38;2;0;0;0;48;2;0;0;0m▄[0m[38;2;0;0;0;48;2;0;0;0m▄[0m[38;2;0;0;0;48;2;0;0;0m▄[0m[38;2;0;0;0;48;2;0;0;0m▄[0m[38;2;0;0;0;48;2;0;0;0m▄[0m[38;2;0;0;0;48;2;0;0;0m▄[0m[38;2;0;0;0;48;2;0;0;0m▄[0m[38;2;0;0;0;48;2;0;0;0m▄[0m[38;2;0;0;0;48;2;0;0;0m▄[0m[38;2;0;0;0;48;2;0;0;0m▄[0m[38;2;0;0;0;48;2;0;0;0m▄[0m[38;2;0;0;0;48;2;0;0;0m▄[0m[38;2;0;0;0;48;2;0;0;0m▄[0m[38;2;0;0;0;48;2;0;0;0m▄[0m[38;2;0;0;0;48;2;0;0;0m▄[0m[38;2;0;0;0;48;2;0;0;0m▄[0m[38;2;0;0;0;48;2;0;0;0m▄[0m[38;2;0;0;0;48;2;0;0;0m▄[0m[38;2;0;0;0;48;2;0;0;0m▄[0m[38;2;0;0;0;48;2;0;0;0m▄[0m[38;2;0;0;0;48;2;0;0;0m▄[0m[38;2;0;0;0;48;2;0;0;0m▄[0m[38;2;0;0;0;48;2;0;0;0m▄[0m[38;2;0;0;0;48;2;0;0;0m▄[0m[38;2;0;0;0;48;2;0;0;0m▄[0m[38;2;0;0;0;48;2;0;0;0m▄[0m[38;2;0;0;0;48;2;0;0;0m▄[0m[38;2;0;0;0;48;2;0;0;0m▄[0m[38;2;0;0;0;48;2;0;0;0m▄[0m[38;2;0;0;0;48;2;0;0;0m▄[0m[38;2;0;0;0;48;2;0;0;0m▄[0m[38;2;0;0;0;48;2;0;0;0m▄[0m[38;2;0;0;0;48;2;0;0;0m▄[0m[38;2;0;0;0;48;2;0;0;0m▄[0m[38;2;0;0;0;48;2;0;0;0m▄[0m[0;40m       [0m
[0;40m      [0m[38;2;0;0;0;48;2;0;0;0m▄[0m[38;2;0;0;0;48;2;0;0;0m▄[0m[38;2;0;0;0;48;2;0;0;0m▄[0m[38;2;0;0;0;48;2;0;0;0m▄[0m[38;2;0;0;0;48;2;0;0;0m▄[0m[38;2;0;0;0;48;2;0;0;0m▄[0m[38;2;0;0;0;48;2;0;0;0m▄[0m[38;2;0;0;0;48;2;0;0;0m▄[0m[38;2;0;0;0;48;2;0;0;0m▄[0m[38;2;0;0;0;48;2;0;0;0m▄[0m[38;2;0;0;0;48;2;0;0;0m▄[0m[38;2;0;0;0;48;2;0;0;0m▄[0m[38;2;0;0;0;48;2;0;0;0m▄[0m[38;2;0;0;0;48;2;0;0;0m▄[0m[38;2;0;0;0;48;2;0;0;0m▄[0m[38;2;0;0;0;48;2;0;0;0m▄[0m[38;2;0;0;0;48;2;0;0;0m▄[0m[38;2;0;0;0;48;2;0;0;0m▄[0m[38;2;0;0;0;48;2;0;0;0m▄[0m[38;2;0;0;0;48;2;0;0;0m▄[0m[38;2;0;0;0;48;2;0;0;0m▄[0m[38;2;0;0;0;48;2;0;0;0m▄[0m[38;2;0;0;0;48;2;0;0;0m▄[0m[38;2;0;0;0;48;2;0;0;0m▄[0m[38;2;0;0;0;48;2;0;0;0m▄[0m[38;2;0;0;0;48;2;0;0;0m▄[0m[38;2;0;0;0;48;2;0;0;0m▄[0m[38;2;0;0;0;48;2;0;0;0m▄[0m[38;2;0;0;0;48;2;0;0;0m▄[0m[38;2;0;0;0;48;2;0;0;0m▄[0m[38;2;0;0;0;48;2;0;0;0m▄[0m[38;2;0;0;0;48;2;0;0;0m▄[0m[38;2;0;0;0;48;2;0;0;0m▄[0m[38;2;0;0;0;48;2;0;0;0m▄[0m[38;2;0;0;0;48;2;0;0;0m▄[0m[38;2;0;0;0;48;2;0;0;0m▄[0m[38;2;0;0;0;48;2;0;0;0m▄[0m[38;2;0;0;0;48;2;0;0;0m▄[0m[38;2;0;0;0;48;2;0;0;0m▄[0m[38;2;0;0;0;48;2;0;0;0m▄[0m[38;2;0;0;0;48;2;0;0;0m▄[0m[38;2;0;0;0;48;2;0;0;0m▄[0m[38;2;0;0;0;48;2;0;0;0m▄[0m[38;2;0;0;0;48;2;0;0;0m▄[0m[38;2;0;0;0;48;2;0;0;0m▄[0m[38;2;0;0;0;48;2;0;0;0m▄[0m[38;2;0;0;0;48;2;0;0;0m▄[0m[38;2;0;0;0;48;2;0;0;0m▄[0m[38;2;0;0;0;48;2;0;0;0m▄[0m[38;2;0;0;0;48;2;0;0;0m▄[0m[38;2;0;0;0;48;2;0;0;0m▄[0m[38;2;0;0;0;48;2;0;0;0m▄[0m[38;2;0;0;0;48;2;0;0;0m▄[0m[38;2;0;0;0;48;2;0;0;0m▄[0m[38;2;0;0;0;48;2;0;0;0m▄[0m[38;2;0;0;0;48;2;0;0;0m▄[0m[38;2;0;0;0;48;2;0;0;0m▄[0m[38;2;0;0;0;48;2;0;0;0m▄[0m[38;2;0;0;0;48;2;0;0;0m▄[0m[38;2;0;0;0;48;2;0;0;0m▄[0m[38;2;0;0;0;48;2;0;0;0m▄[0m[38;2;0;0;0;48;2;0;0;0m▄[0m[38;2;0;0;0;48;2;0;0;0m▄[0m[38;2;0;0;0;48;2;0;0;0m▄[0m[38;2;0;0;0;48;2;0;0;0m▄[0m[38;2;0;0;0;48;2;0;0;0m▄[0m[38;2;0;0;0;48;2;0;0;0m▄[0m[38;2;0;0;0;48;2;0;0;0m▄[0m[38;2;0;0;0;48;2;0;0;0m▄[0m[38;2;0;0;0;48;2;0;0;0m▄[0m[38;2;0;0;0;48;2;0;0;0m▄[0m[38;2;0;0;0;48;2;0;0;0m▄[0m[38;2;0;0;0;48;2;0;0;0m▄[0m[38;2;0;0;0;48;2;0;0;0m▄[0m[38;2;0;0;0;48;2;0;0;0m▄[0m[38;2;0;0;0;48;2;0;0;0m▄[0m[38;2;0;0;0;48;2;0;0;0m▄[0m[38;2;0;0;0;48;2;0;0;0m▄[0m[38;2;0;0;0;48;2;0;0;0m▄[0m[38;2;0;0;0;48;2;0;0;0m▄[0m[38;2;0;0;0;48;2;0;0;0m▄[0m[38;2;0;0;0;48;2;0;0;0m▄[0m[38;2;0;0;0;48;2;0;0;0m▄[0m[38;2;0;0;0;48;2;0;0;0m▄[0m[38;2;0;0;0;48;2;0;0;0m▄[0m[38;2;0;0;0;48;2;0;0;0m▄[0m[38;2;0;0;0;48;2;0;0;0m▄[0m[38;2;0;0;0;48;2;0;0;0m▄[0m[38;2;0;0;0;48;2;0;0;0m▄[0m[38;2;0;0;0;48;2;0;0;0m▄[0m[38;2;0;0;0;48;2;0;0;0m▄[0m[38;2;0;0;0;48;2;0;0;0m▄[0m[38;2;0;0;0;48;2;0;0;0m▄[0m[38;2;0;0;0;48;2;0;0;0m▄[0m[38;2;0;0;0;48;2;0;0;0m▄[0m[38;2;0;0;0;48;2;0;0;0m▄[0m[38;2;0;0;0;48;2;0;0;0m▄[0m[38;2;0;0;0;48;2;0;0;0m▄[0m[38;2;0;0;0;48;2;0;0;0m▄[0m[38;2;0;0;0;48;2;0;0;0m▄[0m[38;2;0;0;0;48;2;0;0;0m▄[0m[38;2;0;0;0;48;2;0;0;0m▄[0m[38;2;0;0;0;48;2;0;0;0m▄[0m[38;2;0;0;0;48;2;0;0;0m▄[0m[38;2;0;0;0;48;2;0;0;0m▄[0m[38;2;0;0;0;48;2;0;0;0m▄[0m[38;2;0;0;0;48;2;0;0;0m▄[0m[0;40m       [0m
[0;40m      [0m[38;2;0;0;0;48;2;0;0;0m▄[0m[38;2;0;0;0;48;2;0;0;0m▄[0m[38;2;0;0;0;48;2;0;0;0m▄[0m[38;2;0;0;0;48;2;0;0;0m▄[0m[38;2;0;0;0;48;2;0;0;0m▄[0m[38;2;0;0;0;48;2;0;0;0m▄[0m[38;2;0;0;0;48;2;0;0;0m▄[0m[38;2;0;0;0;48;2;0;0;0m▄[0m[38;2;0;0;0;48;2;0;0;0m▄[0m[38;2;0;0;0;48;2;0;0;0m▄[0m[38;2;0;0;0;48;2;0;0;0m▄[0m[38;2;0;0;0;48;2;0;0;0m▄[0m[38;2;0;0;0;48;2;0;0;0m▄[0m[38;2;0;0;0;48;2;0;0;0m▄[0m[38;2;0;0;0;48;2;0;0;0m▄[0m[38;2;0;0;0;48;2;0;0;0m▄[0m[38;2;0;0;0;48;2;0;0;0m▄[0m[38;2;0;0;0;48;2;0;0;0m▄[0m[38;2;0;0;0;48;2;0;0;0m▄[0m[38;2;0;0;0;48;2;0;0;0m▄[0m[38;2;0;0;0;48;2;0;0;0m▄[0m[38;2;0;0;0;48;2;0;0;0m▄[0m[38;2;0;0;0;48;2;0;0;0m▄[0m[38;2;0;0;0;48;2;0;0;0m▄[0m[38;2;0;0;0;48;2;0;0;0m▄[0m[38;2;0;0;0;48;2;0;0;0m▄[0m[38;2;0;0;0;48;2;0;0;0m▄[0m[38;2;0;0;0;48;2;0;0;0m▄[0m[38;2;0;0;0;48;2;0;0;0m▄[0m[38;2;0;0;0;48;2;0;0;0m▄[0m[38;2;0;0;0;48;2;0;0;0m▄[0m[38;2;0;0;0;48;2;0;0;0m▄[0m[38;2;0;0;0;48;2;0;0;0m▄[0m[38;2;0;0;0;48;2;0;0;0m▄[0m[38;2;0;0;0;48;2;0;0;0m▄[0m[38;2;0;0;0;48;2;0;0;0m▄[0m[38;2;0;0;0;48;2;0;0;0m▄[0m[38;2;0;0;0;48;2;0;0;0m▄[0m[38;2;0;0;0;48;2;0;0;0m▄[0m[38;2;0;0;0;48;2;0;0;0m▄[0m[38;2;0;0;0;48;2;0;0;0m▄[0m[38;2;0;0;0;48;2;0;0;0m▄[0m[38;2;0;0;0;48;2;0;0;0m▄[0m[38;2;0;0;0;48;2;0;0;0m▄[0m[38;2;0;0;0;48;2;0;0;0m▄[0m[38;2;0;0;0;48;2;0;0;0m▄[0m[38;2;0;0;0;48;2;0;0;0m▄[0m[38;2;0;0;0;48;2;0;0;0m▄[0m[38;2;0;0;0;48;2;0;0;0m▄[0m[38;2;0;0;0;48;2;0;0;0m▄[0m[38;2;0;0;0;48;2;0;0;0m▄[0m[38;2;0;0;0;48;2;0;0;0m▄[0m[38;2;0;0;0;48;2;0;0;0m▄[0m[38;2;0;0;0;48;2;0;0;0m▄[0m[38;2;0;0;0;48;2;0;0;0m▄[0m[38;2;0;0;0;48;2;0;0;0m▄[0m[38;2;0;0;0;48;2;0;0;0m▄[0m[38;2;0;0;0;48;2;0;0;0m▄[0m[38;2;0;0;0;48;2;0;0;0m▄[0m[38;2;0;0;0;48;2;0;0;0m▄[0m[38;2;0;0;0;48;2;0;0;0m▄[0m[38;2;0;0;0;48;2;0;0;0m▄[0m[38;2;0;0;0;48;2;0;0;0m▄[0m[38;2;0;0;0;48;2;0;0;0m▄[0m[38;2;0;0;0;48;2;0;0;0m▄[0m[38;2;0;0;0;48;2;0;0;0m▄[0m[38;2;0;0;0;48;2;0;0;0m▄[0m[38;2;0;0;0;48;2;0;0;0m▄[0m[38;2;0;0;0;48;2;0;0;0m▄[0m[38;2;0;0;0;48;2;0;0;0m▄[0m[38;2;0;0;0;48;2;0;0;0m▄[0m[38;2;0;0;0;48;2;0;0;0m▄[0m[38;2;0;0;0;48;2;0;0;0m▄[0m[38;2;0;0;0;48;2;0;0;0m▄[0m[38;2;0;0;0;48;2;0;0;0m▄[0m[38;2;0;0;0;48;2;0;0;0m▄[0m[38;2;0;0;0;48;2;0;0;0m▄[0m[38;2;0;0;0;48;2;0;0;0m▄[0m[38;2;0;0;0;48;2;0;0;0m▄[0m[38;2;0;0;0;48;2;0;0;0m▄[0m[38;2;0;0;0;48;2;0;0;0m▄[0m[38;2;0;0;0;48;2;0;0;0m▄[0m[38;2;0;0;0;48;2;0;0;0m▄[0m[38;2;0;0;0;48;2;0;0;0m▄[0m[38;2;0;0;0;48;2;0;0;0m▄[0m[38;2;0;0;0;48;2;0;0;0m▄[0m[38;2;0;0;0;48;2;0;0;0m▄[0m[38;2;0;0;0;48;2;0;0;0m▄[0m[38;2;0;0;0;48;2;0;0;0m▄[0m[38;2;0;0;0;48;2;0;0;0m▄[0m[38;2;0;0;0;48;2;0;0;0m▄[0m[38;2;0;0;0;48;2;0;0;0m▄[0m[38;2;0;0;0;48;2;0;0;0m▄[0m[38;2;0;0;0;48;2;0;0;0m▄[0m[38;2;0;0;0;48;2;0;0;0m▄[0m[38;2;0;0;0;48;2;0;0;0m▄[0m[38;2;0;0;0;48;2;0;0;0m▄[0m[38;2;0;0;0;48;2;0;0;0m▄[0m[38;2;0;0;0;48;2;0;0;0m▄[0m[38;2;0;0;0;48;2;0;0;0m▄[0m[38;2;0;0;0;48;2;0;0;0m▄[0m[38;2;0;0;0;48;2;0;0;0m▄[0m[38;2;0;0;0;48;2;0;0;0m▄[0m[38;2;0;0;0;48;2;0;0;0m▄[0m[38;2;0;0;0;48;2;0;0;0m▄[0m[38;2;0;0;0;48;2;0;0;0m▄[0m[38;2;0;0;0;48;2;0;0;0m▄[0m[0;40m       [0m
[0;40m      [0m[38;2;0;0;0;48;2;0;0;0m▄[0m[38;2;0;0;0;48;2;0;0;0m▄[0m[38;2;0;0;0;48;2;0;0;0m▄[0m[38;2;0;0;0;48;2;0;0;0m▄[0m[38;2;0;0;0;48;2;0;0;0m▄[0m[38;2;0;0;0;48;2;0;0;0m▄[0m[38;2;0;0;0;48;2;0;0;0m▄[0m[38;2;0;0;0;48;2;0;0;0m▄[0m[38;2;0;0;0;48;2;0;0;0m▄[0m[38;2;0;0;0;48;2;0;0;0m▄[0m[38;2;0;0;0;48;2;0;0;0m▄[0m[38;2;0;0;0;48;2;0;0;0m▄[0m[38;2;0;0;0;48;2;0;0;0m▄[0m[38;2;0;0;0;48;2;0;0;0m▄[0m[38;2;0;0;0;48;2;0;0;0m▄[0m[38;2;0;0;0;48;2;0;0;0m▄[0m[38;2;0;0;0;48;2;0;0;0m▄[0m[38;2;0;0;0;48;2;0;0;0m▄[0m[38;2;0;0;0;48;2;0;0;0m▄[0m[38;2;0;0;0;48;2;0;0;0m▄[0m[38;2;0;0;0;48;2;0;0;0m▄[0m[38;2;0;0;0;48;2;0;0;0m▄[0m[38;2;0;0;0;48;2;0;0;0m▄[0m[38;2;0;0;0;48;2;0;0;0m▄[0m[38;2;0;0;0;48;2;0;0;0m▄[0m[38;2;0;0;0;48;2;0;0;0m▄[0m[38;2;0;0;0;48;2;0;0;0m▄[0m[38;2;0;0;0;48;2;0;0;0m▄[0m[38;2;0;0;0;48;2;0;0;0m▄[0m[38;2;0;0;0;48;2;0;0;0m▄[0m[38;2;0;0;0;48;2;0;0;0m▄[0m[38;2;0;0;0;48;2;0;0;0m▄[0m[38;2;0;0;0;48;2;0;0;0m▄[0m[38;2;0;0;0;48;2;0;0;0m▄[0m[38;2;0;0;0;48;2;0;0;0m▄[0m[38;2;0;0;0;48;2;0;0;0m▄[0m[38;2;0;0;0;48;2;0;0;0m▄[0m[38;2;0;0;0;48;2;0;0;0m▄[0m[38;2;0;0;0;48;2;0;0;0m▄[0m[38;2;0;0;0;48;2;0;0;0m▄[0m[38;2;0;0;0;48;2;0;0;0m▄[0m[38;2;0;0;0;48;2;0;0;0m▄[0m[38;2;0;0;0;48;2;0;0;0m▄[0m[38;2;0;0;0;48;2;0;0;0m▄[0m[38;2;0;0;0;48;2;0;0;0m▄[0m[38;2;0;0;0;48;2;0;0;0m▄[0m[38;2;0;0;0;48;2;0;0;0m▄[0m[38;2;0;0;0;48;2;0;0;0m▄[0m[38;2;0;0;0;48;2;0;0;0m▄[0m[38;2;0;0;0;48;2;0;0;0m▄[0m[38;2;0;0;0;48;2;0;0;0m▄[0m[38;2;0;0;0;48;2;0;0;0m▄[0m[38;2;0;0;0;48;2;0;0;0m▄[0m[38;2;0;0;0;48;2;0;0;0m▄[0m[38;2;0;0;0;48;2;0;0;0m▄[0m[38;2;0;0;0;48;2;0;0;0m▄[0m[38;2;0;0;0;48;2;0;0;0m▄[0m[38;2;0;0;0;48;2;0;0;0m▄[0m[38;2;0;0;0;48;2;0;0;0m▄[0m[38;2;0;0;0;48;2;0;0;0m▄[0m[38;2;0;0;0;48;2;0;0;0m▄[0m[38;2;0;0;0;48;2;0;0;0m▄[0m[38;2;0;0;0;48;2;0;0;0m▄[0m[38;2;0;0;0;48;2;0;0;0m▄[0m[38;2;0;0;0;48;2;0;0;0m▄[0m[38;2;0;0;0;48;2;0;0;0m▄[0m[38;2;0;0;0;48;2;0;0;0m▄[0m[38;2;0;0;0;48;2;0;0;0m▄[0m[38;2;0;0;0;48;2;0;0;0m▄[0m[38;2;0;0;0;48;2;0;0;0m▄[0m[38;2;0;0;0;48;2;0;0;0m▄[0m[38;2;0;0;0;48;2;0;0;0m▄[0m[38;2;0;0;0;48;2;0;0;0m▄[0m[38;2;0;0;0;48;2;0;0;0m▄[0m[38;2;0;0;0;48;2;0;0;0m▄[0m[38;2;0;0;0;48;2;0;0;0m▄[0m[38;2;0;0;0;48;2;0;0;0m▄[0m[38;2;0;0;0;48;2;0;0;0m▄[0m[38;2;0;0;0;48;2;0;0;0m▄[0m[38;2;0;0;0;48;2;0;0;0m▄[0m[38;2;0;0;0;48;2;0;0;0m▄[0m[38;2;0;0;0;48;2;0;0;0m▄[0m[38;2;0;0;0;48;2;0;0;0m▄[0m[38;2;0;0;0;48;2;0;0;0m▄[0m[38;2;0;0;0;48;2;0;0;0m▄[0m[38;2;0;0;0;48;2;0;0;0m▄[0m[38;2;0;0;0;48;2;0;0;0m▄[0m[38;2;0;0;0;48;2;0;0;0m▄[0m[38;2;0;0;0;48;2;0;0;0m▄[0m[38;2;0;0;0;48;2;0;0;0m▄[0m[38;2;0;0;0;48;2;0;0;0m▄[0m[38;2;0;0;0;48;2;0;0;0m▄[0m[38;2;0;0;0;48;2;0;0;0m▄[0m[38;2;0;0;0;48;2;0;0;0m▄[0m[38;2;0;0;0;48;2;0;0;0m▄[0m[38;2;0;0;0;48;2;0;0;0m▄[0m[38;2;0;0;0;48;2;0;0;0m▄[0m[38;2;0;0;0;48;2;0;0;0m▄[0m[38;2;0;0;0;48;2;0;0;0m▄[0m[38;2;0;0;0;48;2;0;0;0m▄[0m[38;2;0;0;0;48;2;0;0;0m▄[0m[38;2;0;0;0;48;2;0;0;0m▄[0m[38;2;0;0;0;48;2;0;0;0m▄[0m[38;2;0;0;0;48;2;0;0;0m▄[0m[38;2;0;0;0;48;2;0;0;0m▄[0m[38;2;0;0;0;48;2;0;0;0m▄[0m[38;2;0;0;0;48;2;0;0;0m▄[0m[0;40m       [0m
[0;40m      [0m[38;2;0;0;0;48;2;0;0;0m▄[0m[38;2;0;0;0;48;2;0;0;0m▄[0m[38;2;0;0;0;48;2;0;0;0m▄[0m[38;2;0;0;0;48;2;0;0;0m▄[0m[38;2;0;0;0;48;2;0;0;0m▄[0m[38;2;0;0;0;48;2;0;0;0m▄[0m[38;2;0;0;0;48;2;0;0;0m▄[0m[38;2;0;0;0;48;2;0;0;0m▄[0m[38;2;0;0;0;48;2;0;0;0m▄[0m[38;2;0;0;0;48;2;0;0;0m▄[0m[38;2;0;0;0;48;2;0;0;0m▄[0m[38;2;0;0;0;48;2;0;0;0m▄[0m[38;2;0;0;0;48;2;0;0;0m▄[0m[38;2;0;0;0;48;2;0;0;0m▄[0m[38;2;0;0;0;48;2;0;0;0m▄[0m[38;2;0;0;0;48;2;0;0;0m▄[0m[38;2;0;0;0;48;2;0;0;0m▄[0m[38;2;0;0;0;48;2;0;0;0m▄[0m[38;2;0;0;0;48;2;0;0;0m▄[0m[38;2;0;0;0;48;2;0;0;0m▄[0m[38;2;0;0;0;48;2;0;0;0m▄[0m[38;2;0;0;0;48;2;0;0;0m▄[0m[38;2;0;0;0;48;2;0;0;0m▄[0m[38;2;0;0;0;48;2;0;0;0m▄[0m[38;2;0;0;0;48;2;0;0;0m▄[0m[38;2;0;0;0;48;2;0;0;0m▄[0m[38;2;0;0;0;48;2;0;0;0m▄[0m[38;2;0;0;0;48;2;0;0;0m▄[0m[38;2;0;0;0;48;2;0;0;0m▄[0m[38;2;0;0;0;48;2;0;0;0m▄[0m[38;2;0;0;0;48;2;0;0;0m▄[0m[38;2;0;0;0;48;2;0;0;0m▄[0m[38;2;0;0;0;48;2;0;0;0m▄[0m[38;2;0;0;0;48;2;0;0;0m▄[0m[38;2;0;0;0;48;2;0;0;0m▄[0m[38;2;0;0;0;48;2;0;0;0m▄[0m[38;2;0;0;0;48;2;0;0;0m▄[0m[38;2;0;0;0;48;2;0;0;0m▄[0m[38;2;0;0;0;48;2;0;0;0m▄[0m[38;2;0;0;0;48;2;0;0;0m▄[0m[38;2;0;0;0;48;2;0;0;0m▄[0m[38;2;0;0;0;48;2;0;0;0m▄[0m[38;2;0;0;0;48;2;0;0;0m▄[0m[38;2;0;0;0;48;2;0;0;0m▄[0m[38;2;0;0;0;48;2;0;0;0m▄[0m[38;2;0;0;0;48;2;0;0;0m▄[0m[38;2;0;0;0;48;2;0;0;0m▄[0m[38;2;0;0;0;48;2;0;0;0m▄[0m[38;2;0;0;0;48;2;0;0;0m▄[0m[38;2;0;0;0;48;2;0;0;0m▄[0m[38;2;0;0;0;48;2;0;0;0m▄[0m[38;2;0;0;0;48;2;0;0;0m▄[0m[38;2;0;0;0;48;2;0;0;0m▄[0m[38;2;0;0;0;48;2;0;0;0m▄[0m[38;2;0;0;0;48;2;0;0;0m▄[0m[38;2;0;0;0;48;2;0;0;0m▄[0m[38;2;0;0;0;48;2;0;0;0m▄[0m[38;2;0;0;0;48;2;0;0;0m▄[0m[38;2;0;0;0;48;2;0;0;0m▄[0m[38;2;0;0;0;48;2;0;0;0m▄[0m[38;2;0;0;0;48;2;0;0;0m▄[0m[38;2;0;0;0;48;2;0;0;0m▄[0m[38;2;0;0;0;48;2;0;0;0m▄[0m[38;2;0;0;0;48;2;0;0;0m▄[0m[38;2;0;0;0;48;2;0;0;0m▄[0m[38;2;0;0;0;48;2;0;0;0m▄[0m[38;2;0;0;0;48;2;0;0;0m▄[0m[38;2;0;0;0;48;2;0;0;0m▄[0m[38;2;0;0;0;48;2;0;0;0m▄[0m[38;2;0;0;0;48;2;0;0;0m▄[0m[38;2;0;0;0;48;2;0;0;0m▄[0m[38;2;0;0;0;48;2;0;0;0m▄[0m[38;2;0;0;0;48;2;0;0;0m▄[0m[38;2;0;0;0;48;2;0;0;0m▄[0m[38;2;0;0;0;48;2;0;0;0m▄[0m[38;2;0;0;0;48;2;0;0;0m▄[0m[38;2;0;0;0;48;2;0;0;0m▄[0m[38;2;0;0;0;48;2;0;0;0m▄[0m[38;2;0;0;0;48;2;0;0;0m▄[0m[38;2;0;0;0;48;2;0;0;0m▄[0m[38;2;0;0;0;48;2;0;0;0m▄[0m[38;2;0;0;0;48;2;0;0;0m▄[0m[38;2;0;0;0;48;2;0;0;0m▄[0m[38;2;0;0;0;48;2;0;0;0m▄[0m[38;2;0;0;0;48;2;0;0;0m▄[0m[38;2;0;0;0;48;2;0;0;0m▄[0m[38;2;0;0;0;48;2;0;0;0m▄[0m[38;2;0;0;0;48;2;0;0;0m▄[0m[38;2;0;0;0;48;2;0;0;0m▄[0m[38;2;0;0;0;48;2;0;0;0m▄[0m[38;2;0;0;0;48;2;0;0;0m▄[0m[38;2;0;0;0;48;2;0;0;0m▄[0m[38;2;0;0;0;48;2;0;0;0m▄[0m[38;2;0;0;0;48;2;0;0;0m▄[0m[38;2;0;0;0;48;2;0;0;0m▄[0m[38;2;0;0;0;48;2;0;0;0m▄[0m[38;2;0;0;0;48;2;0;0;0m▄[0m[38;2;0;0;0;48;2;0;0;0m▄[0m[38;2;0;0;0;48;2;0;0;0m▄[0m[38;2;0;0;0;48;2;0;0;0m▄[0m[38;2;0;0;0;48;2;0;0;0m▄[0m[38;2;0;0;0;48;2;0;0;0m▄[0m[38;2;0;0;0;48;2;0;0;0m▄[0m[38;2;0;0;0;48;2;0;0;0m▄[0m[38;2;0;0;0;48;2;0;0;0m▄[0m[38;2;0;0;0;48;2;0;0;0m▄[0m[38;2;0;0;0;48;2;0;0;0m▄[0m[0;40m       [0m
[0;40m      [0m[38;2;0;0;0;48;2;0;0;0m▄[0m[38;2;0;0;0;48;2;0;0;0m▄[0m[38;2;0;0;0;48;2;0;0;0m▄[0m[38;2;0;0;0;48;2;0;0;0m▄[0m[38;2;0;0;0;48;2;0;0;0m▄[0m[38;2;0;0;0;48;2;0;0;0m▄[0m[38;2;0;0;0;48;2;0;0;0m▄[0m[38;2;0;0;0;48;2;0;0;0m▄[0m[38;2;0;0;0;48;2;0;0;0m▄[0m[38;2;0;0;0;48;2;0;0;0m▄[0m[38;2;0;0;0;48;2;0;0;0m▄[0m[38;2;0;0;0;48;2;0;0;0m▄[0m[38;2;0;0;0;48;2;0;0;0m▄[0m[38;2;0;0;0;48;2;0;0;0m▄[0m[38;2;0;0;0;48;2;0;0;0m▄[0m[38;2;0;0;0;48;2;0;0;0m▄[0m[38;2;0;0;0;48;2;0;0;0m▄[0m[38;2;0;0;0;48;2;0;0;0m▄[0m[38;2;0;0;0;48;2;0;0;0m▄[0m[38;2;0;0;0;48;2;0;0;0m▄[0m[38;2;0;0;0;48;2;0;0;0m▄[0m[38;2;0;0;0;48;2;0;0;0m▄[0m[38;2;0;0;0;48;2;0;0;0m▄[0m[38;2;0;0;0;48;2;0;0;0m▄[0m[38;2;0;0;0;48;2;0;0;0m▄[0m[38;2;0;0;0;48;2;0;0;0m▄[0m[38;2;0;0;0;48;2;0;0;0m▄[0m[38;2;0;0;0;48;2;0;0;0m▄[0m[38;2;0;0;0;48;2;0;0;0m▄[0m[38;2;0;0;0;48;2;0;0;0m▄[0m[38;2;0;0;0;48;2;0;0;0m▄[0m[38;2;0;0;0;48;2;0;0;0m▄[0m[38;2;0;0;0;48;2;0;0;0m▄[0m[38;2;0;0;0;48;2;0;0;0m▄[0m[38;2;0;0;0;48;2;0;0;0m▄[0m[38;2;0;0;0;48;2;0;0;0m▄[0m[38;2;0;0;0;48;2;0;0;0m▄[0m[38;2;0;0;0;48;2;0;0;0m▄[0m[38;2;0;0;0;48;2;0;0;0m▄[0m[38;2;0;0;0;48;2;0;0;0m▄[0m[38;2;0;0;0;48;2;0;0;0m▄[0m[38;2;0;0;0;48;2;0;0;0m▄[0m[38;2;0;0;0;48;2;0;0;0m▄[0m[38;2;0;0;0;48;2;0;0;0m▄[0m[38;2;0;0;0;48;2;0;0;0m▄[0m[38;2;0;0;0;48;2;0;0;0m▄[0m[38;2;0;0;0;48;2;0;0;0m▄[0m[38;2;0;0;0;48;2;0;0;0m▄[0m[38;2;0;0;0;48;2;0;0;0m▄[0m[38;2;0;0;0;48;2;0;0;0m▄[0m[38;2;0;0;0;48;2;0;0;0m▄[0m[38;2;0;0;0;48;2;0;0;0m▄[0m[38;2;0;0;0;48;2;0;0;0m▄[0m[38;2;0;0;0;48;2;0;0;0m▄[0m[38;2;0;0;0;48;2;0;0;0m▄[0m[38;2;0;0;0;48;2;0;0;0m▄[0m[38;2;0;0;0;48;2;0;0;0m▄[0m[38;2;0;0;0;48;2;0;0;0m▄[0m[38;2;0;0;0;48;2;0;0;0m▄[0m[38;2;0;0;0;48;2;0;0;0m▄[0m[38;2;0;0;0;48;2;0;0;0m▄[0m[38;2;0;0;0;48;2;0;0;0m▄[0m[38;2;0;0;0;48;2;0;0;0m▄[0m[38;2;0;0;0;48;2;0;0;0m▄[0m[38;2;0;0;0;48;2;0;0;0m▄[0m[38;2;0;0;0;48;2;0;0;0m▄[0m[38;2;0;0;0;48;2;0;0;0m▄[0m[38;2;0;0;0;48;2;0;0;0m▄[0m[38;2;0;0;0;48;2;0;0;0m▄[0m[38;2;0;0;0;48;2;0;0;0m▄[0m[38;2;0;0;0;48;2;0;0;0m▄[0m[38;2;0;0;0;48;2;0;0;0m▄[0m[38;2;0;0;0;48;2;0;0;0m▄[0m[38;2;0;0;0;48;2;0;0;0m▄[0m[38;2;0;0;0;48;2;0;0;0m▄[0m[38;2;0;0;0;48;2;0;0;0m▄[0m[38;2;0;0;0;48;2;0;0;0m▄[0m[38;2;0;0;0;48;2;0;0;0m▄[0m[38;2;0;0;0;48;2;0;0;0m▄[0m[38;2;0;0;0;48;2;0;0;0m▄[0m[38;2;0;0;0;48;2;0;0;0m▄[0m[38;2;0;0;0;48;2;0;0;0m▄[0m[38;2;0;0;0;48;2;0;0;0m▄[0m[38;2;0;0;0;48;2;0;0;0m▄[0m[38;2;0;0;0;48;2;0;0;0m▄[0m[38;2;0;0;0;48;2;0;0;0m▄[0m[38;2;0;0;0;48;2;0;0;0m▄[0m[38;2;0;0;0;48;2;0;0;0m▄[0m[38;2;0;0;0;48;2;0;0;0m▄[0m[38;2;0;0;0;48;2;0;0;0m▄[0m[38;2;0;0;0;48;2;0;0;0m▄[0m[38;2;0;0;0;48;2;0;0;0m▄[0m[38;2;0;0;0;48;2;0;0;0m▄[0m[38;2;0;0;0;48;2;0;0;0m▄[0m[38;2;0;0;0;48;2;0;0;0m▄[0m[38;2;0;0;0;48;2;0;0;0m▄[0m[38;2;0;0;0;48;2;0;0;0m▄[0m[38;2;0;0;0;48;2;0;0;0m▄[0m[38;2;0;0;0;48;2;0;0;0m▄[0m[38;2;0;0;0;48;2;0;0;0m▄[0m[38;2;0;0;0;48;2;0;0;0m▄[0m[38;2;0;0;0;48;2;0;0;0m▄[0m[38;2;0;0;0;48;2;0;0;0m▄[0m[38;2;0;0;0;48;2;0;0;0m▄[0m[38;2;0;0;0;48;2;0;0;0m▄[0m[38;2;0;0;0;48;2;0;0;0m▄[0m[38;2;0;0;0;48;2;0;0;0m▄[0m[0;40m       [0m
[0;40m      [0m[38;2;0;0;0;48;2;0;0;0m▄[0m[38;2;0;0;0;48;2;0;0;0m▄[0m[38;2;0;0;0;48;2;0;0;0m▄[0m[38;2;0;0;0;48;2;0;0;0m▄[0m[38;2;0;0;0;48;2;0;0;0m▄[0m[38;2;0;0;0;48;2;0;0;0m▄[0m[38;2;0;0;0;48;2;0;0;0m▄[0m[38;2;0;0;0;48;2;0;0;0m▄[0m[38;2;0;0;0;48;2;0;0;0m▄[0m[38;2;0;0;0;48;2;0;0;0m▄[0m[38;2;0;0;0;48;2;0;0;0m▄[0m[38;2;0;0;0;48;2;0;0;0m▄[0m[38;2;0;0;0;48;2;0;0;0m▄[0m[38;2;0;0;0;48;2;0;0;0m▄[0m[38;2;0;0;0;48;2;0;0;0m▄[0m[38;2;0;0;0;48;2;0;0;0m▄[0m[38;2;0;0;0;48;2;0;0;0m▄[0m[38;2;0;0;0;48;2;0;0;0m▄[0m[38;2;0;0;0;48;2;0;0;0m▄[0m[38;2;0;0;0;48;2;0;0;0m▄[0m[38;2;0;0;0;48;2;0;0;0m▄[0m[38;2;0;0;0;48;2;0;0;0m▄[0m[38;2;0;0;0;48;2;0;0;0m▄[0m[38;2;0;0;0;48;2;0;0;0m▄[0m[38;2;0;0;0;48;2;0;0;0m▄[0m[38;2;0;0;0;48;2;0;0;0m▄[0m[38;2;0;0;0;48;2;0;0;0m▄[0m[38;2;0;0;0;48;2;0;0;0m▄[0m[38;2;0;0;0;48;2;0;0;0m▄[0m[38;2;0;0;0;48;2;0;0;0m▄[0m[38;2;0;0;0;48;2;0;0;0m▄[0m[38;2;0;0;0;48;2;0;0;0m▄[0m[38;2;0;0;0;48;2;0;0;0m▄[0m[38;2;0;0;0;48;2;0;0;0m▄[0m[38;2;0;0;0;48;2;0;0;0m▄[0m[38;2;14;0;0;48;2;0;0;0m▄[0m[38;2;70;0;1;48;2;0;0;0m▄[0m[38;2;102;1;2;48;2;14;0;0m▄[0m[38;2;201;5;7;48;2;54;0;1m▄[0m[38;2;200;5;7;48;2;51;0;1m▄[0m[38;2;200;5;7;48;2;59;0;1m▄[0m[38;2;200;5;7;48;2;63;0;1m▄[0m[38;2;205;5;7;48;2;63;0;1m▄[0m[38;2;208;5;7;48;2;76;0;2m▄[0m[38;2;182;3;4;48;2;16;0;0m▄[0m[38;2;150;0;3;48;2;1;0;0m▄[0m[38;2;41;0;1;48;2;0;0;0m▄[0m[38;2;29;0;0;48;2;0;0;0m▄[0m[38;2;1;0;0;48;2;0;0;0m▄[0m[38;2;0;0;0;48;2;0;0;0m▄[0m[38;2;0;0;0;48;2;0;0;0m▄[0m[38;2;0;0;0;48;2;0;0;0m▄[0m[38;2;0;0;0;48;2;0;0;0m▄[0m[38;2;0;0;0;48;2;0;0;0m▄[0m[38;2;0;0;0;48;2;0;0;0m▄[0m[38;2;0;0;0;48;2;0;0;0m▄[0m[38;2;0;0;0;48;2;0;0;0m▄[0m[38;2;0;0;0;48;2;0;0;0m▄[0m[38;2;0;0;0;48;2;0;0;0m▄[0m[38;2;0;0;0;48;2;0;0;0m▄[0m[38;2;39;0;1;48;2;0;0;0m▄[0m[38;2;79;0;2;48;2;0;0;0m▄[0m[38;2;151;3;4;48;2;31;0;0m▄[0m[38;2;200;5;7;48;2;57;0;1m▄[0m[38;2;200;5;7;48;2;56;0;1m▄[0m[38;2;199;5;7;48;2;59;0;1m▄[0m[38;2;203;5;7;48;2;61;0;1m▄[0m[38;2;207;5;7;48;2;66;0;1m▄[0m[38;2;214;6;7;48;2;62;0;1m▄[0m[38;2;91;0;1;48;2;9;0;0m▄[0m[38;2;78;0;2;48;2;0;0;0m▄[0m[38;2;35;0;1;48;2;0;0;0m▄[0m[38;2;0;0;0;48;2;0;0;0m▄[0m[38;2;0;0;0;48;2;0;0;0m▄[0m[38;2;0;0;0;48;2;0;0;0m▄[0m[38;2;0;0;0;48;2;0;0;0m▄[0m[38;2;0;0;0;48;2;0;0;0m▄[0m[38;2;0;0;0;48;2;0;0;0m▄[0m[38;2;0;0;0;48;2;0;0;0m▄[0m[38;2;0;0;0;48;2;0;0;0m▄[0m[38;2;0;0;0;48;2;0;0;0m▄[0m[38;2;0;0;0;48;2;0;0;0m▄[0m[38;2;0;0;0;48;2;0;0;0m▄[0m[38;2;0;0;0;48;2;0;0;0m▄[0m[38;2;0;0;0;48;2;0;0;0m▄[0m[38;2;0;0;0;48;2;0;0;0m▄[0m[38;2;0;0;0;48;2;0;0;0m▄[0m[38;2;0;0;0;48;2;0;0;0m▄[0m[38;2;0;0;0;48;2;0;0;0m▄[0m[38;2;0;0;0;48;2;0;0;0m▄[0m[38;2;0;0;0;48;2;0;0;0m▄[0m[38;2;0;0;0;48;2;0;0;0m▄[0m[38;2;0;0;0;48;2;0;0;0m▄[0m[38;2;0;0;0;48;2;0;0;0m▄[0m[38;2;0;0;0;48;2;0;0;0m▄[0m[38;2;0;0;0;48;2;0;0;0m▄[0m[38;2;0;0;0;48;2;0;0;0m▄[0m[38;2;0;0;0;48;2;0;0;0m▄[0m[38;2;0;0;0;48;2;0;0;0m▄[0m[38;2;0;0;0;48;2;0;0;0m▄[0m[38;2;0;0;0;48;2;0;0;0m▄[0m[38;2;0;0;0;48;2;0;0;0m▄[0m[38;2;0;0;0;48;2;0;0;0m▄[0m[38;2;0;0;0;48;2;0;0;0m▄[0m[38;2;0;0;0;48;2;0;0;0m▄[0m[38;2;0;0;0;48;2;0;0;0m▄[0m[38;2;0;0;0;48;2;0;0;0m▄[0m[0;40m       [0m
[0;40m      [0m[38;2;0;0;0;48;2;0;0;0m▄[0m[38;2;0;0;0;48;2;0;0;0m▄[0m[38;2;0;0;0;48;2;0;0;0m▄[0m[38;2;0;0;0;48;2;0;0;0m▄[0m[38;2;0;0;0;48;2;0;0;0m▄[0m[38;2;0;0;0;48;2;0;0;0m▄[0m[38;2;0;0;0;48;2;0;0;0m▄[0m[38;2;0;0;0;48;2;0;0;0m▄[0m[38;2;0;0;0;48;2;0;0;0m▄[0m[38;2;0;0;0;48;2;0;0;0m▄[0m[38;2;0;0;0;48;2;0;0;0m▄[0m[38;2;0;0;0;48;2;0;0;0m▄[0m[38;2;0;0;0;48;2;0;0;0m▄[0m[38;2;0;0;0;48;2;0;0;0m▄[0m[38;2;0;0;0;48;2;0;0;0m▄[0m[38;2;0;0;0;48;2;0;0;0m▄[0m[38;2;0;0;0;48;2;0;0;0m▄[0m[38;2;0;0;0;48;2;0;0;0m▄[0m[38;2;0;0;0;48;2;0;0;0m▄[0m[38;2;0;0;0;48;2;0;0;0m▄[0m[38;2;0;0;0;48;2;0;0;0m▄[0m[38;2;0;0;0;48;2;0;0;0m▄[0m[38;2;0;0;0;48;2;0;0;0m▄[0m[38;2;0;0;0;48;2;0;0;0m▄[0m[38;2;0;0;0;48;2;0;0;0m▄[0m[38;2;0;0;0;48;2;0;0;0m▄[0m[38;2;0;0;0;48;2;0;0;0m▄[0m[38;2;0;0;0;48;2;0;0;0m▄[0m[38;2;0;0;0;48;2;0;0;0m▄[0m[38;2;0;0;0;48;2;0;0;0m▄[0m[38;2;0;0;0;48;2;0;0;0m▄[0m[38;2;0;0;0;48;2;0;0;0m▄[0m[38;2;25;0;0;48;2;0;0;0m▄[0m[38;2;132;2;4;48;2;16;0;0m▄[0m[38;2;204;9;11;48;2;49;1;1m▄[0m[38;2;247;46;49;48;2;162;3;5m▄[0m[38;2;251;128;130;48;2;227;8;9m▄[0m[38;2;251;163;164;48;2;246;95;97m▄[0m[38;2;252;187;188;48;2;251;134;135m▄[0m[38;2;252;239;239;48;2;250;121;122m▄[0m[38;2;252;211;212;48;2;251;130;131m▄[0m[38;2;252;203;204;48;2;250;88;91m▄[0m[38;2;251;166;167;48;2;249;77;81m▄[0m[38;2;251;119;122;48;2;248;46;48m▄[0m[38;2;250;78;82;48;2;247;27;29m▄[0m[38;2;249;43;46;48;2;234;10;11m▄[0m[38;2;247;24;26;48;2;226;7;8m▄[0m[38;2;241;12;13;48;2;223;6;7m▄[0m[38;2;236;8;9;48;2;108;1;2m▄[0m[38;2;167;2;4;48;2;22;0;0m▄[0m[38;2;57;0;1;48;2;0;0;0m▄[0m[38;2;2;0;0;48;2;0;0;0m▄[0m[38;2;0;0;0;48;2;0;0;0m▄[0m[38;2;0;0;0;48;2;0;0;0m▄[0m[38;2;0;0;0;48;2;0;0;0m▄[0m[38;2;1;0;0;48;2;0;0;0m▄[0m[38;2;25;0;0;48;2;0;0;0m▄[0m[38;2;113;2;2;48;2;5;0;0m▄[0m[38;2;194;3;5;48;2;54;0;1m▄[0m[38;2;238;8;9;48;2;146;1;4m▄[0m[38;2;241;27;29;48;2;189;4;6m▄[0m[38;2;248;87;89;48;2;233;13;14m▄[0m[38;2;251;134;136;48;2;241;33;35m▄[0m[38;2;251;146;148;48;2;250;87;91m▄[0m[38;2;251;159;161;48;2;250;81;85m▄[0m[38;2;251;153;155;48;2;249;48;51m▄[0m[38;2;251;113;116;48;2;248;38;40m▄[0m[38;2;250;65;68;48;2;247;26;28m▄[0m[38;2;249;40;42;48;2;238;9;10m▄[0m[38;2;245;18;20;48;2;233;7;8m▄[0m[38;2;220;6;7;48;2;231;7;8m▄[0m[38;2;217;5;6;48;2;164;3;4m▄[0m[38;2;213;5;7;48;2;76;0;1m▄[0m[38;2;127;2;3;48;2;10;0;0m▄[0m[38;2;25;0;0;48;2;0;0;0m▄[0m[38;2;0;0;0;48;2;0;0;0m▄[0m[38;2;0;0;0;48;2;0;0;0m▄[0m[38;2;0;0;0;48;2;0;0;0m▄[0m[38;2;0;0;0;48;2;0;0;0m▄[0m[38;2;0;0;0;48;2;0;0;0m▄[0m[38;2;0;0;0;48;2;0;0;0m▄[0m[38;2;0;0;0;48;2;0;0;0m▄[0m[38;2;0;0;0;48;2;0;0;0m▄[0m[38;2;0;0;0;48;2;0;0;0m▄[0m[38;2;0;0;0;48;2;0;0;0m▄[0m[38;2;0;0;0;48;2;0;0;0m▄[0m[38;2;0;0;0;48;2;0;0;0m▄[0m[38;2;0;0;0;48;2;0;0;0m▄[0m[38;2;0;0;0;48;2;0;0;0m▄[0m[38;2;0;0;0;48;2;0;0;0m▄[0m[38;2;0;0;0;48;2;0;0;0m▄[0m[38;2;0;0;0;48;2;0;0;0m▄[0m[38;2;0;0;0;48;2;0;0;0m▄[0m[38;2;0;0;0;48;2;0;0;0m▄[0m[38;2;0;0;0;48;2;0;0;0m▄[0m[38;2;0;0;0;48;2;0;0;0m▄[0m[38;2;0;0;0;48;2;0;0;0m▄[0m[38;2;0;0;0;48;2;0;0;0m▄[0m[38;2;0;0;0;48;2;0;0;0m▄[0m[38;2;0;0;0;48;2;0;0;0m▄[0m[38;2;0;0;0;48;2;0;0;0m▄[0m[38;2;0;0;0;48;2;0;0;0m▄[0m[38;2;0;0;0;48;2;0;0;0m▄[0m[38;2;0;0;0;48;2;0;0;0m▄[0m[38;2;0;0;0;48;2;0;0;0m▄[0m[38;2;0;0;0;48;2;0;0;0m▄[0m[38;2;0;0;0;48;2;0;0;0m▄[0m[0;40m       [0m
[0;40m      [0m[38;2;0;0;0;48;2;0;0;0m▄[0m[38;2;0;0;0;48;2;0;0;0m▄[0m[38;2;0;0;0;48;2;0;0;0m▄[0m[38;2;0;0;0;48;2;0;0;0m▄[0m[38;2;0;0;0;48;2;0;0;0m▄[0m[38;2;0;0;0;48;2;0;0;0m▄[0m[38;2;0;0;0;48;2;0;0;0m▄[0m[38;2;0;0;0;48;2;0;0;0m▄[0m[38;2;0;0;0;48;2;0;0;0m▄[0m[38;2;0;0;0;48;2;0;0;0m▄[0m[38;2;0;0;0;48;2;0;0;0m▄[0m[38;2;0;0;0;48;2;0;0;0m▄[0m[38;2;0;0;0;48;2;0;0;0m▄[0m[38;2;0;0;0;48;2;0;0;0m▄[0m[38;2;0;0;0;48;2;0;0;0m▄[0m[38;2;0;0;0;48;2;0;0;0m▄[0m[38;2;0;0;0;48;2;0;0;0m▄[0m[38;2;0;0;0;48;2;0;0;0m▄[0m[38;2;0;0;0;48;2;0;0;0m▄[0m[38;2;0;0;0;48;2;0;0;0m▄[0m[38;2;0;0;0;48;2;0;0;0m▄[0m[38;2;0;0;0;48;2;0;0;0m▄[0m[38;2;0;0;0;48;2;0;0;0m▄[0m[38;2;0;0;0;48;2;0;0;0m▄[0m[38;2;0;0;0;48;2;0;0;0m▄[0m[38;2;0;0;0;48;2;0;0;0m▄[0m[38;2;0;0;0;48;2;0;0;0m▄[0m[38;2;0;0;0;48;2;0;0;0m▄[0m[38;2;0;0;0;48;2;0;0;0m▄[0m[38;2;0;0;0;48;2;0;0;0m▄[0m[38;2;28;0;1;48;2;0;0;0m▄[0m[38;2;142;2;4;48;2;32;0;1m▄[0m[38;2;225;13;15;48;2;136;2;4m▄[0m[38;2;248;77;80;48;2;219;16;18m▄[0m[38;2;251;146;148;48;2;248;72;74m▄[0m[38;2;252;244;244;48;2;251;152;154m▄[0m[38;2;252;251;251;48;2;252;191;192m▄[0m[38;2;252;251;251;48;2;252;251;251m▄[0m[38;2;252;251;251;48;2;252;251;251m▄[0m[38;2;252;249;249;48;2;252;251;251m▄[0m[38;2;252;221;221;48;2;252;251;251m▄[0m[38;2;252;189;190;48;2;252;247;248m▄[0m[38;2;252;142;143;48;2;252;224;224m▄[0m[38;2;251;109;112;48;2;251;162;163m▄[0m[38;2;250;77;81;48;2;250;91;94m▄[0m[38;2;250;71;75;48;2;250;71;75m▄[0m[38;2;249;50;54;48;2;250;52;56m▄[0m[38;2;250;60;64;48;2;249;37;40m▄[0m[38;2;248;27;28;48;2;242;14;16m▄[0m[38;2;242;15;17;48;2;235;8;9m▄[0m[38;2;230;7;8;48;2;178;1;3m▄[0m[38;2;162;1;3;48;2;50;0;1m▄[0m[38;2;36;0;1;48;2;0;0;0m▄[0m[38;2;0;0;0;48;2;0;0;0m▄[0m[38;2;29;0;0;48;2;0;0;0m▄[0m[38;2;156;2;4;48;2;33;0;1m▄[0m[38;2;234;7;8;48;2;153;1;4m▄[0m[38;2;239;14;15;48;2;233;8;9m▄[0m[38;2;247;64;67;48;2;240;16;17m▄[0m[38;2;251;121;123;48;2;245;52;54m▄[0m[38;2;251;151;153;48;2;249;104;106m▄[0m[38;2;252;209;209;48;2;251;146;148m▄[0m[38;2;252;251;251;48;2;252;178;180m▄[0m[38;2;252;251;251;48;2;252;224;224m▄[0m[38;2;252;199;199;48;2;252;243;244m▄[0m[38;2;251;133;135;48;2;252;192;193m▄[0m[38;2;251;102;104;48;2;252;142;143m▄[0m[38;2;251;102;104;48;2;251;102;104m▄[0m[38;2;248;30;32;48;2;250;68;71m▄[0m[38;2;248;24;26;48;2;248;24;26m▄[0m[38;2;248;24;26;48;2;240;16;17m▄[0m[38;2;210;7;9;48;2;194;3;5m▄[0m[38;2;176;1;3;48;2;201;3;5m▄[0m[38;2;201;3;5;48;2;217;5;7m▄[0m[38;2;224;7;8;48;2;133;2;3m▄[0m[38;2;135;2;4;48;2;31;0;1m▄[0m[38;2;25;0;1;48;2;0;0;0m▄[0m[38;2;0;0;0;48;2;0;0;0m▄[0m[38;2;0;0;0;48;2;0;0;0m▄[0m[38;2;0;0;0;48;2;0;0;0m▄[0m[38;2;0;0;0;48;2;0;0;0m▄[0m[38;2;0;0;0;48;2;0;0;0m▄[0m[38;2;0;0;0;48;2;0;0;0m▄[0m[38;2;0;0;0;48;2;0;0;0m▄[0m[38;2;0;0;0;48;2;0;0;0m▄[0m[38;2;0;0;0;48;2;0;0;0m▄[0m[38;2;0;0;0;48;2;0;0;0m▄[0m[38;2;0;0;0;48;2;0;0;0m▄[0m[38;2;0;0;0;48;2;0;0;0m▄[0m[38;2;0;0;0;48;2;0;0;0m▄[0m[38;2;0;0;0;48;2;0;0;0m▄[0m[38;2;0;0;0;48;2;0;0;0m▄[0m[38;2;0;0;0;48;2;0;0;0m▄[0m[38;2;0;0;0;48;2;0;0;0m▄[0m[38;2;0;0;0;48;2;0;0;0m▄[0m[38;2;0;0;0;48;2;0;0;0m▄[0m[38;2;0;0;0;48;2;0;0;0m▄[0m[38;2;0;0;0;48;2;0;0;0m▄[0m[38;2;0;0;0;48;2;0;0;0m▄[0m[38;2;0;0;0;48;2;0;0;0m▄[0m[38;2;0;0;0;48;2;0;0;0m▄[0m[38;2;0;0;0;48;2;0;0;0m▄[0m[38;2;0;0;0;48;2;0;0;0m▄[0m[38;2;0;0;0;48;2;0;0;0m▄[0m[38;2;0;0;0;48;2;0;0;0m▄[0m[38;2;0;0;0;48;2;0;0;0m▄[0m[38;2;0;0;0;48;2;0;0;0m▄[0m[0;40m       [0m
[0;40m      [0m[38;2;0;0;0;48;2;0;0;0m▄[0m[38;2;0;0;0;48;2;0;0;0m▄[0m[38;2;0;0;0;48;2;0;0;0m▄[0m[38;2;0;0;0;48;2;0;0;0m▄[0m[38;2;0;0;0;48;2;0;0;0m▄[0m[38;2;0;0;0;48;2;0;0;0m▄[0m[38;2;0;0;0;48;2;0;0;0m▄[0m[38;2;0;0;0;48;2;0;0;0m▄[0m[38;2;0;0;0;48;2;0;0;0m▄[0m[38;2;0;0;0;48;2;0;0;0m▄[0m[38;2;0;0;0;48;2;0;0;0m▄[0m[38;2;0;0;0;48;2;0;0;0m▄[0m[38;2;0;0;0;48;2;0;0;0m▄[0m[38;2;0;0;0;48;2;0;0;0m▄[0m[38;2;0;0;0;48;2;0;0;0m▄[0m[38;2;0;0;0;48;2;0;0;0m▄[0m[38;2;0;0;0;48;2;0;0;0m▄[0m[38;2;0;0;0;48;2;0;0;0m▄[0m[38;2;0;0;0;48;2;0;0;0m▄[0m[38;2;0;0;0;48;2;0;0;0m▄[0m[38;2;0;0;0;48;2;0;0;0m▄[0m[38;2;0;0;0;48;2;0;0;0m▄[0m[38;2;0;0;0;48;2;0;0;0m▄[0m[38;2;0;0;0;48;2;0;0;0m▄[0m[38;2;0;0;0;48;2;0;0;0m▄[0m[38;2;0;0;0;48;2;0;0;0m▄[0m[38;2;0;0;0;48;2;0;0;0m▄[0m[38;2;0;0;0;48;2;0;0;0m▄[0m[38;2;0;0;0;48;2;0;0;0m▄[0m[38;2;44;0;1;48;2;0;0;0m▄[0m[38;2;170;6;8;48;2;92;0;2m▄[0m[38;2;237;15;17;48;2;212;6;8m▄[0m[38;2;248;88;90;48;2;248;35;37m▄[0m[38;2;252;154;155;48;2;251;114;116m▄[0m[38;2;252;245;245;48;2;252;229;229m▄[0m[38;2;252;249;249;48;2;252;251;251m▄[0m[38;2;252;250;250;48;2;252;251;251m▄[0m[38;2;252;229;229;48;2;252;251;251m▄[0m[38;2;251;171;172;48;2;252;249;249m▄[0m[38;2;251;150;151;48;2;252;194;194m▄[0m[38;2;250;98;101;48;2;251;147;148m▄[0m[38;2;250;83;87;48;2;251;123;125m▄[0m[38;2;250;62;66;48;2;250;93;97m▄[0m[38;2;249;41;43;48;2;250;84;88m▄[0m[38;2;248;29;31;48;2;249;56;60m▄[0m[38;2;248;32;34;48;2;250;61;65m▄[0m[38;2;248;26;28;48;2;250;53;56m▄[0m[38;2;248;24;26;48;2;249;32;34m▄[0m[38;2;248;25;27;48;2;248;24;26m▄[0m[38;2;241;13;15;48;2;247;24;26m▄[0m[38;2;240;11;12;48;2;234;9;10m▄[0m[38;2;209;3;4;48;2;213;3;4m▄[0m[38;2;182;1;2;48;2;125;0;3m▄[0m[38;2;65;1;1;48;2;0;0;0m▄[0m[38;2;204;5;6;48;2;121;0;3m▄[0m[38;2;241;16;18;48;2;235;8;9m▄[0m[38;2;250;84;86;48;2;242;15;16m▄[0m[38;2;251;141;142;48;2;249;81;84m▄[0m[38;2;252;168;168;48;2;251;117;119m▄[0m[38;2;252;157;159;48;2;251;129;131m▄[0m[38;2;252;139;141;48;2;252;175;176m▄[0m[38;2;251;108;110;48;2;252;203;203m▄[0m[38;2;251;114;116;48;2;252;241;241m▄[0m[38;2;251;112;114;48;2;252;220;221m▄[0m[38;2;251;101;104;48;2;251;135;137m▄[0m[38;2;250;69;71;48;2;251;107;109m▄[0m[38;2;248;28;30;48;2;249;68;71m▄[0m[38;2;248;24;26;48;2;249;57;59m▄[0m[38;2;241;13;14;48;2;248;26;28m▄[0m[38;2;240;12;13;48;2;248;24;26m▄[0m[38;2;238;8;9;48;2;242;14;15m▄[0m[38;2;238;8;9;48;2;238;8;9m▄[0m[38;2;228;7;8;48;2;191;3;5m▄[0m[38;2;208;4;5;48;2;172;1;3m▄[0m[38;2;178;1;2;48;2;206;4;5m▄[0m[38;2;212;4;6;48;2;226;7;8m▄[0m[38;2;183;5;6;48;2;121;2;3m▄[0m[38;2;43;0;1;48;2;0;0;0m▄[0m[38;2;0;0;0;48;2;0;0;0m▄[0m[38;2;0;0;0;48;2;0;0;0m▄[0m[38;2;0;0;0;48;2;0;0;0m▄[0m[38;2;0;0;0;48;2;0;0;0m▄[0m[38;2;0;0;0;48;2;0;0;0m▄[0m[38;2;0;0;0;48;2;0;0;0m▄[0m[38;2;0;0;0;48;2;0;0;0m▄[0m[38;2;0;0;0;48;2;0;0;0m▄[0m[38;2;0;0;0;48;2;0;0;0m▄[0m[38;2;0;0;0;48;2;0;0;0m▄[0m[38;2;0;0;0;48;2;0;0;0m▄[0m[38;2;0;0;0;48;2;0;0;0m▄[0m[38;2;0;0;0;48;2;0;0;0m▄[0m[38;2;0;0;0;48;2;0;0;0m▄[0m[38;2;0;0;0;48;2;0;0;0m▄[0m[38;2;0;0;0;48;2;0;0;0m▄[0m[38;2;0;0;0;48;2;0;0;0m▄[0m[38;2;0;0;0;48;2;0;0;0m▄[0m[38;2;0;0;0;48;2;0;0;0m▄[0m[38;2;0;0;0;48;2;0;0;0m▄[0m[38;2;0;0;0;48;2;0;0;0m▄[0m[38;2;0;0;0;48;2;0;0;0m▄[0m[38;2;0;0;0;48;2;0;0;0m▄[0m[38;2;0;0;0;48;2;0;0;0m▄[0m[38;2;0;0;0;48;2;0;0;0m▄[0m[38;2;0;0;0;48;2;0;0;0m▄[0m[38;2;0;0;0;48;2;0;0;0m▄[0m[38;2;0;0;0;48;2;0;0;0m▄[0m[38;2;0;0;0;48;2;0;0;0m▄[0m[0;40m       [0m
[0;40m      [0m[38;2;0;0;0;48;2;0;0;0m▄[0m[38;2;0;0;0;48;2;0;0;0m▄[0m[38;2;0;0;0;48;2;0;0;0m▄[0m[38;2;0;0;0;48;2;0;0;0m▄[0m[38;2;0;0;0;48;2;0;0;0m▄[0m[38;2;0;0;0;48;2;0;0;0m▄[0m[38;2;0;0;0;48;2;0;0;0m▄[0m[38;2;0;0;0;48;2;0;0;0m▄[0m[38;2;0;0;0;48;2;0;0;0m▄[0m[38;2;0;0;0;48;2;0;0;0m▄[0m[38;2;0;0;0;48;2;0;0;0m▄[0m[38;2;0;0;0;48;2;0;0;0m▄[0m[38;2;0;0;0;48;2;0;0;0m▄[0m[38;2;0;0;0;48;2;0;0;0m▄[0m[38;2;0;0;0;48;2;0;0;0m▄[0m[38;2;0;0;0;48;2;0;0;0m▄[0m[38;2;0;0;0;48;2;0;0;0m▄[0m[38;2;0;0;0;48;2;0;0;0m▄[0m[38;2;0;0;0;48;2;0;0;0m▄[0m[38;2;0;0;0;48;2;0;0;0m▄[0m[38;2;0;0;0;48;2;0;0;0m▄[0m[38;2;0;0;0;48;2;0;0;0m▄[0m[38;2;0;0;0;48;2;0;0;0m▄[0m[38;2;0;0;0;48;2;0;0;0m▄[0m[38;2;0;0;0;48;2;0;0;0m▄[0m[38;2;0;0;0;48;2;0;0;0m▄[0m[38;2;0;0;0;48;2;0;0;0m▄[0m[38;2;0;0;0;48;2;0;0;0m▄[0m[38;2;0;0;0;48;2;0;0;0m▄[0m[38;2;70;0;1;48;2;65;0;1m▄[0m[38;2;202;10;12;48;2;204;11;14m▄[0m[38;2;248;37;39;48;2;247;29;31m▄[0m[38;2;251;100;102;48;2;251;122;124m▄[0m[38;2;251;151;153;48;2;252;157;158m▄[0m[38;2;252;225;225;48;2;252;169;170m▄[0m[38;2;252;213;213;48;2;252;195;195m▄[0m[38;2;251;146;147;48;2;252;186;186m▄[0m[38;2;251;128;130;48;2;252;158;159m▄[0m[38;2;250;73;77;48;2;251;133;135m▄[0m[38;2;249;49;52;48;2;250;73;77m▄[0m[38;2;250;57;61;48;2;250;70;74m▄[0m[38;2;248;28;30;48;2;249;33;35m▄[0m[38;2;248;24;26;48;2;248;24;26m▄[0m[38;2;248;24;26;48;2;248;24;26m▄[0m[38;2;248;24;26;48;2;248;24;26m▄[0m[38;2;248;24;26;48;2;248;24;26m▄[0m[38;2;248;24;26;48;2;248;24;26m▄[0m[38;2;248;24;26;48;2;248;24;26m▄[0m[38;2;248;25;27;48;2;248;25;27m▄[0m[38;2;248;24;26;48;2;248;24;26m▄[0m[38;2;248;24;26;48;2;246;21;23m▄[0m[38;2;248;25;28;48;2;245;19;21m▄[0m[38;2;249;37;39;48;2;228;10;11m▄[0m[38;2;249;66;69;48;2;188;2;4m▄[0m[38;2;251;96;99;48;2;245;41;43m▄[0m[38;2;251;100;103;48;2;251;91;96m▄[0m[38;2;251;97;101;48;2;251;134;137m▄[0m[38;2;251;101;103;48;2;251;108;111m▄[0m[38;2;251;91;95;48;2;251;109;112m▄[0m[38;2;250;65;68;48;2;251;99;102m▄[0m[38;2;248;28;31;48;2;251;85;88m▄[0m[38;2;248;24;26;48;2;250;69;71m▄[0m[38;2;248;24;26;48;2;250;66;68m▄[0m[38;2;248;24;26;48;2;249;47;49m▄[0m[38;2;247;22;24;48;2;248;26;28m▄[0m[38;2;242;15;16;48;2;248;24;26m▄[0m[38;2;234;7;8;48;2;245;19;20m▄[0m[38;2;228;6;7;48;2;239;10;11m▄[0m[38;2;208;2;3;48;2;238;8;9m▄[0m[38;2;201;1;2;48;2;227;6;7m▄[0m[38;2;224;5;6;48;2;235;7;8m▄[0m[38;2;243;17;18;48;2;238;8;9m▄[0m[38;2;248;86;88;48;2;242;20;22m▄[0m[38;2;248;121;122;48;2;245;32;34m▄[0m[38;2;223;6;7;48;2;218;5;6m▄[0m[38;2;193;3;4;48;2;198;3;4m▄[0m[38;2;207;5;7;48;2;205;5;7m▄[0m[38;2;90;0;2;48;2;75;0;2m▄[0m[38;2;0;0;0;48;2;0;0;0m▄[0m[38;2;0;0;0;48;2;0;0;0m▄[0m[38;2;0;0;0;48;2;0;0;0m▄[0m[38;2;0;0;0;48;2;0;0;0m▄[0m[38;2;0;0;0;48;2;0;0;0m▄[0m[38;2;0;0;0;48;2;0;0;0m▄[0m[38;2;0;0;0;48;2;0;0;0m▄[0m[38;2;0;0;0;48;2;0;0;0m▄[0m[38;2;0;0;0;48;2;0;0;0m▄[0m[38;2;0;0;0;48;2;0;0;0m▄[0m[38;2;0;0;0;48;2;0;0;0m▄[0m[38;2;0;0;0;48;2;0;0;0m▄[0m[38;2;0;0;0;48;2;0;0;0m▄[0m[38;2;0;0;0;48;2;0;0;0m▄[0m[38;2;0;0;0;48;2;0;0;0m▄[0m[38;2;0;0;0;48;2;0;0;0m▄[0m[38;2;0;0;0;48;2;0;0;0m▄[0m[38;2;0;0;0;48;2;0;0;0m▄[0m[38;2;0;0;0;48;2;0;0;0m▄[0m[38;2;0;0;0;48;2;0;0;0m▄[0m[38;2;0;0;0;48;2;0;0;0m▄[0m[38;2;0;0;0;48;2;0;0;0m▄[0m[38;2;0;0;0;48;2;0;0;0m▄[0m[38;2;0;0;0;48;2;0;0;0m▄[0m[38;2;0;0;0;48;2;0;0;0m▄[0m[38;2;0;0;0;48;2;0;0;0m▄[0m[38;2;0;0;0;48;2;0;0;0m▄[0m[38;2;0;0;0;48;2;0;0;0m▄[0m[38;2;0;0;0;48;2;0;0;0m▄[0m[0;40m       [0m
[0;40m      [0m[38;2;0;0;0;48;2;0;0;0m▄[0m[38;2;0;0;0;48;2;0;0;0m▄[0m[38;2;0;0;0;48;2;0;0;0m▄[0m[38;2;0;0;0;48;2;0;0;0m▄[0m[38;2;0;0;0;48;2;0;0;0m▄[0m[38;2;0;0;0;48;2;0;0;0m▄[0m[38;2;0;0;0;48;2;0;0;0m▄[0m[38;2;0;0;0;48;2;0;0;0m▄[0m[38;2;0;0;0;48;2;0;0;0m▄[0m[38;2;0;0;0;48;2;0;0;0m▄[0m[38;2;0;0;0;48;2;0;0;0m▄[0m[38;2;0;0;0;48;2;0;0;0m▄[0m[38;2;0;0;0;48;2;0;0;0m▄[0m[38;2;0;0;0;48;2;0;0;0m▄[0m[38;2;0;0;0;48;2;0;0;0m▄[0m[38;2;0;0;0;48;2;0;0;0m▄[0m[38;2;0;0;0;48;2;0;0;0m▄[0m[38;2;0;0;0;48;2;0;0;0m▄[0m[38;2;0;0;0;48;2;0;0;0m▄[0m[38;2;0;0;0;48;2;0;0;0m▄[0m[38;2;0;0;0;48;2;0;0;0m▄[0m[38;2;0;0;0;48;2;0;0;0m▄[0m[38;2;0;0;0;48;2;0;0;0m▄[0m[38;2;0;0;0;48;2;0;0;0m▄[0m[38;2;0;0;0;48;2;0;0;0m▄[0m[38;2;0;0;0;48;2;0;0;0m▄[0m[38;2;0;0;0;48;2;0;0;0m▄[0m[38;2;0;0;0;48;2;0;0;0m▄[0m[38;2;0;0;0;48;2;0;0;0m▄[0m[38;2;68;0;1;48;2;70;0;1m▄[0m[38;2;200;11;13;48;2;198;6;8m▄[0m[38;2;232;10;11;48;2;244;17;19m▄[0m[38;2;243;17;19;48;2;249;75;78m▄[0m[38;2;250;102;104;48;2;251;178;179m▄[0m[38;2;251;169;170;48;2;252;236;236m▄[0m[38;2;251;176;177;48;2;252;212;212m▄[0m[38;2;250;106;109;48;2;251;123;125m▄[0m[38;2;249;45;49;48;2;250;71;75m▄[0m[38;2;249;35;37;48;2;250;66;69m▄[0m[38;2;248;24;26;48;2;249;39;42m▄[0m[38;2;248;24;26;48;2;248;25;28m▄[0m[38;2;248;24;26;48;2;248;24;26m▄[0m[38;2;246;20;22;48;2;248;24;26m▄[0m[38;2;242;14;16;48;2;248;24;26m▄[0m[38;2;238;8;10;48;2;243;16;18m▄[0m[38;2;238;8;9;48;2;244;18;20m▄[0m[38;2;238;8;9;48;2;246;20;22m▄[0m[38;2;243;16;17;48;2;248;24;26m▄[0m[38;2;248;24;26;48;2;248;24;26m▄[0m[38;2;248;24;27;48;2;248;24;26m▄[0m[38;2;248;24;27;48;2;248;24;26m▄[0m[38;2;248;25;27;48;2;248;24;26m▄[0m[38;2;248;24;26;48;2;248;24;26m▄[0m[38;2;248;24;26;48;2;249;31;34m▄[0m[38;2;248;24;26;48;2;250;73;76m▄[0m[38;2;249;54;57;48;2;251;99;102m▄[0m[38;2;249;33;36;48;2;251;85;88m▄[0m[38;2;249;37;40;48;2;251;91;94m▄[0m[38;2;248;24;26;48;2;249;42;44m▄[0m[38;2;247;23;25;48;2;248;24;26m▄[0m[38;2;246;21;22;48;2;247;23;25m▄[0m[38;2;244;17;19;48;2;248;23;25m▄[0m[38;2;241;14;15;48;2;248;24;26m▄[0m[38;2;238;8;9;48;2;245;18;20m▄[0m[38;2;238;8;9;48;2;238;8;9m▄[0m[38;2;227;6;7;48;2;238;8;9m▄[0m[38;2;206;2;3;48;2;212;4;5m▄[0m[38;2;201;1;2;48;2;201;1;2m▄[0m[38;2;201;1;2;48;2;201;1;2m▄[0m[38;2;201;1;2;48;2;201;1;2m▄[0m[38;2;223;6;7;48;2;221;5;6m▄[0m[38;2;242;40;42;48;2;245;70;71m▄[0m[38;2;244;62;63;48;2;251;167;168m▄[0m[38;2;233;11;12;48;2;246;81;82m▄[0m[38;2;196;3;5;48;2;218;6;7m▄[0m[38;2;175;3;6;48;2;180;4;7m▄[0m[38;2;190;5;6;48;2;207;5;7m▄[0m[38;2;64;0;1;48;2;84;0;2m▄[0m[38;2;0;0;0;48;2;0;0;0m▄[0m[38;2;0;0;0;48;2;0;0;0m▄[0m[38;2;0;0;0;48;2;0;0;0m▄[0m[38;2;0;0;0;48;2;0;0;0m▄[0m[38;2;0;0;0;48;2;0;0;0m▄[0m[38;2;0;0;0;48;2;0;0;0m▄[0m[38;2;0;0;0;48;2;0;0;0m▄[0m[38;2;0;0;0;48;2;0;0;0m▄[0m[38;2;0;0;0;48;2;0;0;0m▄[0m[38;2;0;0;0;48;2;0;0;0m▄[0m[38;2;0;0;0;48;2;0;0;0m▄[0m[38;2;0;0;0;48;2;0;0;0m▄[0m[38;2;0;0;0;48;2;0;0;0m▄[0m[38;2;0;0;0;48;2;0;0;0m▄[0m[38;2;0;0;0;48;2;0;0;0m▄[0m[38;2;0;0;0;48;2;0;0;0m▄[0m[38;2;0;0;0;48;2;0;0;0m▄[0m[38;2;0;0;0;48;2;0;0;0m▄[0m[38;2;0;0;0;48;2;0;0;0m▄[0m[38;2;0;0;0;48;2;0;0;0m▄[0m[38;2;0;0;0;48;2;0;0;0m▄[0m[38;2;0;0;0;48;2;0;0;0m▄[0m[38;2;0;0;0;48;2;0;0;0m▄[0m[38;2;0;0;0;48;2;0;0;0m▄[0m[38;2;0;0;0;48;2;0;0;0m▄[0m[38;2;0;0;0;48;2;0;0;0m▄[0m[38;2;0;0;0;48;2;0;0;0m▄[0m[38;2;0;0;0;48;2;0;0;0m▄[0m[38;2;0;0;0;48;2;0;0;0m▄[0m[0;40m       [0m
[0;40m      [0m[38;2;0;0;0;48;2;0;0;0m▄[0m[38;2;0;0;0;48;2;0;0;0m▄[0m[38;2;0;0;0;48;2;0;0;0m▄[0m[38;2;0;0;0;48;2;0;0;0m▄[0m[38;2;0;0;0;48;2;0;0;0m▄[0m[38;2;0;0;0;48;2;0;0;0m▄[0m[38;2;0;0;0;48;2;0;0;0m▄[0m[38;2;0;0;0;48;2;0;0;0m▄[0m[38;2;0;0;0;48;2;0;0;0m▄[0m[38;2;0;0;0;48;2;0;0;0m▄[0m[38;2;0;0;0;48;2;0;0;0m▄[0m[38;2;0;0;0;48;2;0;0;0m▄[0m[38;2;0;0;0;48;2;0;0;0m▄[0m[38;2;0;0;0;48;2;0;0;0m▄[0m[38;2;0;0;0;48;2;0;0;0m▄[0m[38;2;0;0;0;48;2;0;0;0m▄[0m[38;2;0;0;0;48;2;0;0;0m▄[0m[38;2;0;0;0;48;2;0;0;0m▄[0m[38;2;0;0;0;48;2;0;0;0m▄[0m[38;2;0;0;0;48;2;0;0;0m▄[0m[38;2;0;0;0;48;2;0;0;0m▄[0m[38;2;0;0;0;48;2;0;0;0m▄[0m[38;2;0;0;0;48;2;0;0;0m▄[0m[38;2;0;0;0;48;2;0;0;0m▄[0m[38;2;0;0;0;48;2;0;0;0m▄[0m[38;2;0;0;0;48;2;0;0;0m▄[0m[38;2;0;0;0;48;2;0;0;0m▄[0m[38;2;0;0;0;48;2;0;0;0m▄[0m[38;2;0;0;0;48;2;0;0;0m▄[0m[38;2;0;0;0;48;2;27;0;0m▄[0m[38;2;100;0;2;48;2;133;2;4m▄[0m[38;2;213;6;7;48;2;215;5;6m▄[0m[38;2;218;5;6;48;2;236;8;9m▄[0m[38;2;231;11;12;48;2;247;51;53m▄[0m[38;2;248;36;38;48;2;251;120;121m▄[0m[38;2;250;71;73;48;2;251;150;151m▄[0m[38;2;251;123;125;48;2;251;133;134m▄[0m[38;2;251;103;106;48;2;250;77;80m▄[0m[38;2;248;26;27;48;2;248;24;26m▄[0m[38;2;246;21;23;48;2;248;24;26m▄[0m[38;2;248;24;26;48;2;248;24;26m▄[0m[38;2;241;12;14;48;2;247;22;24m▄[0m[38;2;238;8;9;48;2;238;8;9m▄[0m[38;2;238;8;9;48;2;238;8;9m▄[0m[38;2;238;8;9;48;2;238;8;9m▄[0m[38;2;238;8;9;48;2;238;8;9m▄[0m[38;2;238;8;9;48;2;238;8;9m▄[0m[38;2;238;8;9;48;2;238;8;9m▄[0m[38;2;238;8;9;48;2;243;16;17m▄[0m[38;2;240;12;13;48;2;248;24;26m▄[0m[38;2;239;10;11;48;2;248;25;27m▄[0m[38;2;245;19;20;48;2;248;24;26m▄[0m[38;2;248;24;26;48;2;248;24;26m▄[0m[38;2;248;24;26;48;2;248;24;26m▄[0m[38;2;248;24;26;48;2;248;24;26m▄[0m[38;2;248;24;26;48;2;248;24;26m▄[0m[38;2;248;24;26;48;2;248;24;26m▄[0m[38;2;245;20;22;48;2;248;24;26m▄[0m[38;2;240;11;12;48;2;247;23;25m▄[0m[38;2;238;8;9;48;2;241;13;14m▄[0m[38;2;238;8;9;48;2;240;11;12m▄[0m[38;2;238;8;9;48;2;240;11;12m▄[0m[38;2;236;8;9;48;2;238;8;9m▄[0m[38;2;217;4;5;48;2;238;8;9m▄[0m[38;2;203;1;2;48;2;220;5;6m▄[0m[38;2;201;1;2;48;2;207;2;3m▄[0m[38;2;167;0;3;48;2;201;1;2m▄[0m[38;2;188;1;2;48;2;170;0;3m▄[0m[38;2;152;0;4;48;2;189;1;2m▄[0m[38;2;143;0;4;48;2;188;1;2m▄[0m[38;2;176;1;3;48;2;205;2;3m▄[0m[38;2;204;2;3;48;2;230;6;7m▄[0m[38;2;184;2;3;48;2;229;6;7m▄[0m[38;2;149;0;4;48;2;193;2;4m▄[0m[38;2;171;2;5;48;2;168;1;4m▄[0m[38;2;213;5;7;48;2;201;4;6m▄[0m[38;2;108;0;2;48;2;131;2;4m▄[0m[38;2;0;0;0;48;2;19;0;0m▄[0m[38;2;0;0;0;48;2;0;0;0m▄[0m[38;2;0;0;0;48;2;0;0;0m▄[0m[38;2;0;0;0;48;2;0;0;0m▄[0m[38;2;0;0;0;48;2;0;0;0m▄[0m[38;2;0;0;0;48;2;0;0;0m▄[0m[38;2;0;0;0;48;2;0;0;0m▄[0m[38;2;0;0;0;48;2;0;0;0m▄[0m[38;2;0;0;0;48;2;0;0;0m▄[0m[38;2;0;0;0;48;2;0;0;0m▄[0m[38;2;0;0;0;48;2;0;0;0m▄[0m[38;2;0;0;0;48;2;0;0;0m▄[0m[38;2;0;0;0;48;2;0;0;0m▄[0m[38;2;0;0;0;48;2;0;0;0m▄[0m[38;2;0;0;0;48;2;0;0;0m▄[0m[38;2;0;0;0;48;2;0;0;0m▄[0m[38;2;0;0;0;48;2;0;0;0m▄[0m[38;2;0;0;0;48;2;0;0;0m▄[0m[38;2;0;0;0;48;2;0;0;0m▄[0m[38;2;0;0;0;48;2;0;0;0m▄[0m[38;2;0;0;0;48;2;0;0;0m▄[0m[38;2;0;0;0;48;2;0;0;0m▄[0m[38;2;0;0;0;48;2;0;0;0m▄[0m[38;2;0;0;0;48;2;0;0;0m▄[0m[38;2;0;0;0;48;2;0;0;0m▄[0m[38;2;0;0;0;48;2;0;0;0m▄[0m[38;2;0;0;0;48;2;0;0;0m▄[0m[38;2;0;0;0;48;2;0;0;0m▄[0m[38;2;0;0;0;48;2;0;0;0m▄[0m[38;2;0;0;0;48;2;0;0;0m▄[0m[0;40m       [0m
[0;40m      [0m[38;2;0;0;0;48;2;0;0;0m▄[0m[38;2;0;0;0;48;2;0;0;0m▄[0m[38;2;0;0;0;48;2;0;0;0m▄[0m[38;2;0;0;0;48;2;0;0;0m▄[0m[38;2;0;0;0;48;2;0;0;0m▄[0m[38;2;0;0;0;48;2;0;0;0m▄[0m[38;2;0;0;0;48;2;0;0;0m▄[0m[38;2;0;0;0;48;2;0;0;0m▄[0m[38;2;0;0;0;48;2;0;0;0m▄[0m[38;2;0;0;0;48;2;0;0;0m▄[0m[38;2;0;0;0;48;2;0;0;0m▄[0m[38;2;0;0;0;48;2;0;0;0m▄[0m[38;2;0;0;0;48;2;0;0;0m▄[0m[38;2;0;0;0;48;2;0;0;0m▄[0m[38;2;0;0;0;48;2;0;0;0m▄[0m[38;2;0;0;0;48;2;0;0;0m▄[0m[38;2;0;0;0;48;2;0;0;0m▄[0m[38;2;0;0;0;48;2;0;0;0m▄[0m[38;2;0;0;0;48;2;0;0;0m▄[0m[38;2;0;0;0;48;2;0;0;0m▄[0m[38;2;0;0;0;48;2;0;0;0m▄[0m[38;2;0;0;0;48;2;0;0;0m▄[0m[38;2;0;0;0;48;2;0;0;0m▄[0m[38;2;0;0;0;48;2;0;0;0m▄[0m[38;2;0;0;0;48;2;0;0;0m▄[0m[38;2;0;0;0;48;2;0;0;0m▄[0m[38;2;0;0;0;48;2;0;0;0m▄[0m[38;2;0;0;0;48;2;0;0;0m▄[0m[38;2;0;0;0;48;2;0;0;0m▄[0m[38;2;0;0;0;48;2;0;0;0m▄[0m[38;2;0;0;0;48;2;9;0;0m▄[0m[38;2;81;0;2;48;2;119;0;3m▄[0m[38;2;194;4;6;48;2;211;5;6m▄[0m[38;2;215;4;5;48;2;213;3;4m▄[0m[38;2;202;2;3;48;2;218;5;6m▄[0m[38;2;206;3;4;48;2;244;21;23m▄[0m[38;2;236;15;16;48;2;249;36;38m▄[0m[38;2;248;39;41;48;2;249;35;37m▄[0m[38;2;249;54;58;48;2;245;21;21m▄[0m[38;2;239;10;12;48;2;247;24;25m▄[0m[38;2;238;8;9;48;2;241;12;13m▄[0m[38;2;226;6;7;48;2;238;8;9m▄[0m[38;2;201;1;2;48;2;233;7;8m▄[0m[38;2;201;1;2;48;2;201;1;2m▄[0m[38;2;201;1;2;48;2;219;4;5m▄[0m[38;2;203;1;2;48;2;236;8;9m▄[0m[38;2;207;2;3;48;2;236;8;9m▄[0m[38;2;229;6;7;48;2;238;8;9m▄[0m[38;2;238;8;9;48;2;238;8;9m▄[0m[38;2;238;8;9;48;2;238;8;9m▄[0m[38;2;238;8;9;48;2;238;8;9m▄[0m[38;2;238;8;9;48;2;238;8;9m▄[0m[38;2;238;8;9;48;2;241;13;14m▄[0m[38;2;238;8;9;48;2;248;27;25m▄[0m[38;2;238;8;9;48;2;248;24;25m▄[0m[38;2;238;8;9;48;2;247;23;25m▄[0m[38;2;238;8;9;48;2;240;11;12m▄[0m[38;2;237;8;9;48;2;238;8;9m▄[0m[38;2;229;6;7;48;2;238;8;9m▄[0m[38;2;225;6;7;48;2;238;8;9m▄[0m[38;2;197;1;2;48;2;236;8;9m▄[0m[38;2;201;1;2;48;2;229;6;7m▄[0m[38;2;201;1;2;48;2;201;1;2m▄[0m[38;2;201;1;2;48;2;201;1;2m▄[0m[38;2;193;1;2;48;2;198;1;2m▄[0m[38;2;167;0;3;48;2;175;0;2m▄[0m[38;2;142;0;4;48;2;185;1;2m▄[0m[38;2;142;0;4;48;2;149;0;4m▄[0m[38;2;142;0;4;48;2;142;0;4m▄[0m[38;2;154;0;4;48;2;142;0;4m▄[0m[38;2;171;0;3;48;2;144;0;4m▄[0m[38;2;155;0;3;48;2;145;0;4m▄[0m[38;2;168;1;4;48;2;143;0;4m▄[0m[38;2;214;4;5;48;2;177;2;5m▄[0m[38;2;189;4;6;48;2;213;5;6m▄[0m[38;2;74;0;2;48;2;113;0;2m▄[0m[38;2;0;0;0;48;2;8;0;0m▄[0m[38;2;0;0;0;48;2;0;0;0m▄[0m[38;2;0;0;0;48;2;0;0;0m▄[0m[38;2;0;0;0;48;2;0;0;0m▄[0m[38;2;0;0;0;48;2;0;0;0m▄[0m[38;2;0;0;0;48;2;0;0;0m▄[0m[38;2;0;0;0;48;2;0;0;0m▄[0m[38;2;0;0;0;48;2;0;0;0m▄[0m[38;2;0;0;0;48;2;0;0;0m▄[0m[38;2;0;0;0;48;2;0;0;0m▄[0m[38;2;0;0;0;48;2;0;0;0m▄[0m[38;2;0;0;0;48;2;0;0;0m▄[0m[38;2;0;0;0;48;2;0;0;0m▄[0m[38;2;0;0;0;48;2;0;0;0m▄[0m[38;2;0;0;0;48;2;0;0;0m▄[0m[38;2;0;0;0;48;2;0;0;0m▄[0m[38;2;0;0;0;48;2;0;0;0m▄[0m[38;2;0;0;0;48;2;0;0;0m▄[0m[38;2;0;0;0;48;2;0;0;0m▄[0m[38;2;0;0;0;48;2;0;0;0m▄[0m[38;2;0;0;0;48;2;0;0;0m▄[0m[38;2;0;0;0;48;2;0;0;0m▄[0m[38;2;0;0;0;48;2;0;0;0m▄[0m[38;2;0;0;0;48;2;0;0;0m▄[0m[38;2;0;0;0;48;2;0;0;0m▄[0m[38;2;0;0;0;48;2;0;0;0m▄[0m[38;2;0;0;0;48;2;0;0;0m▄[0m[38;2;0;0;0;48;2;0;0;0m▄[0m[38;2;0;0;0;48;2;0;0;0m▄[0m[38;2;0;0;0;48;2;0;0;0m▄[0m[38;2;0;0;0;48;2;0;0;0m▄[0m[0;40m       [0m
[0;40m      [0m[38;2;0;0;0;48;2;0;0;0m▄[0m[38;2;0;0;0;48;2;0;0;0m▄[0m[38;2;0;0;0;48;2;0;0;0m▄[0m[38;2;0;0;0;48;2;0;0;0m▄[0m[38;2;0;0;0;48;2;0;0;0m▄[0m[38;2;0;0;0;48;2;0;0;0m▄[0m[38;2;0;0;0;48;2;0;0;0m▄[0m[38;2;0;0;0;48;2;0;0;0m▄[0m[38;2;0;0;0;48;2;0;0;0m▄[0m[38;2;0;0;0;48;2;0;0;0m▄[0m[38;2;0;0;0;48;2;0;0;0m▄[0m[38;2;0;0;0;48;2;0;0;0m▄[0m[38;2;0;0;0;48;2;0;0;0m▄[0m[38;2;0;0;0;48;2;0;0;0m▄[0m[38;2;0;0;0;48;2;0;0;0m▄[0m[38;2;0;0;0;48;2;0;0;0m▄[0m[38;2;0;0;0;48;2;0;0;0m▄[0m[38;2;0;0;0;48;2;0;0;0m▄[0m[38;2;0;0;0;48;2;0;0;0m▄[0m[38;2;0;0;0;48;2;0;0;0m▄[0m[38;2;0;0;0;48;2;0;0;0m▄[0m[38;2;0;0;0;48;2;0;0;0m▄[0m[38;2;0;0;0;48;2;0;0;0m▄[0m[38;2;0;0;0;48;2;0;0;0m▄[0m[38;2;0;0;0;48;2;0;0;0m▄[0m[38;2;0;0;0;48;2;0;0;0m▄[0m[38;2;0;0;0;48;2;0;0;0m▄[0m[38;2;0;0;0;48;2;0;0;0m▄[0m[38;2;0;0;0;48;2;0;0;0m▄[0m[38;2;0;0;0;48;2;0;0;0m▄[0m[38;2;0;0;0;48;2;0;0;0m▄[0m[38;2;0;0;0;48;2;0;0;0m▄[0m[38;2;35;0;1;48;2;104;0;3m▄[0m[38;2;141;2;4;48;2;209;5;7m▄[0m[38;2;189;4;6;48;2;226;6;7m▄[0m[38;2;230;7;8;48;2;201;3;4m▄[0m[38;2;191;3;5;48;2;197;2;3m▄[0m[38;2;163;1;3;48;2;225;23;24m▄[0m[38;2;170;1;3;48;2;233;67;69m▄[0m[38;2;216;5;6;48;2;242;18;19m▄[0m[38;2;207;2;3;48;2;232;7;8m▄[0m[38;2;197;1;2;48;2;201;1;2m▄[0m[38;2;168;1;3;48;2;201;1;2m▄[0m[38;2;187;1;2;48;2;201;1;2m▄[0m[38;2;166;1;3;48;2;201;1;2m▄[0m[38;2;197;1;2;48;2;201;1;2m▄[0m[38;2;201;1;2;48;2;201;1;2m▄[0m[38;2;201;1;2;48;2;201;1;2m▄[0m[38;2;201;1;2;48;2;219;4;5m▄[0m[38;2;201;1;2;48;2;220;5;6m▄[0m[38;2;213;3;4;48;2;237;8;9m▄[0m[38;2;215;4;5;48;2;238;8;9m▄[0m[38;2;238;8;9;48;2;238;8;9m▄[0m[38;2;238;8;9;48;2;238;8;9m▄[0m[38;2;233;7;8;48;2;238;8;9m▄[0m[38;2;215;4;5;48;2;238;8;9m▄[0m[38;2;205;2;3;48;2;227;6;7m▄[0m[38;2;201;1;2;48;2;217;4;5m▄[0m[38;2;201;1;2;48;2;201;1;2m▄[0m[38;2;201;1;2;48;2;201;1;2m▄[0m[38;2;201;1;2;48;2;201;1;2m▄[0m[38;2;195;1;2;48;2;201;1;2m▄[0m[38;2;164;0;3;48;2;188;1;2m▄[0m[38;2;142;0;4;48;2;174;1;3m▄[0m[38;2;142;0;4;48;2;152;0;4m▄[0m[38;2;142;0;4;48;2;142;0;4m▄[0m[38;2;161;0;3;48;2;142;0;4m▄[0m[38;2;174;1;3;48;2;152;0;4m▄[0m[38;2;189;1;2;48;2;167;0;3m▄[0m[38;2;152;0;4;48;2;173;0;3m▄[0m[38;2;154;0;3;48;2;168;0;3m▄[0m[38;2;207;5;6;48;2;172;2;4m▄[0m[38;2;197;4;6;48;2;203;5;7m▄[0m[38;2;136;2;4;48;2;207;5;7m▄[0m[38;2;39;0;1;48;2;102;0;3m▄[0m[38;2;0;0;0;48;2;0;0;0m▄[0m[38;2;0;0;0;48;2;0;0;0m▄[0m[38;2;0;0;0;48;2;0;0;0m▄[0m[38;2;0;0;0;48;2;0;0;0m▄[0m[38;2;0;0;0;48;2;0;0;0m▄[0m[38;2;0;0;0;48;2;0;0;0m▄[0m[38;2;0;0;0;48;2;0;0;0m▄[0m[38;2;0;0;0;48;2;0;0;0m▄[0m[38;2;0;0;0;48;2;0;0;0m▄[0m[38;2;0;0;0;48;2;0;0;0m▄[0m[38;2;0;0;0;48;2;0;0;0m▄[0m[38;2;0;0;0;48;2;0;0;0m▄[0m[38;2;0;0;0;48;2;0;0;0m▄[0m[38;2;0;0;0;48;2;0;0;0m▄[0m[38;2;0;0;0;48;2;0;0;0m▄[0m[38;2;0;0;0;48;2;0;0;0m▄[0m[38;2;0;0;0;48;2;0;0;0m▄[0m[38;2;0;0;0;48;2;0;0;0m▄[0m[38;2;0;0;0;48;2;0;0;0m▄[0m[38;2;0;0;0;48;2;0;0;0m▄[0m[38;2;0;0;0;48;2;0;0;0m▄[0m[38;2;0;0;0;48;2;0;0;0m▄[0m[38;2;0;0;0;48;2;0;0;0m▄[0m[38;2;0;0;0;48;2;0;0;0m▄[0m[38;2;0;0;0;48;2;0;0;0m▄[0m[38;2;0;0;0;48;2;0;0;0m▄[0m[38;2;0;0;0;48;2;0;0;0m▄[0m[38;2;0;0;0;48;2;0;0;0m▄[0m[38;2;0;0;0;48;2;0;0;0m▄[0m[38;2;0;0;0;48;2;0;0;0m▄[0m[38;2;0;0;0;48;2;0;0;0m▄[0m[38;2;0;0;0;48;2;0;0;0m▄[0m[0;40m       [0m
[0;40m      [0m[38;2;0;0;0;48;2;0;0;0m▄[0m[38;2;0;0;0;48;2;0;0;0m▄[0m[38;2;0;0;0;48;2;0;0;0m▄[0m[38;2;0;0;0;48;2;0;0;0m▄[0m[38;2;0;0;0;48;2;0;0;0m▄[0m[38;2;0;0;0;48;2;0;0;0m▄[0m[38;2;0;0;0;48;2;0;0;0m▄[0m[38;2;0;0;0;48;2;0;0;0m▄[0m[38;2;0;0;0;48;2;0;0;0m▄[0m[38;2;0;0;0;48;2;0;0;0m▄[0m[38;2;0;0;0;48;2;0;0;0m▄[0m[38;2;0;0;0;48;2;0;0;0m▄[0m[38;2;0;0;0;48;2;0;0;0m▄[0m[38;2;0;0;0;48;2;0;0;0m▄[0m[38;2;0;0;0;48;2;0;0;0m▄[0m[38;2;0;0;0;48;2;0;0;0m▄[0m[38;2;0;0;0;48;2;0;0;0m▄[0m[38;2;0;0;0;48;2;0;0;0m▄[0m[38;2;0;0;0;48;2;0;0;0m▄[0m[38;2;0;0;0;48;2;0;0;0m▄[0m[38;2;0;0;0;48;2;0;0;0m▄[0m[38;2;0;0;0;48;2;0;0;0m▄[0m[38;2;0;0;0;48;2;0;0;0m▄[0m[38;2;0;0;0;48;2;0;0;0m▄[0m[38;2;0;0;0;48;2;0;0;0m▄[0m[38;2;0;0;0;48;2;0;0;0m▄[0m[38;2;0;0;0;48;2;0;0;0m▄[0m[38;2;0;0;0;48;2;0;0;0m▄[0m[38;2;0;0;0;48;2;0;0;0m▄[0m[38;2;0;0;0;48;2;0;0;0m▄[0m[38;2;0;0;0;48;2;0;0;0m▄[0m[38;2;0;0;0;48;2;0;0;0m▄[0m[38;2;0;0;0;48;2;0;0;0m▄[0m[38;2;0;0;0;48;2;18;0;0m▄[0m[38;2;0;0;0;48;2;53;0;1m▄[0m[38;2;23;0;0;48;2;148;2;3m▄[0m[38;2;135;1;3;48;2;218;6;7m▄[0m[38;2;231;7;8;48;2;206;5;7m▄[0m[38;2;233;7;8;48;2;152;0;4m▄[0m[38;2;215;5;7;48;2;153;0;4m▄[0m[38;2;145;0;4;48;2;147;0;4m▄[0m[38;2;142;0;4;48;2;150;0;4m▄[0m[38;2;139;0;4;48;2;140;0;4m▄[0m[38;2;142;0;4;48;2;148;0;4m▄[0m[38;2;142;0;4;48;2;182;1;2m▄[0m[38;2;142;0;4;48;2;188;1;2m▄[0m[38;2;165;0;3;48;2;199;1;2m▄[0m[38;2;143;0;4;48;2;195;1;2m▄[0m[38;2;195;1;2;48;2;201;1;2m▄[0m[38;2;198;1;2;48;2;201;1;2m▄[0m[38;2;201;1;2;48;2;201;1;2m▄[0m[38;2;201;1;2;48;2;201;1;2m▄[0m[38;2;201;1;2;48;2;209;3;4m▄[0m[38;2;201;1;2;48;2;208;2;3m▄[0m[38;2;201;1;2;48;2;205;2;3m▄[0m[38;2;201;1;2;48;2;201;1;2m▄[0m[38;2;195;1;2;48;2;201;1;2m▄[0m[38;2;159;0;3;48;2;199;1;2m▄[0m[38;2;153;0;4;48;2;199;1;2m▄[0m[38;2;144;0;4;48;2;179;1;3m▄[0m[38;2;131;0;3;48;2;155;0;3m▄[0m[38;2;129;0;3;48;2;152;0;4m▄[0m[38;2;142;0;4;48;2;142;0;4m▄[0m[38;2;167;0;3;48;2;142;0;4m▄[0m[38;2;196;1;2;48;2;149;0;4m▄[0m[38;2;201;1;2;48;2;171;0;3m▄[0m[38;2;211;4;5;48;2;199;1;2m▄[0m[38;2;227;13;15;48;2;191;1;2m▄[0m[38;2;206;4;6;48;2;156;0;3m▄[0m[38;2;185;2;3;48;2;173;2;5m▄[0m[38;2;138;1;3;48;2;201;4;6m▄[0m[38;2;36;0;0;48;2;173;3;5m▄[0m[38;2;0;0;0;48;2;66;0;1m▄[0m[38;2;0;0;0;48;2;19;0;0m▄[0m[38;2;0;0;0;48;2;0;0;0m▄[0m[38;2;0;0;0;48;2;0;0;0m▄[0m[38;2;0;0;0;48;2;0;0;0m▄[0m[38;2;0;0;0;48;2;0;0;0m▄[0m[38;2;0;0;0;48;2;0;0;0m▄[0m[38;2;0;0;0;48;2;0;0;0m▄[0m[38;2;0;0;0;48;2;0;0;0m▄[0m[38;2;0;0;0;48;2;0;0;0m▄[0m[38;2;0;0;0;48;2;0;0;0m▄[0m[38;2;0;0;0;48;2;0;0;0m▄[0m[38;2;0;0;0;48;2;0;0;0m▄[0m[38;2;0;0;0;48;2;0;0;0m▄[0m[38;2;0;0;0;48;2;0;0;0m▄[0m[38;2;0;0;0;48;2;0;0;0m▄[0m[38;2;0;0;0;48;2;0;0;0m▄[0m[38;2;0;0;0;48;2;0;0;0m▄[0m[38;2;0;0;0;48;2;0;0;0m▄[0m[38;2;0;0;0;48;2;0;0;0m▄[0m[38;2;0;0;0;48;2;0;0;0m▄[0m[38;2;0;0;0;48;2;0;0;0m▄[0m[38;2;0;0;0;48;2;0;0;0m▄[0m[38;2;0;0;0;48;2;0;0;0m▄[0m[38;2;0;0;0;48;2;0;0;0m▄[0m[38;2;0;0;0;48;2;0;0;0m▄[0m[38;2;0;0;0;48;2;0;0;0m▄[0m[38;2;0;0;0;48;2;0;0;0m▄[0m[38;2;0;0;0;48;2;0;0;0m▄[0m[38;2;0;0;0;48;2;0;0;0m▄[0m[38;2;0;0;0;48;2;0;0;0m▄[0m[38;2;0;0;0;48;2;0;0;0m▄[0m[38;2;0;0;0;48;2;0;0;0m▄[0m[38;2;0;0;0;48;2;0;0;0m▄[0m[38;2;0;0;0;48;2;0;0;0m▄[0m[0;40m       [0m
[0;40m      [0m[38;2;0;0;0;48;2;0;0;0m▄[0m[38;2;0;0;0;48;2;0;0;0m▄[0m[38;2;0;0;0;48;2;0;0;0m▄[0m[38;2;0;0;0;48;2;0;0;0m▄[0m[38;2;0;0;0;48;2;0;0;0m▄[0m[38;2;0;0;0;48;2;0;0;0m▄[0m[38;2;0;0;0;48;2;0;0;0m▄[0m[38;2;0;0;0;48;2;0;0;0m▄[0m[38;2;0;0;0;48;2;0;0;0m▄[0m[38;2;0;0;0;48;2;0;0;0m▄[0m[38;2;0;0;0;48;2;0;0;0m▄[0m[38;2;0;0;0;48;2;0;0;0m▄[0m[38;2;0;0;0;48;2;0;0;0m▄[0m[38;2;0;0;0;48;2;0;0;0m▄[0m[38;2;0;0;0;48;2;0;0;0m▄[0m[38;2;0;0;0;48;2;0;0;0m▄[0m[38;2;0;0;0;48;2;0;0;0m▄[0m[38;2;0;0;0;48;2;0;0;0m▄[0m[38;2;0;0;0;48;2;0;0;0m▄[0m[38;2;0;0;0;48;2;0;0;0m▄[0m[38;2;0;0;0;48;2;0;0;0m▄[0m[38;2;0;0;0;48;2;0;0;0m▄[0m[38;2;0;0;0;48;2;0;0;0m▄[0m[38;2;0;0;0;48;2;0;0;0m▄[0m[38;2;0;0;0;48;2;0;0;0m▄[0m[38;2;0;0;0;48;2;0;0;0m▄[0m[38;2;0;0;0;48;2;0;0;0m▄[0m[38;2;0;0;0;48;2;0;0;0m▄[0m[38;2;0;0;0;48;2;0;0;0m▄[0m[38;2;0;0;0;48;2;0;0;0m▄[0m[38;2;0;0;0;48;2;0;0;0m▄[0m[38;2;0;0;0;48;2;0;0;0m▄[0m[38;2;0;0;0;48;2;0;0;0m▄[0m[38;2;0;0;0;48;2;0;0;0m▄[0m[38;2;0;0;0;48;2;0;0;0m▄[0m[38;2;0;0;0;48;2;0;0;0m▄[0m[38;2;0;0;0;48;2;6;0;0m▄[0m[38;2;0;0;0;48;2;62;1;1m▄[0m[38;2;7;0;0;48;2;137;0;3m▄[0m[38;2;107;0;2;48;2;225;6;8m▄[0m[38;2;194;4;6;48;2;231;7;8m▄[0m[38;2;234;7;8;48;2;185;1;3m▄[0m[38;2;204;4;5;48;2;149;0;4m▄[0m[38;2;174;2;5;48;2;165;0;3m▄[0m[38;2;163;0;3;48;2;130;0;3m▄[0m[38;2;146;0;3;48;2;114;0;2m▄[0m[38;2;114;0;2;48;2;113;0;2m▄[0m[38;2;112;0;2;48;2;126;0;3m▄[0m[38;2;131;0;3;48;2;143;0;4m▄[0m[38;2;132;0;4;48;2;144;0;4m▄[0m[38;2;142;0;4;48;2;174;0;2m▄[0m[38;2;142;0;4;48;2;191;1;2m▄[0m[38;2;146;0;4;48;2;192;1;2m▄[0m[38;2;183;1;3;48;2;201;1;2m▄[0m[38;2;156;0;3;48;2;196;1;2m▄[0m[38;2;142;0;4;48;2;170;0;2m▄[0m[38;2;135;0;4;48;2;143;0;4m▄[0m[38;2;116;0;2;48;2;141;0;4m▄[0m[38;2;113;0;2;48;2;131;0;3m▄[0m[38;2;117;0;2;48;2;112;0;2m▄[0m[38;2;145;0;3;48;2;114;0;2m▄[0m[38;2;182;1;3;48;2;133;0;3m▄[0m[38;2;207;3;4;48;2;176;1;3m▄[0m[38;2;217;7;8;48;2;200;1;2m▄[0m[38;2;234;11;13;48;2;204;2;3m▄[0m[38;2;228;11;12;48;2;225;9;10m▄[0m[38;2;202;6;8;48;2;244;18;19m▄[0m[38;2;116;1;3;48;2;233;16;17m▄[0m[38;2;14;0;0;48;2;159;1;3m▄[0m[38;2;0;0;0;48;2;20;0;0m▄[0m[38;2;0;0;0;48;2;1;0;0m▄[0m[38;2;0;0;0;48;2;1;0;0m▄[0m[38;2;0;0;0;48;2;0;0;0m▄[0m[38;2;0;0;0;48;2;0;0;0m▄[0m[38;2;0;0;0;48;2;0;0;0m▄[0m[38;2;0;0;0;48;2;0;0;0m▄[0m[38;2;0;0;0;48;2;0;0;0m▄[0m[38;2;0;0;0;48;2;0;0;0m▄[0m[38;2;0;0;0;48;2;0;0;0m▄[0m[38;2;0;0;0;48;2;0;0;0m▄[0m[38;2;0;0;0;48;2;0;0;0m▄[0m[38;2;0;0;0;48;2;0;0;0m▄[0m[38;2;0;0;0;48;2;0;0;0m▄[0m[38;2;0;0;0;48;2;0;0;0m▄[0m[38;2;0;0;0;48;2;0;0;0m▄[0m[38;2;0;0;0;48;2;0;0;0m▄[0m[38;2;0;0;0;48;2;0;0;0m▄[0m[38;2;0;0;0;48;2;0;0;0m▄[0m[38;2;0;0;0;48;2;0;0;0m▄[0m[38;2;0;0;0;48;2;0;0;0m▄[0m[38;2;0;0;0;48;2;0;0;0m▄[0m[38;2;0;0;0;48;2;0;0;0m▄[0m[38;2;0;0;0;48;2;0;0;0m▄[0m[38;2;0;0;0;48;2;0;0;0m▄[0m[38;2;0;0;0;48;2;0;0;0m▄[0m[38;2;0;0;0;48;2;0;0;0m▄[0m[38;2;0;0;0;48;2;0;0;0m▄[0m[38;2;0;0;0;48;2;0;0;0m▄[0m[38;2;0;0;0;48;2;0;0;0m▄[0m[38;2;0;0;0;48;2;0;0;0m▄[0m[38;2;0;0;0;48;2;0;0;0m▄[0m[38;2;0;0;0;48;2;0;0;0m▄[0m[38;2;0;0;0;48;2;0;0;0m▄[0m[38;2;0;0;0;48;2;0;0;0m▄[0m[38;2;0;0;0;48;2;0;0;0m▄[0m[38;2;0;0;0;48;2;0;0;0m▄[0m[38;2;0;0;0;48;2;0;0;0m▄[0m[0;40m       [0m
[0;40m      [0m[38;2;0;0;0;48;2;0;0;0m▄[0m[38;2;0;0;0;48;2;0;0;0m▄[0m[38;2;0;0;0;48;2;0;0;0m▄[0m[38;2;0;0;0;48;2;0;0;0m▄[0m[38;2;0;0;0;48;2;0;0;0m▄[0m[38;2;0;0;0;48;2;0;0;0m▄[0m[38;2;0;0;0;48;2;0;0;0m▄[0m[38;2;0;0;0;48;2;0;0;0m▄[0m[38;2;0;0;0;48;2;0;0;0m▄[0m[38;2;0;0;0;48;2;0;0;0m▄[0m[38;2;0;0;0;48;2;0;0;0m▄[0m[38;2;0;0;0;48;2;0;0;0m▄[0m[38;2;0;0;0;48;2;0;0;0m▄[0m[38;2;0;0;0;48;2;0;0;0m▄[0m[38;2;0;0;0;48;2;0;0;0m▄[0m[38;2;0;0;0;48;2;0;0;0m▄[0m[38;2;0;0;0;48;2;0;0;0m▄[0m[38;2;0;0;0;48;2;0;0;0m▄[0m[38;2;0;0;0;48;2;0;0;0m▄[0m[38;2;0;0;0;48;2;0;0;0m▄[0m[38;2;0;0;0;48;2;0;0;0m▄[0m[38;2;0;0;0;48;2;0;0;0m▄[0m[38;2;0;0;0;48;2;0;0;0m▄[0m[38;2;0;0;0;48;2;0;0;0m▄[0m[38;2;0;0;0;48;2;0;0;0m▄[0m[38;2;0;0;0;48;2;0;0;0m▄[0m[38;2;0;0;0;48;2;0;0;0m▄[0m[38;2;0;0;0;48;2;0;0;0m▄[0m[38;2;0;0;0;48;2;0;0;0m▄[0m[38;2;0;0;0;48;2;0;0;0m▄[0m[38;2;0;0;0;48;2;0;0;0m▄[0m[38;2;0;0;0;48;2;0;0;0m▄[0m[38;2;0;0;0;48;2;0;0;0m▄[0m[38;2;0;0;0;48;2;0;0;0m▄[0m[38;2;0;0;0;48;2;0;0;0m▄[0m[38;2;0;0;0;48;2;0;0;0m▄[0m[38;2;0;0;0;48;2;0;0;0m▄[0m[38;2;0;0;0;48;2;0;0;0m▄[0m[38;2;0;0;0;48;2;0;0;0m▄[0m[38;2;0;0;0;48;2;6;0;0m▄[0m[38;2;3;0;0;48;2;87;0;2m▄[0m[38;2;53;0;1;48;2;175;3;5m▄[0m[38;2;89;1;2;48;2;209;5;7m▄[0m[38;2;191;4;6;48;2;238;8;9m▄[0m[38;2;230;7;8;48;2;186;3;5m▄[0m[38;2;190;4;6;48;2;154;0;3m▄[0m[38;2;160;1;3;48;2;124;0;3m▄[0m[38;2;147;0;3;48;2;134;0;3m▄[0m[38;2;146;0;2;48;2;112;0;2m▄[0m[38;2;114;0;2;48;2;112;0;2m▄[0m[38;2;112;0;2;48;2;128;0;3m▄[0m[38;2;112;0;2;48;2;131;0;3m▄[0m[38;2;112;0;2;48;2;132;0;3m▄[0m[38;2;124;0;3;48;2;142;0;4m▄[0m[38;2;114;0;2;48;2;133;0;3m▄[0m[38;2;112;0;2;48;2;130;0;3m▄[0m[38;2;115;0;2;48;2;117;0;2m▄[0m[38;2;133;0;3;48;2;114;0;2m▄[0m[38;2;142;0;4;48;2;124;0;3m▄[0m[38;2;169;2;5;48;2;134;0;4m▄[0m[38;2;202;4;6;48;2;168;0;3m▄[0m[38;2;226;7;9;48;2;203;2;3m▄[0m[38;2;217;8;9;48;2;229;10;11m▄[0m[38;2;191;3;6;48;2;243;16;18m▄[0m[38;2;99;1;2;48;2;209;6;8m▄[0m[38;2;39;0;1;48;2;155;2;4m▄[0m[38;2;0;0;0;48;2;77;0;1m▄[0m[38;2;0;0;0;48;2;14;0;0m▄[0m[38;2;0;0;0;48;2;0;0;0m▄[0m[38;2;0;0;0;48;2;0;0;0m▄[0m[38;2;0;0;0;48;2;0;0;0m▄[0m[38;2;0;0;0;48;2;0;0;0m▄[0m[38;2;0;0;0;48;2;0;0;0m▄[0m[38;2;0;0;0;48;2;0;0;0m▄[0m[38;2;0;0;0;48;2;0;0;0m▄[0m[38;2;0;0;0;48;2;0;0;0m▄[0m[38;2;0;0;0;48;2;0;0;0m▄[0m[38;2;0;0;0;48;2;0;0;0m▄[0m[38;2;0;0;0;48;2;0;0;0m▄[0m[38;2;0;0;0;48;2;0;0;0m▄[0m[38;2;0;0;0;48;2;0;0;0m▄[0m[38;2;0;0;0;48;2;0;0;0m▄[0m[38;2;0;0;0;48;2;0;0;0m▄[0m[38;2;0;0;0;48;2;0;0;0m▄[0m[38;2;0;0;0;48;2;0;0;0m▄[0m[38;2;0;0;0;48;2;0;0;0m▄[0m[38;2;0;0;0;48;2;0;0;0m▄[0m[38;2;0;0;0;48;2;0;0;0m▄[0m[38;2;0;0;0;48;2;0;0;0m▄[0m[38;2;0;0;0;48;2;0;0;0m▄[0m[38;2;0;0;0;48;2;0;0;0m▄[0m[38;2;0;0;0;48;2;0;0;0m▄[0m[38;2;0;0;0;48;2;0;0;0m▄[0m[38;2;0;0;0;48;2;0;0;0m▄[0m[38;2;0;0;0;48;2;0;0;0m▄[0m[38;2;0;0;0;48;2;0;0;0m▄[0m[38;2;0;0;0;48;2;0;0;0m▄[0m[38;2;0;0;0;48;2;0;0;0m▄[0m[38;2;0;0;0;48;2;0;0;0m▄[0m[38;2;0;0;0;48;2;0;0;0m▄[0m[38;2;0;0;0;48;2;0;0;0m▄[0m[38;2;0;0;0;48;2;0;0;0m▄[0m[38;2;0;0;0;48;2;0;0;0m▄[0m[38;2;0;0;0;48;2;0;0;0m▄[0m[38;2;0;0;0;48;2;0;0;0m▄[0m[38;2;0;0;0;48;2;0;0;0m▄[0m[38;2;0;0;0;48;2;0;0;0m▄[0m[0;40m       [0m
[0;40m      [0m[38;2;0;0;0;48;2;0;0;0m▄[0m[38;2;0;0;0;48;2;0;0;0m▄[0m[38;2;0;0;0;48;2;0;0;0m▄[0m[38;2;0;0;0;48;2;0;0;0m▄[0m[38;2;0;0;0;48;2;0;0;0m▄[0m[38;2;0;0;0;48;2;0;0;0m▄[0m[38;2;0;0;0;48;2;0;0;0m▄[0m[38;2;0;0;0;48;2;0;0;0m▄[0m[38;2;0;0;0;48;2;0;0;0m▄[0m[38;2;0;0;0;48;2;0;0;0m▄[0m[38;2;0;0;0;48;2;0;0;0m▄[0m[38;2;0;0;0;48;2;0;0;0m▄[0m[38;2;0;0;0;48;2;0;0;0m▄[0m[38;2;0;0;0;48;2;0;0;0m▄[0m[38;2;0;0;0;48;2;0;0;0m▄[0m[38;2;0;0;0;48;2;0;0;0m▄[0m[38;2;0;0;0;48;2;0;0;0m▄[0m[38;2;0;0;0;48;2;0;0;0m▄[0m[38;2;0;0;0;48;2;0;0;0m▄[0m[38;2;0;0;0;48;2;0;0;0m▄[0m[38;2;0;0;0;48;2;0;0;0m▄[0m[38;2;0;0;0;48;2;0;0;0m▄[0m[38;2;0;0;0;48;2;0;0;0m▄[0m[38;2;0;0;0;48;2;0;0;0m▄[0m[38;2;0;0;0;48;2;0;0;0m▄[0m[38;2;0;0;0;48;2;0;0;0m▄[0m[38;2;0;0;0;48;2;0;0;0m▄[0m[38;2;0;0;0;48;2;0;0;0m▄[0m[38;2;0;0;0;48;2;0;0;0m▄[0m[38;2;0;0;0;48;2;0;0;0m▄[0m[38;2;0;0;0;48;2;0;0;0m▄[0m[38;2;0;0;0;48;2;0;0;0m▄[0m[38;2;0;0;0;48;2;0;0;0m▄[0m[38;2;0;0;0;48;2;0;0;0m▄[0m[38;2;0;0;0;48;2;0;0;0m▄[0m[38;2;0;0;0;48;2;0;0;0m▄[0m[38;2;0;0;0;48;2;0;0;0m▄[0m[38;2;0;0;0;48;2;0;0;0m▄[0m[38;2;0;0;0;48;2;0;0;0m▄[0m[38;2;0;0;0;48;2;0;0;0m▄[0m[38;2;0;0;0;48;2;0;0;0m▄[0m[38;2;0;0;0;48;2;0;0;0m▄[0m[38;2;0;0;0;48;2;8;0;0m▄[0m[38;2;0;0;0;48;2;46;0;1m▄[0m[38;2;4;0;0;48;2;120;1;2m▄[0m[38;2;114;0;2;48;2;224;6;8m▄[0m[38;2;147;1;3;48;2;228;6;7m▄[0m[38;2;235;8;9;48;2;199;4;6m▄[0m[38;2;221;6;7;48;2;153;0;3m▄[0m[38;2;138;0;3;48;2;165;0;3m▄[0m[38;2;149;0;4;48;2;126;0;2m▄[0m[38;2;152;0;3;48;2;113;0;2m▄[0m[38;2;112;0;2;48;2;112;0;2m▄[0m[38;2;112;0;2;48;2;112;0;2m▄[0m[38;2;112;0;2;48;2;112;0;2m▄[0m[38;2;129;0;3;48;2;112;0;2m▄[0m[38;2;142;0;4;48;2;136;0;4m▄[0m[38;2;162;1;4;48;2;152;0;4m▄[0m[38;2;234;7;8;48;2;195;3;5m▄[0m[38;2;217;5;6;48;2;210;4;6m▄[0m[38;2;156;1;3;48;2;236;8;9m▄[0m[38;2;73;0;1;48;2;194;6;7m▄[0m[38;2;10;0;0;48;2;107;1;3m▄[0m[38;2;0;0;0;48;2;45;0;1m▄[0m[38;2;0;0;0;48;2;11;0;0m▄[0m[38;2;0;0;0;48;2;0;0;0m▄[0m[38;2;0;0;0;48;2;0;0;0m▄[0m[38;2;0;0;0;48;2;0;0;0m▄[0m[38;2;0;0;0;48;2;0;0;0m▄[0m[38;2;0;0;0;48;2;0;0;0m▄[0m[38;2;0;0;0;48;2;0;0;0m▄[0m[38;2;0;0;0;48;2;0;0;0m▄[0m[38;2;0;0;0;48;2;0;0;0m▄[0m[38;2;0;0;0;48;2;0;0;0m▄[0m[38;2;0;0;0;48;2;0;0;0m▄[0m[38;2;0;0;0;48;2;0;0;0m▄[0m[38;2;0;0;0;48;2;0;0;0m▄[0m[38;2;0;0;0;48;2;0;0;0m▄[0m[38;2;0;0;0;48;2;0;0;0m▄[0m[38;2;0;0;0;48;2;0;0;0m▄[0m[38;2;0;0;0;48;2;0;0;0m▄[0m[38;2;0;0;0;48;2;0;0;0m▄[0m[38;2;0;0;0;48;2;0;0;0m▄[0m[38;2;0;0;0;48;2;0;0;0m▄[0m[38;2;0;0;0;48;2;0;0;0m▄[0m[38;2;0;0;0;48;2;0;0;0m▄[0m[38;2;0;0;0;48;2;0;0;0m▄[0m[38;2;0;0;0;48;2;0;0;0m▄[0m[38;2;0;0;0;48;2;0;0;0m▄[0m[38;2;0;0;0;48;2;0;0;0m▄[0m[38;2;0;0;0;48;2;0;0;0m▄[0m[38;2;0;0;0;48;2;0;0;0m▄[0m[38;2;0;0;0;48;2;0;0;0m▄[0m[38;2;0;0;0;48;2;0;0;0m▄[0m[38;2;0;0;0;48;2;0;0;0m▄[0m[38;2;0;0;0;48;2;0;0;0m▄[0m[38;2;0;0;0;48;2;0;0;0m▄[0m[38;2;0;0;0;48;2;0;0;0m▄[0m[38;2;0;0;0;48;2;0;0;0m▄[0m[38;2;0;0;0;48;2;0;0;0m▄[0m[38;2;0;0;0;48;2;0;0;0m▄[0m[38;2;0;0;0;48;2;0;0;0m▄[0m[38;2;0;0;0;48;2;0;0;0m▄[0m[38;2;0;0;0;48;2;0;0;0m▄[0m[38;2;0;0;0;48;2;0;0;0m▄[0m[38;2;0;0;0;48;2;0;0;0m▄[0m[38;2;0;0;0;48;2;0;0;0m▄[0m[0;40m       [0m
[0;40m      [0m[38;2;0;0;0;48;2;0;0;0m▄[0m[38;2;0;0;0;48;2;0;0;0m▄[0m[38;2;0;0;0;48;2;0;0;0m▄[0m[38;2;0;0;0;48;2;0;0;0m▄[0m[38;2;0;0;0;48;2;0;0;0m▄[0m[38;2;0;0;0;48;2;0;0;0m▄[0m[38;2;0;0;0;48;2;0;0;0m▄[0m[38;2;0;0;0;48;2;0;0;0m▄[0m[38;2;0;0;0;48;2;0;0;0m▄[0m[38;2;0;0;0;48;2;0;0;0m▄[0m[38;2;0;0;0;48;2;0;0;0m▄[0m[38;2;0;0;0;48;2;0;0;0m▄[0m[38;2;0;0;0;48;2;0;0;0m▄[0m[38;2;0;0;0;48;2;0;0;0m▄[0m[38;2;0;0;0;48;2;0;0;0m▄[0m[38;2;0;0;0;48;2;0;0;0m▄[0m[38;2;0;0;0;48;2;0;0;0m▄[0m[38;2;0;0;0;48;2;0;0;0m▄[0m[38;2;0;0;0;48;2;0;0;0m▄[0m[38;2;0;0;0;48;2;0;0;0m▄[0m[38;2;0;0;0;48;2;0;0;0m▄[0m[38;2;0;0;0;48;2;0;0;0m▄[0m[38;2;0;0;0;48;2;0;0;0m▄[0m[38;2;0;0;0;48;2;0;0;0m▄[0m[38;2;0;0;0;48;2;0;0;0m▄[0m[38;2;0;0;0;48;2;0;0;0m▄[0m[38;2;0;0;0;48;2;0;0;0m▄[0m[38;2;0;0;0;48;2;0;0;0m▄[0m[38;2;0;0;0;48;2;0;0;0m▄[0m[38;2;0;0;0;48;2;0;0;0m▄[0m[38;2;0;0;0;48;2;0;0;0m▄[0m[38;2;0;0;0;48;2;0;0;0m▄[0m[38;2;0;0;0;48;2;0;0;0m▄[0m[38;2;0;0;0;48;2;0;0;0m▄[0m[38;2;0;0;0;48;2;0;0;0m▄[0m[38;2;0;0;0;48;2;0;0;0m▄[0m[38;2;0;0;0;48;2;0;0;0m▄[0m[38;2;0;0;0;48;2;0;0;0m▄[0m[38;2;0;0;0;48;2;0;0;0m▄[0m[38;2;0;0;0;48;2;0;0;0m▄[0m[38;2;0;0;0;48;2;0;0;0m▄[0m[38;2;0;0;0;48;2;0;0;0m▄[0m[38;2;0;0;0;48;2;0;0;0m▄[0m[38;2;0;0;0;48;2;0;0;0m▄[0m[38;2;0;0;0;48;2;0;0;0m▄[0m[38;2;0;0;0;48;2;6;0;0m▄[0m[38;2;0;0;0;48;2;9;0;0m▄[0m[38;2;2;0;0;48;2;131;1;3m▄[0m[38;2;25;0;0;48;2;177;1;2m▄[0m[38;2;143;0;3;48;2;230;7;8m▄[0m[38;2;195;2;3;48;2;175;1;3m▄[0m[38;2;211;5;6;48;2;130;0;3m▄[0m[38;2;141;0;4;48;2;150;0;3m▄[0m[38;2;116;0;2;48;2;112;0;2m▄[0m[38;2;150;0;4;48;2;112;0;2m▄[0m[38;2;214;5;6;48;2;134;0;3m▄[0m[38;2;207;5;6;48;2;187;2;4m▄[0m[38;2;128;0;3;48;2;229;7;8m▄[0m[38;2;5;0;0;48;2;150;0;3m▄[0m[38;2;4;0;0;48;2;89;0;2m▄[0m[38;2;0;0;0;48;2;13;0;0m▄[0m[38;2;0;0;0;48;2;4;0;0m▄[0m[38;2;0;0;0;48;2;0;0;0m▄[0m[38;2;0;0;0;48;2;0;0;0m▄[0m[38;2;0;0;0;48;2;0;0;0m▄[0m[38;2;0;0;0;48;2;0;0;0m▄[0m[38;2;0;0;0;48;2;0;0;0m▄[0m[38;2;0;0;0;48;2;0;0;0m▄[0m[38;2;0;0;0;48;2;0;0;0m▄[0m[38;2;0;0;0;48;2;0;0;0m▄[0m[38;2;0;0;0;48;2;0;0;0m▄[0m[38;2;0;0;0;48;2;0;0;0m▄[0m[38;2;0;0;0;48;2;0;0;0m▄[0m[38;2;0;0;0;48;2;0;0;0m▄[0m[38;2;0;0;0;48;2;0;0;0m▄[0m[38;2;0;0;0;48;2;0;0;0m▄[0m[38;2;0;0;0;48;2;0;0;0m▄[0m[38;2;0;0;0;48;2;0;0;0m▄[0m[38;2;0;0;0;48;2;0;0;0m▄[0m[38;2;0;0;0;48;2;0;0;0m▄[0m[38;2;0;0;0;48;2;0;0;0m▄[0m[38;2;0;0;0;48;2;0;0;0m▄[0m[38;2;0;0;0;48;2;0;0;0m▄[0m[38;2;0;0;0;48;2;0;0;0m▄[0m[38;2;0;0;0;48;2;0;0;0m▄[0m[38;2;0;0;0;48;2;0;0;0m▄[0m[38;2;0;0;0;48;2;0;0;0m▄[0m[38;2;0;0;0;48;2;0;0;0m▄[0m[38;2;0;0;0;48;2;0;0;0m▄[0m[38;2;0;0;0;48;2;0;0;0m▄[0m[38;2;0;0;0;48;2;0;0;0m▄[0m[38;2;0;0;0;48;2;0;0;0m▄[0m[38;2;0;0;0;48;2;0;0;0m▄[0m[38;2;0;0;0;48;2;0;0;0m▄[0m[38;2;0;0;0;48;2;0;0;0m▄[0m[38;2;0;0;0;48;2;0;0;0m▄[0m[38;2;0;0;0;48;2;0;0;0m▄[0m[38;2;0;0;0;48;2;0;0;0m▄[0m[38;2;0;0;0;48;2;0;0;0m▄[0m[38;2;0;0;0;48;2;0;0;0m▄[0m[38;2;0;0;0;48;2;0;0;0m▄[0m[38;2;0;0;0;48;2;0;0;0m▄[0m[38;2;0;0;0;48;2;0;0;0m▄[0m[38;2;0;0;0;48;2;0;0;0m▄[0m[38;2;0;0;0;48;2;0;0;0m▄[0m[38;2;0;0;0;48;2;0;0;0m▄[0m[38;2;0;0;0;48;2;0;0;0m▄[0m[0;40m       [0m
[0;40m      [0m[38;2;0;0;0;48;2;0;0;0m▄[0m[38;2;0;0;0;48;2;0;0;0m▄[0m[38;2;0;0;0;48;2;0;0;0m▄[0m[38;2;0;0;0;48;2;0;0;0m▄[0m[38;2;0;0;0;48;2;0;0;0m▄[0m[38;2;0;0;0;48;2;0;0;0m▄[0m[38;2;0;0;0;48;2;0;0;0m▄[0m[38;2;0;0;0;48;2;0;0;0m▄[0m[38;2;0;0;0;48;2;0;0;0m▄[0m[38;2;0;0;0;48;2;0;0;0m▄[0m[38;2;0;0;0;48;2;0;0;0m▄[0m[38;2;0;0;0;48;2;0;0;0m▄[0m[38;2;0;0;0;48;2;0;0;0m▄[0m[38;2;0;0;0;48;2;0;0;0m▄[0m[38;2;0;0;0;48;2;0;0;0m▄[0m[38;2;0;0;0;48;2;0;0;0m▄[0m[38;2;0;0;0;48;2;0;0;0m▄[0m[38;2;0;0;0;48;2;0;0;0m▄[0m[38;2;0;0;0;48;2;0;0;0m▄[0m[38;2;0;0;0;48;2;0;0;0m▄[0m[38;2;0;0;0;48;2;0;0;0m▄[0m[38;2;0;0;0;48;2;0;0;0m▄[0m[38;2;0;0;0;48;2;0;0;0m▄[0m[38;2;0;0;0;48;2;0;0;0m▄[0m[38;2;0;0;0;48;2;0;0;0m▄[0m[38;2;0;0;0;48;2;0;0;0m▄[0m[38;2;0;0;0;48;2;0;0;0m▄[0m[38;2;0;0;0;48;2;0;0;0m▄[0m[38;2;0;0;0;48;2;0;0;0m▄[0m[38;2;0;0;0;48;2;0;0;0m▄[0m[38;2;0;0;0;48;2;0;0;0m▄[0m[38;2;0;0;0;48;2;0;0;0m▄[0m[38;2;0;0;0;48;2;0;0;0m▄[0m[38;2;0;0;0;48;2;0;0;0m▄[0m[38;2;0;0;0;48;2;0;0;0m▄[0m[38;2;0;0;0;48;2;0;0;0m▄[0m[38;2;0;0;0;48;2;0;0;0m▄[0m[38;2;0;0;0;48;2;0;0;0m▄[0m[38;2;0;0;0;48;2;0;0;0m▄[0m[38;2;0;0;0;48;2;0;0;0m▄[0m[38;2;0;0;0;48;2;0;0;0m▄[0m[38;2;0;0;0;48;2;0;0;0m▄[0m[38;2;0;0;0;48;2;0;0;0m▄[0m[38;2;0;0;0;48;2;0;0;0m▄[0m[38;2;0;0;0;48;2;0;0;0m▄[0m[38;2;0;0;0;48;2;0;0;0m▄[0m[38;2;0;0;0;48;2;0;0;0m▄[0m[38;2;0;0;0;48;2;0;0;0m▄[0m[38;2;0;0;0;48;2;0;0;0m▄[0m[38;2;0;0;0;48;2;1;0;0m▄[0m[38;2;0;0;0;48;2;55;1;0m▄[0m[38;2;32;0;1;48;2;148;2;4m▄[0m[38;2;120;1;3;48;2;203;4;6m▄[0m[38;2;201;4;6;48;2;175;2;5m▄[0m[38;2;98;1;2;48;2;211;5;7m▄[0m[38;2;32;0;1;48;2;145;2;4m▄[0m[38;2;0;0;0;48;2;69;0;1m▄[0m[38;2;0;0;0;48;2;0;0;0m▄[0m[38;2;0;0;0;48;2;0;0;0m▄[0m[38;2;0;0;0;48;2;0;0;0m▄[0m[38;2;0;0;0;48;2;0;0;0m▄[0m[38;2;0;0;0;48;2;0;0;0m▄[0m[38;2;0;0;0;48;2;0;0;0m▄[0m[38;2;0;0;0;48;2;0;0;0m▄[0m[38;2;0;0;0;48;2;0;0;0m▄[0m[38;2;0;0;0;48;2;0;0;0m▄[0m[38;2;0;0;0;48;2;0;0;0m▄[0m[38;2;0;0;0;48;2;0;0;0m▄[0m[38;2;0;0;0;48;2;0;0;0m▄[0m[38;2;0;0;0;48;2;0;0;0m▄[0m[38;2;0;0;0;48;2;0;0;0m▄[0m[38;2;0;0;0;48;2;0;0;0m▄[0m[38;2;0;0;0;48;2;0;0;0m▄[0m[38;2;0;0;0;48;2;0;0;0m▄[0m[38;2;0;0;0;48;2;0;0;0m▄[0m[38;2;0;0;0;48;2;0;0;0m▄[0m[38;2;0;0;0;48;2;0;0;0m▄[0m[38;2;0;0;0;48;2;0;0;0m▄[0m[38;2;0;0;0;48;2;0;0;0m▄[0m[38;2;0;0;0;48;2;0;0;0m▄[0m[38;2;0;0;0;48;2;0;0;0m▄[0m[38;2;0;0;0;48;2;0;0;0m▄[0m[38;2;0;0;0;48;2;0;0;0m▄[0m[38;2;0;0;0;48;2;0;0;0m▄[0m[38;2;0;0;0;48;2;0;0;0m▄[0m[38;2;0;0;0;48;2;0;0;0m▄[0m[38;2;0;0;0;48;2;0;0;0m▄[0m[38;2;0;0;0;48;2;0;0;0m▄[0m[38;2;0;0;0;48;2;0;0;0m▄[0m[38;2;0;0;0;48;2;0;0;0m▄[0m[38;2;0;0;0;48;2;0;0;0m▄[0m[38;2;0;0;0;48;2;0;0;0m▄[0m[38;2;0;0;0;48;2;0;0;0m▄[0m[38;2;0;0;0;48;2;0;0;0m▄[0m[38;2;0;0;0;48;2;0;0;0m▄[0m[38;2;0;0;0;48;2;0;0;0m▄[0m[38;2;0;0;0;48;2;0;0;0m▄[0m[38;2;0;0;0;48;2;0;0;0m▄[0m[38;2;0;0;0;48;2;0;0;0m▄[0m[38;2;0;0;0;48;2;0;0;0m▄[0m[38;2;0;0;0;48;2;0;0;0m▄[0m[38;2;0;0;0;48;2;0;0;0m▄[0m[38;2;0;0;0;48;2;0;0;0m▄[0m[38;2;0;0;0;48;2;0;0;0m▄[0m[38;2;0;0;0;48;2;0;0;0m▄[0m[38;2;0;0;0;48;2;0;0;0m▄[0m[38;2;0;0;0;48;2;0;0;0m▄[0m[0;40m       [0m
[0;40m      [0m[38;2;0;0;0;48;2;0;0;0m▄[0m[38;2;0;0;0;48;2;0;0;0m▄[0m[38;2;0;0;0;48;2;0;0;0m▄[0m[38;2;0;0;0;48;2;0;0;0m▄[0m[38;2;0;0;0;48;2;0;0;0m▄[0m[38;2;0;0;0;48;2;0;0;0m▄[0m[38;2;24;13;0;48;2;0;0;0m▄[0m[38;2;3;0;0;48;2;0;0;0m▄[0m[38;2;0;0;0;48;2;0;0;0m▄[0m[38;2;0;0;0;48;2;0;0;0m▄[0m[38;2;0;0;0;48;2;0;0;0m▄[0m[38;2;0;0;0;48;2;0;0;0m▄[0m[38;2;0;0;0;48;2;0;0;0m▄[0m[38;2;0;0;0;48;2;0;0;0m▄[0m[38;2;0;0;0;48;2;0;0;0m▄[0m[38;2;0;0;0;48;2;0;0;0m▄[0m[38;2;0;0;0;48;2;0;0;0m▄[0m[38;2;0;0;0;48;2;0;0;0m▄[0m[38;2;0;0;0;48;2;0;0;0m▄[0m[38;2;0;0;0;48;2;0;0;0m▄[0m[38;2;0;0;0;48;2;0;0;0m▄[0m[38;2;0;0;0;48;2;0;0;0m▄[0m[38;2;0;0;0;48;2;0;0;0m▄[0m[38;2;0;0;0;48;2;0;0;0m▄[0m[38;2;0;0;0;48;2;0;0;0m▄[0m[38;2;0;0;0;48;2;0;0;0m▄[0m[38;2;0;0;0;48;2;0;0;0m▄[0m[38;2;0;0;0;48;2;0;0;0m▄[0m[38;2;0;0;0;48;2;0;0;0m▄[0m[38;2;0;0;0;48;2;0;0;0m▄[0m[38;2;0;0;0;48;2;0;0;0m▄[0m[38;2;0;0;0;48;2;0;0;0m▄[0m[38;2;0;0;0;48;2;0;0;0m▄[0m[38;2;0;0;0;48;2;0;0;0m▄[0m[38;2;0;0;0;48;2;0;0;0m▄[0m[38;2;0;0;0;48;2;0;0;0m▄[0m[38;2;0;0;0;48;2;0;0;0m▄[0m[38;2;0;0;0;48;2;0;0;0m▄[0m[38;2;0;0;0;48;2;0;0;0m▄[0m[38;2;0;0;0;48;2;0;0;0m▄[0m[38;2;0;0;0;48;2;0;0;0m▄[0m[38;2;0;0;0;48;2;0;0;0m▄[0m[38;2;0;0;0;48;2;0;0;0m▄[0m[38;2;0;0;0;48;2;0;0;0m▄[0m[38;2;0;0;0;48;2;0;0;0m▄[0m[38;2;0;0;0;48;2;0;0;0m▄[0m[38;2;0;0;0;48;2;0;0;0m▄[0m[38;2;0;0;0;48;2;0;0;0m▄[0m[38;2;0;0;0;48;2;0;0;0m▄[0m[38;2;0;0;0;48;2;0;0;0m▄[0m[38;2;0;0;0;48;2;0;0;0m▄[0m[38;2;0;0;0;48;2;0;0;0m▄[0m[38;2;0;0;0;48;2;17;0;0m▄[0m[38;2;0;0;0;48;2;54;0;1m▄[0m[38;2;0;0;0;48;2;9;0;0m▄[0m[38;2;0;0;0;48;2;0;0;0m▄[0m[38;2;0;0;0;48;2;0;0;0m▄[0m[38;2;0;0;0;48;2;0;0;0m▄[0m[38;2;0;0;0;48;2;0;0;0m▄[0m[38;2;0;0;0;48;2;0;0;0m▄[0m[38;2;0;0;0;48;2;0;0;0m▄[0m[38;2;0;0;0;48;2;0;0;0m▄[0m[38;2;0;0;0;48;2;0;0;0m▄[0m[38;2;0;0;0;48;2;0;0;0m▄[0m[38;2;0;0;0;48;2;0;0;0m▄[0m[38;2;0;0;0;48;2;0;0;0m▄[0m[38;2;0;0;0;48;2;0;0;0m▄[0m[38;2;0;0;0;48;2;0;0;0m▄[0m[38;2;0;0;0;48;2;0;0;0m▄[0m[38;2;0;0;0;48;2;0;0;0m▄[0m[38;2;0;0;0;48;2;0;0;0m▄[0m[38;2;0;0;0;48;2;0;0;0m▄[0m[38;2;0;0;0;48;2;0;0;0m▄[0m[38;2;0;0;0;48;2;0;0;0m▄[0m[38;2;0;0;0;48;2;0;0;0m▄[0m[38;2;0;0;0;48;2;0;0;0m▄[0m[38;2;0;0;0;48;2;0;0;0m▄[0m[38;2;0;0;0;48;2;0;0;0m▄[0m[38;2;0;0;0;48;2;0;0;0m▄[0m[38;2;0;0;0;48;2;0;0;0m▄[0m[38;2;0;0;0;48;2;0;0;0m▄[0m[38;2;0;0;0;48;2;0;0;0m▄[0m[38;2;0;0;0;48;2;0;0;0m▄[0m[38;2;0;0;0;48;2;0;0;0m▄[0m[38;2;0;0;0;48;2;0;0;0m▄[0m[38;2;0;0;0;48;2;0;0;0m▄[0m[38;2;0;0;0;48;2;0;0;0m▄[0m[38;2;0;0;0;48;2;0;0;0m▄[0m[38;2;0;0;0;48;2;0;0;0m▄[0m[38;2;0;0;0;48;2;0;0;0m▄[0m[38;2;0;0;0;48;2;0;0;0m▄[0m[38;2;0;0;0;48;2;0;0;0m▄[0m[38;2;0;0;0;48;2;0;0;0m▄[0m[38;2;0;0;0;48;2;0;0;0m▄[0m[38;2;0;0;0;48;2;0;0;0m▄[0m[38;2;0;0;0;48;2;0;0;0m▄[0m[38;2;0;0;0;48;2;0;0;0m▄[0m[38;2;0;0;0;48;2;0;0;0m▄[0m[38;2;0;0;0;48;2;0;0;0m▄[0m[38;2;0;0;0;48;2;0;0;0m▄[0m[38;2;0;0;0;48;2;0;0;0m▄[0m[38;2;0;0;0;48;2;0;0;0m▄[0m[38;2;0;0;0;48;2;0;0;0m▄[0m[38;2;0;0;0;48;2;0;0;0m▄[0m[38;2;0;0;0;48;2;0;0;0m▄[0m[38;2;0;0;0;48;2;0;0;0m▄[0m[38;2;0;0;0;48;2;0;0;0m▄[0m[0;40m       [0m
[38;2;0;0;0;48;2;0;0;0m▀[38;2;0;0;0;48;2;0;0;0m▀[38;2;0;0;0;48;2;0;0;0m▀[38;2;0;0;0;48;2;0;0;0m▀[38;2;0;0;0;48;2;0;0;0m▀[38;2;0;0;0;48;2;0;0;0m▀[38;2;0;0;0;48;2;0;0;0m▀[38;2;0;0;0;48;2;0;0;0m▀[38;2;0;0;0;48;2;0;0;0m▀[38;2;0;0;0;48;2;0;0;0m▀[38;2;0;0;0;48;2;0;0;0m▀[38;2;0;0;0;48;2;81;27;6m▀[38;2;255;154;8;48;2;200;123;9m▀[38;2;250;118;4;48;2;255;125;2m▀[38;2;125;67;3;48;2;255;100;2m▀[38;2;83;63;3;48;2;255;109;2m▀[38;2;45;57;0;48;2;255;169;3m▀[38;2;0;0;0;48;2;163;114;37m▀[38;2;0;0;0;48;2;0;0;0m▀[38;2;0;0;0;48;2;0;0;0m▀[38;2;0;0;0;48;2;0;0;0m▀[38;2;0;0;0;48;2;0;0;0m▀[38;2;0;0;0;48;2;0;0;0m▀[38;2;0;0;0;48;2;0;0;0m▀[38;2;0;0;0;48;2;0;0;0m▀[38;2;0;0;0;48;2;0;0;0m▀[38;2;0;0;0;48;2;0;0;0m▀[38;2;0;0;0;48;2;0;0;0m▀[38;2;0;0;0;48;2;0;0;0m▀[38;2;0;0;0;48;2;0;0;0m▀[38;2;0;0;0;48;2;0;0;0m▀[38;2;0;0;0;48;2;0;0;0m▀[38;2;0;0;0;48;2;0;0;0m▀[38;2;0;0;0;48;2;0;0;0m▀[38;2;0;0;0;48;2;0;0;0m▀[38;2;0;0;0;48;2;0;0;0m▀[38;2;0;0;0;48;2;0;0;0m▀[38;2;0;0;0;48;2;0;0;0m▀[38;2;0;0;0;48;2;0;0;0m▀[38;2;0;0;0;48;2;0;0;0m▀[38;2;0;0;0;48;2;0;0;0m▀[38;2;0;0;0;48;2;0;0;0m▀[38;2;0;0;0;48;2;0;0;0m▀[38;2;0;0;0;48;2;0;0;0m▀[38;2;0;0;0;48;2;0;0;0m▀[38;2;0;0;0;48;2;0;0;0m▀[38;2;0;0;0;48;2;0;0;0m▀[38;2;0;0;0;48;2;0;0;0m▀[38;2;0;0;0;48;2;0;0;0m▀[38;2;0;0;0;48;2;0;0;0m▀[38;2;0;0;0;48;2;0;0;0m▀[38;2;0;0;0;48;2;0;0;0m▀[38;2;0;0;0;48;2;0;0;0m▀[38;2;0;0;0;48;2;0;0;0m▀[38;2;0;0;0;48;2;0;0;0m▀[38;2;0;0;0;48;2;0;0;0m▀[38;2;0;0;0;48;2;0;0;0m▀[38;2;0;0;0;48;2;0;0;0m▀[38;2;0;0;0;48;2;0;0;0m▀[38;2;0;0;0;48;2;0;0;0m▀[38;2;0;0;0;48;2;0;0;0m▀[38;2;0;0;0;48;2;0;0;0m▀[38;2;0;0;0;48;2;0;0;0m▀[38;2;0;0;0;48;2;0;0;0m▀[38;2;0;0;0;48;2;0;0;0m▀[38;2;0;0;0;48;2;0;0;0m▀[38;2;0;0;0;48;2;0;0;0m▀[38;2;0;0;0;48;2;0;0;0m▀[38;2;0;0;0;48;2;0;0;0m▀[38;2;0;0;0;48;2;0;0;0m▀[38;2;0;0;0;48;2;0;0;0m▀[38;2;0;0;0;48;2;0;0;0m▀[38;2;0;0;0;48;2;0;0;0m▀[38;2;0;0;0;48;2;0;0;0m▀[38;2;0;0;0;48;2;0;0;0m▀[38;2;0;0;0;48;2;0;0;0m▀[38;2;0;0;0;48;2;0;0;0m▀[38;2;0;0;0;48;2;0;0;0m▀[38;2;0;0;0;48;2;0;0;0m▀[38;2;0;0;0;48;2;0;0;0m▀[38;2;0;0;0;48;2;85;67;32m▀[38;2;0;0;0;48;2;76;70;39m▀[38;2;0;0;0;48;2;67;65;35m▀[38;2;0;0;0;48;2;66;62;30m▀[38;2;0;0;0;48;2;67;61;24m▀[38;2;0;0;0;48;2;52;61;34m▀[38;2;0;0;0;48;2;69;59;31m▀[38;2;0;0;0;48;2;67;56;28m▀[38;2;0;0;0;48;2;100;85;45m▀[38;2;0;0;0;48;2;0;0;0m▀[38;2;0;0;0;48;2;0;0;0m▀[38;2;0;0;0;48;2;0;0;0m▀[38;2;0;0;0;48;2;0;0;0m▀[38;2;0;0;0;48;2;0;0;0m▀[38;2;0;0;0;48;2;0;0;0m▀[38;2;0;0;0;48;2;0;0;0m▀[38;2;0;0;0;48;2;0;0;0m▀[38;2;0;0;0;48;2;0;0;0m▀[38;2;0;0;0;48;2;0;0;0m▀[38;2;0;0;0;48;2;0;0;0m▀[38;2;0;0;0;48;2;0;0;0m▀[38;2;0;0;0;48;2;0;0;0m▀[38;2;0;0;0;48;2;0;0;0m▀[38;2;0;0;0;48;2;0;0;0m▀[38;2;0;0;0;48;2;0;0;0m▀[38;2;0;0;0;48;2;0;0;0m▀[38;2;0;0;0;48;2;0;0;0m▀[38;2;0;0;0;48;2;0;0;0m▀[38;2;0;0;0;48;2;0;0;0m▀[38;2;0;0;0;48;2;0;0;0m▀[38;2;0;0;0;48;2;0;0;0m▀[38;2;0;0;0;48;2;0;0;0m▀[38;2;0;0;0;48;2;0;0;0m▀[38;2;0;0;0;48;2;0;0;0m▀[38;2;0;0;0;48;2;0;0;0m▀[38;2;0;0;0;48;2;0;0;0m▀[38;2;0;0;0;48;2;0;0;0m▀[38;2;0;0;0;48;2;0;0;0m▀[38;2;0;0;0;48;2;0;0;0m▀[38;2;0;0;0;48;2;0;0;0m▀[0m
[38;2;0;0;0;48;2;0;0;0m▀[38;2;0;0;0;48;2;0;0;0m▀[38;2;0;0;0;48;2;0;0;0m▀[38;2;0;0;0;48;2;0;0;0m▀[38;2;0;0;0;48;2;0;0;0m▀[38;2;0;0;0;48;2;0;0;0m▀[38;2;0;0;0;48;2;0;0;0m▀[38;2;0;0;0;48;2;0;0;0m▀[38;2;0;0;0;48;2;0;0;0m▀[38;2;0;0;0;48;2;0;0;0m▀[38;2;0;0;0;48;2;0;0;0m▀[38;2;0;0;0;48;2;0;0;0m▀[38;2;0;0;0;48;2;0;0;0m▀[38;2;255;208;10;48;2;255;212;12m▀[38;2;255;153;5;48;2;255;161;5m▀[38;2;255;170;5;48;2;255;186;6m▀[38;2;149;102;5;48;2;99;83;6m▀[38;2;0;0;0;48;2;0;0;0m▀[38;2;0;0;0;48;2;0;0;0m▀[38;2;0;0;0;48;2;0;0;0m▀[38;2;0;0;0;48;2;0;0;0m▀[38;2;0;0;0;48;2;0;0;0m▀[38;2;0;0;0;48;2;0;0;0m▀[38;2;0;0;0;48;2;0;0;0m▀[38;2;0;0;0;48;2;0;0;0m▀[38;2;0;0;0;48;2;0;0;0m▀[38;2;0;0;0;48;2;0;0;0m▀[38;2;0;0;0;48;2;0;0;0m▀[38;2;0;0;0;48;2;0;0;0m▀[38;2;0;0;0;48;2;0;0;0m▀[38;2;0;0;0;48;2;0;0;0m▀[38;2;0;0;0;48;2;0;0;0m▀[38;2;0;0;0;48;2;83;48;2m▀[38;2;0;0;0;48;2;156;86;3m▀[38;2;0;0;0;48;2;187;90;3m▀[38;2;0;0;0;48;2;189;99;2m▀[38;2;0;0;0;48;2;217;121;3m▀[38;2;0;0;0;48;2;0;0;0m▀[38;2;0;0;0;48;2;0;0;0m▀[38;2;0;0;0;48;2;0;0;0m▀[38;2;0;0;0;48;2;0;0;0m▀[38;2;0;0;0;48;2;0;0;0m▀[38;2;0;0;0;48;2;0;0;0m▀[38;2;0;0;0;48;2;0;0;0m▀[38;2;0;0;0;48;2;0;0;0m▀[38;2;0;0;0;48;2;0;0;0m▀[38;2;0;0;0;48;2;0;0;0m▀[38;2;0;0;0;48;2;0;0;0m▀[38;2;0;0;0;48;2;0;0;0m▀[38;2;0;0;0;48;2;0;0;0m▀[38;2;0;0;0;48;2;0;0;0m▀[38;2;0;0;0;48;2;0;0;0m▀[38;2;0;0;0;48;2;0;0;0m▀[38;2;0;0;0;48;2;0;0;0m▀[38;2;0;0;0;48;2;0;0;0m▀[38;2;0;0;0;48;2;0;0;0m▀[38;2;0;0;0;48;2;0;0;0m▀[38;2;0;0;0;48;2;0;0;0m▀[38;2;0;0;0;48;2;0;0;0m▀[38;2;0;0;0;48;2;0;0;0m▀[38;2;0;0;0;48;2;0;0;0m▀[38;2;0;0;0;48;2;221;131;6m▀[38;2;0;0;0;48;2;255;189;7m▀[38;2;0;0;0;48;2;255;160;4m▀[38;2;0;0;0;48;2;255;189;5m▀[38;2;0;0;0;48;2;185;104;6m▀[38;2;0;0;0;48;2;0;0;0m▀[38;2;0;0;0;48;2;0;0;0m▀[38;2;0;0;0;48;2;0;0;0m▀[38;2;0;0;0;48;2;0;0;0m▀[38;2;0;0;0;48;2;0;0;0m▀[38;2;0;0;0;48;2;0;0;0m▀[38;2;0;0;0;48;2;0;0;0m▀[38;2;0;0;0;48;2;0;0;0m▀[38;2;0;0;0;48;2;0;0;0m▀[38;2;0;0;0;48;2;0;0;0m▀[38;2;0;0;0;48;2;0;0;0m▀[38;2;0;0;0;48;2;0;0;0m▀[38;2;0;0;0;48;2;0;0;0m▀[38;2;0;0;0;48;2;0;0;0m▀[38;2;255;221;67;48;2;255;224;48m▀[38;2;255;168;27;48;2;255;199;0m▀[38;2;255;146;26;48;2;255;210;5m▀[38;2;255;167;30;48;2;255;181;1m▀[38;2;255;154;20;48;2;254;146;0m▀[38;2;255;148;27;48;2;255;172;0m▀[38;2;255;161;20;48;2;255;200;6m▀[38;2;255;155;21;48;2;255;207;6m▀[38;2;255;227;35;48;2;255;255;9m▀[38;2;0;0;0;48;2;0;0;0m▀[38;2;0;0;0;48;2;0;0;0m▀[38;2;0;0;0;48;2;0;0;0m▀[38;2;0;0;0;48;2;0;0;0m▀[38;2;0;0;0;48;2;0;0;0m▀[38;2;0;0;0;48;2;0;0;0m▀[38;2;0;0;0;48;2;0;0;0m▀[38;2;0;0;0;48;2;0;0;0m▀[38;2;0;0;0;48;2;0;0;0m▀[38;2;0;0;0;48;2;0;0;0m▀[38;2;0;0;0;48;2;0;0;0m▀[38;2;0;0;0;48;2;75;32;2m▀[38;2;84;59;2;48;2;182;103;5m▀[38;2;104;60;2;48;2;255;156;4m▀[38;2;163;63;0;48;2;255;143;1m▀[38;2;255;159;51;48;2;255;181;1m▀[38;2;255;202;55;48;2;255;189;0m▀[38;2;255;212;82;48;2;255;190;0m▀[38;2;255;255;125;48;2;255;175;0m▀[38;2;149;110;42;48;2;121;86;0m▀[38;2;0;0;0;48;2;0;0;0m▀[38;2;0;0;0;48;2;0;0;0m▀[38;2;0;0;0;48;2;0;0;0m▀[38;2;0;0;0;48;2;0;0;0m▀[38;2;0;0;0;48;2;0;0;0m▀[38;2;0;0;0;48;2;0;0;0m▀[38;2;0;0;0;48;2;0;0;0m▀[38;2;0;0;0;48;2;0;0;0m▀[38;2;0;0;0;48;2;0;0;0m▀[38;2;0;0;0;48;2;0;0;0m▀[38;2;0;0;0;48;2;0;0;0m▀[0m
[38;2;0;0;0;48;2;0;0;0m▀[38;2;0;0;0;48;2;0;0;0m▀[38;2;0;0;0;48;2;0;0;0m▀[38;2;0;0;0;48;2;0;0;0m▀[38;2;0;0;0;48;2;0;0;0m▀[38;2;0;0;0;48;2;0;0;0m▀[38;2;0;0;0;48;2;0;0;0m▀[38;2;0;0;0;48;2;0;0;0m▀[38;2;0;0;0;48;2;0;0;0m▀[38;2;0;0;0;48;2;0;0;0m▀[38;2;0;0;0;48;2;0;0;0m▀[38;2;0;0;0;48;2;0;0;0m▀[38;2;0;0;0;48;2;0;0;0m▀[38;2;255;215;10;48;2;255;235;12m▀[38;2;255;182;7;48;2;255;197;9m▀[38;2;255;202;6;48;2;255;214;1m▀[38;2;104;86;7;48;2;95;81;4m▀[38;2;0;0;0;48;2;0;0;0m▀[38;2;0;0;0;48;2;218;142;5m▀[38;2;0;0;0;48;2;255;214;5m▀[38;2;98;75;5;48;2;255;204;4m▀[38;2;0;0;0;48;2;255;209;5m▀[38;2;0;0;0;48;2;171;102;3m▀[38;2;167;97;4;48;2;0;0;0m▀[38;2;255;174;5;48;2;255;206;10m▀[38;2;255;186;6;48;2;255;195;2m▀[38;2;255;198;10;48;2;203;134;5m▀[38;2;0;0;0;48;2;0;0;0m▀[38;2;65;32;2;48;2;0;0;0m▀[38;2;255;204;5;48;2;255;241;10m▀[38;2;255;181;9;48;2;90;49;3m▀[38;2;0;0;0;48;2;0;0;0m▀[38;2;255;170;6;48;2;255;231;7m▀[38;2;255;182;5;48;2;255;215;7m▀[38;2;255;201;10;48;2;0;0;0m▀[38;2;255;182;7;48;2;0;0;0m▀[38;2;255;255;27;48;2;193;153;17m▀[38;2;0;0;0;48;2;0;0;0m▀[38;2;0;0;0;48;2;0;0;0m▀[38;2;0;0;0;48;2;255;173;8m▀[38;2;0;0;0;48;2;255;186;6m▀[38;2;72;57;3;48;2;255;164;5m▀[38;2;0;0;0;48;2;0;0;0m▀[38;2;86;64;5;48;2;0;0;0m▀[38;2;124;85;4;48;2;255;209;6m▀[38;2;128;85;4;48;2;199;100;3m▀[38;2;0;0;0;48;2;0;0;0m▀[38;2;0;0;0;48;2;255;150;3m▀[38;2;0;0;0;48;2;255;192;4m▀[38;2;0;0;0;48;2;255;161;5m▀[38;2;0;0;0;48;2;0;0;0m▀[38;2;0;0;0;48;2;86;62;4m▀[38;2;0;0;0;48;2;255;226;10m▀[38;2;0;0;0;48;2;255;202;5m▀[38;2;0;0;0;48;2;147;73;2m▀[38;2;0;0;0;48;2;244;155;7m▀[38;2;0;0;0;48;2;255;208;6m▀[38;2;0;0;0;48;2;255;211;9m▀[38;2;0;0;0;48;2;0;0;0m▀[38;2;0;0;0;48;2;0;0;0m▀[38;2;0;0;0;48;2;0;0;0m▀[38;2;0;0;0;48;2;0;0;0m▀[38;2;255;187;8;48;2;239;176;7m▀[38;2;255;169;4;48;2;255;185;1m▀[38;2;207;140;8;48;2;186;142;7m▀[38;2;0;0;0;48;2;0;0;0m▀[38;2;0;0;0;48;2;0;0;0m▀[38;2;0;0;0;48;2;255;178;6m▀[38;2;95;72;4;48;2;255;195;4m▀[38;2;102;77;3;48;2;255;196;5m▀[38;2;0;0;0;48;2;255;191;6m▀[38;2;0;0;0;48;2;0;0;0m▀[38;2;0;0;0;48;2;0;0;0m▀[38;2;0;0;0;48;2;135;77;2m▀[38;2;0;0;0;48;2;255;204;5m▀[38;2;94;75;5;48;2;255;215;8m▀[38;2;83;55;3;48;2;255;215;8m▀[38;2;91;59;2;48;2;255;229;10m▀[38;2;0;0;0;48;2;0;0;0m▀[38;2;0;0;0;48;2;0;0;0m▀[38;2;231;196;37;48;2;68;28;0m▀[38;2;0;0;0;48;2;0;0;0m▀[38;2;0;0;0;48;2;0;0;0m▀[38;2;255;179;9;48;2;255;209;7m▀[38;2;255;157;5;48;2;255;184;1m▀[38;2;255;214;10;48;2;255;226;7m▀[38;2;0;0;0;48;2;0;0;0m▀[38;2;0;0;0;48;2;0;0;0m▀[38;2;60;51;3;48;2;207;141;5m▀[38;2;0;0;0;48;2;196;94;1m▀[38;2;0;0;0;48;2;255;193;7m▀[38;2;0;0;0;48;2;57;28;0m▀[38;2;0;0;0;48;2;255;209;6m▀[38;2;0;0;0;48;2;255;173;4m▀[38;2;125;87;4;48;2;255;148;6m▀[38;2;0;0;0;48;2;0;0;0m▀[38;2;0;0;0;48;2;0;0;0m▀[38;2;255;208;9;48;2;255;225;12m▀[38;2;255;180;5;48;2;255;171;3m▀[38;2;255;206;7;48;2;255;225;9m▀[38;2;0;0;0;48;2;0;0;0m▀[38;2;62;70;8;48;2;80;67;0m▀[38;2;255;189;6;48;2;255;208;2m▀[38;2;255;189;6;48;2;255;204;5m▀[38;2;132;100;5;48;2;164;129;4m▀[38;2;0;0;0;48;2;0;0;0m▀[38;2;0;0;0;48;2;0;0;0m▀[38;2;144;90;5;48;2;0;0;0m▀[38;2;148;120;8;48;2;129;82;5m▀[38;2;0;0;0;48;2;0;0;0m▀[38;2;0;0;0;48;2;0;0;0m▀[38;2;0;0;0;48;2;0;0;0m▀[38;2;0;0;0;48;2;0;0;0m▀[38;2;0;0;0;48;2;0;0;0m▀[38;2;0;0;0;48;2;0;0;0m▀[38;2;0;0;0;48;2;0;0;0m▀[38;2;0;0;0;48;2;0;0;0m▀[38;2;0;0;0;48;2;0;0;0m▀[38;2;0;0;0;48;2;0;0;0m▀[38;2;0;0;0;48;2;0;0;0m▀[0m
[38;2;0;0;0;48;2;0;0;0m▀[38;2;0;0;0;48;2;0;0;0m▀[38;2;0;0;0;48;2;0;0;0m▀[38;2;0;0;0;48;2;0;0;0m▀[38;2;0;0;0;48;2;0;0;0m▀[38;2;0;0;0;48;2;0;0;0m▀[38;2;0;0;0;48;2;0;0;0m▀[38;2;0;0;0;48;2;0;0;0m▀[38;2;0;0;0;48;2;0;0;0m▀[38;2;0;0;0;48;2;0;0;0m▀[38;2;0;0;0;48;2;0;0;0m▀[38;2;0;0;0;48;2;0;0;0m▀[38;2;0;0;0;48;2;0;0;0m▀[38;2;255;255;56;48;2;255;255;89m▀[38;2;255;218;40;48;2;255;224;63m▀[38;2;255;252;54;48;2;255;255;64m▀[38;2;70;69;35;48;2;0;0;0m▀[38;2;0;0;0;48;2;159;148;55m▀[38;2;255;255;22;48;2;255;255;26m▀[38;2;255;208;13;48;2;150;111;29m▀[38;2;0;0;0;48;2;0;0;0m▀[38;2;255;241;31;48;2;169;136;34m▀[38;2;255;255;3;48;2;255;255;65m▀[38;2;0;0;0;48;2;60;55;11m▀[38;2;211;182;42;48;2;122;107;53m▀[38;2;255;230;5;48;2;255;254;54m▀[38;2;251;174;30;48;2;255;244;51m▀[38;2;0;0;0;48;2;0;0;0m▀[38;2;0;0;0;48;2;70;54;12m▀[38;2;255;255;16;48;2;255;255;75m▀[38;2;0;0;0;48;2;0;0;0m▀[38;2;0;0;0;48;2;0;0;0m▀[38;2;255;255;19;48;2;255;255;75m▀[38;2;255;255;23;48;2;255;255;79m▀[38;2;0;0;0;48;2;0;0;0m▀[38;2;0;0;0;48;2;0;0;0m▀[38;2;0;0;0;48;2;0;0;0m▀[38;2;0;0;0;48;2;0;0;0m▀[38;2;0;0;0;48;2;0;0;0m▀[38;2;79;62;4;48;2;0;0;0m▀[38;2;255;211;7;48;2;255;247;9m▀[38;2;255;201;9;48;2;255;248;12m▀[38;2;0;0;0;48;2;0;0;0m▀[38;2;0;0;0;48;2;107;79;13m▀[38;2;255;255;13;48;2;255;255;51m▀[38;2;0;0;0;48;2;0;0;0m▀[38;2;253;179;4;48;2;255;255;79m▀[38;2;255;243;9;48;2;250;204;37m▀[38;2;182;141;15;48;2;0;0;0m▀[38;2;255;243;8;48;2;229;185;44m▀[38;2;255;206;2;48;2;255;255;28m▀[38;2;0;0;0;48;2;0;0;0m▀[38;2;255;243;13;48;2;255;255;66m▀[38;2;255;240;3;48;2;255;255;66m▀[38;2;0;0;0;48;2;0;0;0m▀[38;2;64;66;7;48;2;77;83;40m▀[38;2;255;230;4;48;2;255;253;0m▀[38;2;140;116;5;48;2;156;136;33m▀[38;2;0;0;0;48;2;0;0;0m▀[38;2;0;0;0;48;2;0;0;0m▀[38;2;0;0;0;48;2;0;0;0m▀[38;2;0;0;0;48;2;0;0;0m▀[38;2;244;198;27;48;2;244;209;48m▀[38;2;255;239;10;48;2;255;250;40m▀[38;2;185;162;33;48;2;185;162;47m▀[38;2;0;0;0;48;2;0;0;0m▀[38;2;213;150;2;48;2;255;255;66m▀[38;2;255;244;7;48;2;255;255;31m▀[38;2;170;129;5;48;2;0;0;0m▀[38;2;135;122;16;48;2;0;0;0m▀[38;2;255;241;10;48;2;255;255;75m▀[38;2;229;141;0;48;2;255;238;45m▀[38;2;0;0;0;48;2;0;0;0m▀[38;2;255;247;12;48;2;255;255;52m▀[38;2;255;244;9;48;2;255;225;48m▀[38;2;0;0;0;48;2;0;0;0m▀[38;2;0;0;0;48;2;0;0;0m▀[38;2;255;212;12;48;2;0;0;0m▀[38;2;0;0;0;48;2;0;0;0m▀[38;2;0;0;0;48;2;0;0;0m▀[38;2;0;0;0;48;2;0;0;0m▀[38;2;0;0;0;48;2;0;0;0m▀[38;2;0;0;0;48;2;0;0;0m▀[38;2;255;231;58;48;2;255;237;79m▀[38;2;255;217;28;48;2;255;235;82m▀[38;2;255;255;37;48;2;255;255;34m▀[38;2;0;0;0;48;2;0;0;0m▀[38;2;0;0;0;48;2;0;0;0m▀[38;2;155;120;12;48;2;114;99;23m▀[38;2;255;219;2;48;2;255;255;24m▀[38;2;173;143;6;48;2;178;159;54m▀[38;2;0;0;0;48;2;0;0;0m▀[38;2;255;222;6;48;2;255;255;51m▀[38;2;255;194;1;48;2;255;231;56m▀[38;2;255;186;1;48;2;255;255;72m▀[38;2;0;0;0;48;2;0;0;0m▀[38;2;0;0;0;48;2;147;106;23m▀[38;2;255;241;10;48;2;255;255;77m▀[38;2;255;207;21;48;2;255;207;20m▀[38;2;255;236;14;48;2;255;255;80m▀[38;2;0;0;0;48;2;0;0;0m▀[38;2;82;87;45;48;2;77;83;45m▀[38;2;255;250;32;48;2;255;255;60m▀[38;2;255;218;17;48;2;255;250;69m▀[38;2;168;152;51;48;2;166;142;42m▀[38;2;0;0;0;48;2;0;0;0m▀[38;2;0;0;0;48;2;0;0;0m▀[38;2;0;0;0;48;2;0;0;0m▀[38;2;59;0;0;48;2;0;0;0m▀[38;2;0;0;0;48;2;0;0;0m▀[38;2;0;0;0;48;2;0;0;0m▀[38;2;0;0;0;48;2;0;0;0m▀[38;2;0;0;0;48;2;0;0;0m▀[38;2;0;0;0;48;2;0;0;0m▀[38;2;0;0;0;48;2;0;0;0m▀[38;2;0;0;0;48;2;0;0;0m▀[38;2;0;0;0;48;2;0;0;0m▀[38;2;0;0;0;48;2;0;0;0m▀[38;2;0;0;0;48;2;0;0;0m▀[38;2;0;0;0;48;2;0;0;0m▀[0m
[38;2;0;0;0;48;2;0;0;0m▀[38;2;0;0;0;48;2;0;0;0m▀[38;2;0;0;0;48;2;0;0;0m▀[38;2;0;0;0;48;2;0;0;0m▀[38;2;0;0;0;48;2;0;0;0m▀[38;2;0;0;0;48;2;0;0;0m▀[38;2;0;0;0;48;2;0;0;0m▀[38;2;0;0;0;48;2;0;0;0m▀[38;2;0;0;0;48;2;0;0;0m▀[38;2;0;0;0;48;2;0;0;0m▀[38;2;0;0;0;48;2;0;0;0m▀[38;2;0;0;0;48;2;0;0;0m▀[38;2;0;0;0;48;2;0;0;0m▀[38;2;255;255;80;48;2;255;255;115m▀[38;2;255;239;86;48;2;255;255;99m▀[38;2;255;255;95;48;2;255;255;98m▀[38;2;56;44;27;48;2;46;68;47m▀[38;2;150;136;51;48;2;150;167;85m▀[38;2;255;255;65;48;2;255;255;113m▀[38;2;144;120;55;48;2;160;135;65m▀[38;2;0;0;0;48;2;0;0;0m▀[38;2;161;150;61;48;2;165;177;74m▀[38;2;255;255;95;48;2;255;255;118m▀[38;2;80;72;34;48;2;111;107;51m▀[38;2;0;0;0;48;2;0;0;0m▀[38;2;255;255;83;48;2;255;255;111m▀[38;2;255;255;83;48;2;255;255;111m▀[38;2;0;0;0;48;2;0;0;0m▀[38;2;163;141;50;48;2;254;232;78m▀[38;2;255;250;91;48;2;186;147;51m▀[38;2;0;0;0;48;2;0;0;0m▀[38;2;0;0;0;48;2;0;0;0m▀[38;2;255;255;117;48;2;255;255;120m▀[38;2;255;255;74;48;2;255;255;105m▀[38;2;133;130;58;48;2;194;181;61m▀[38;2;255;253;92;48;2;255;255;106m▀[38;2;0;0;0;48;2;0;0;0m▀[38;2;0;0;0;48;2;0;0;0m▀[38;2;0;0;0;48;2;0;0;0m▀[38;2;0;0;0;48;2;0;0;0m▀[38;2;255;255;58;48;2;247;210;73m▀[38;2;255;255;49;48;2;255;255;96m▀[38;2;0;0;0;48;2;0;0;0m▀[38;2;193;160;38;48;2;255;255;98m▀[38;2;255;249;95;48;2;142;130;48m▀[38;2;0;0;0;48;2;0;0;0m▀[38;2;255;255;98;48;2;255;255;135m▀[38;2;242;225;94;48;2;255;252;103m▀[38;2;0;0;0;48;2;0;0;0m▀[38;2;209;200;87;48;2;217;229;104m▀[38;2;255;255;97;48;2;255;255;119m▀[38;2;0;0;0;48;2;0;0;0m▀[38;2;255;255;109;48;2;255;255;119m▀[38;2;255;255;83;48;2;255;255;111m▀[38;2;0;0;0;48;2;0;0;0m▀[38;2;73;82;48;48;2;74;106;73m▀[38;2;255;255;76;48;2;255;255;119m▀[38;2;161;139;42;48;2;164;165;70m▀[38;2;0;0;0;48;2;0;0;0m▀[38;2;0;0;0;48;2;0;0;0m▀[38;2;0;0;0;48;2;0;0;0m▀[38;2;0;0;0;48;2;0;0;0m▀[38;2;242;211;64;48;2;243;251;113m▀[38;2;255;255;68;48;2;255;255;110m▀[38;2;186;181;85;48;2;202;209;95m▀[38;2;0;0;0;48;2;0;0;0m▀[38;2;255;255;94;48;2;255;255;135m▀[38;2;255;255;104;48;2;255;255;121m▀[38;2;0;0;0;48;2;0;0;0m▀[38;2;0;0;0;48;2;0;0;0m▀[38;2;255;255;118;48;2;255;255;131m▀[38;2;255;226;45;48;2;255;255;110m▀[38;2;0;0;0;48;2;0;0;0m▀[38;2;255;255;78;48;2;255;255;117m▀[38;2;255;237;85;48;2;255;255;97m▀[38;2;0;0;0;48;2;0;0;0m▀[38;2;0;0;0;48;2;255;255;110m▀[38;2;0;0;0;48;2;255;255;106m▀[38;2;0;0;0;48;2;193;163;56m▀[38;2;0;0;0;48;2;0;0;0m▀[38;2;0;0;0;48;2;0;0;0m▀[38;2;0;0;0;48;2;0;0;0m▀[38;2;0;0;0;48;2;0;0;0m▀[38;2;255;240;92;48;2;255;255;115m▀[38;2;255;231;68;48;2;255;255;100m▀[38;2;255;255;125;48;2;255;255;116m▀[38;2;0;0;0;48;2;85;73;13m▀[38;2;0;0;0;48;2;0;0;0m▀[38;2;118;112;52;48;2;118;134;63m▀[38;2;255;255;92;48;2;255;255;116m▀[38;2;180;163;63;48;2;182;190;79m▀[38;2;0;0;0;48;2;0;0;0m▀[38;2;255;255;105;48;2;255;255;130m▀[38;2;255;233;80;48;2;149;136;45m▀[38;2;255;255;79;48;2;255;255;105m▀[38;2;0;0;0;48;2;123;80;14m▀[38;2;237;192;39;48;2;255;255;99m▀[38;2;255;255;96;48;2;191;168;50m▀[38;2;255;236;75;48;2;255;255;99m▀[38;2;255;255;110;48;2;255;255;118m▀[38;2;0;0;0;48;2;0;0;0m▀[38;2;77;86;51;48;2;75;87;45m▀[38;2;255;255;87;48;2;255;255;102m▀[38;2;255;246;77;48;2;255;255;95m▀[38;2;133;124;55;48;2;255;252;104m▀[38;2;0;0;0;48;2;236;217;93m▀[38;2;0;0;0;48;2;255;255;115m▀[38;2;0;0;0;48;2;0;0;0m▀[38;2;0;0;0;48;2;0;0;0m▀[38;2;0;0;0;48;2;0;0;0m▀[38;2;0;0;0;48;2;0;0;0m▀[38;2;0;0;0;48;2;0;0;0m▀[38;2;0;0;0;48;2;0;0;0m▀[38;2;0;0;0;48;2;0;0;0m▀[38;2;0;0;0;48;2;0;0;0m▀[38;2;0;0;0;48;2;0;0;0m▀[38;2;0;0;0;48;2;0;0;0m▀[38;2;0;0;0;48;2;0;0;0m▀[38;2;0;0;0;48;2;0;0;0m▀[38;2;0;0;0;48;2;0;0;0m▀[0m
[38;2;0;0;0;48;2;0;0;0m▀[38;2;0;0;0;48;2;0;0;0m▀[38;2;0;0;0;48;2;0;0;0m▀[38;2;0;0;0;48;2;0;0;0m▀[38;2;0;0;0;48;2;0;0;0m▀[38;2;0;0;0;48;2;0;0;0m▀[38;2;0;0;0;48;2;0;0;0m▀[38;2;0;0;0;48;2;0;0;0m▀[38;2;0;0;0;48;2;0;0;0m▀[38;2;0;0;0;48;2;0;0;0m▀[38;2;0;0;0;48;2;0;0;0m▀[38;2;0;0;0;48;2;0;0;0m▀[38;2;0;0;0;48;2;0;0;0m▀[38;2;255;126;3;48;2;255;122;0m▀[38;2;255;191;56;48;2;255;32;0m▀[38;2;255;117;0;48;2;255;72;0m▀[38;2;0;0;0;48;2;0;0;0m▀[38;2;148;90;14;48;2;153;56;0m▀[38;2;255;186;24;48;2;255;72;0m▀[38;2;165;89;9;48;2;167;62;0m▀[38;2;0;0;0;48;2;0;0;0m▀[38;2;165;48;0;48;2;158;53;0m▀[38;2;255;113;15;48;2;255;98;0m▀[38;2;144;59;0;48;2;143;52;0m▀[38;2;0;0;0;48;2;0;0;0m▀[38;2;255;255;84;48;2;255;116;0m▀[38;2;255;255;108;48;2;255;255;83m▀[38;2;0;0;0;48;2;115;97;35m▀[38;2;255;255;90;48;2;255;207;8m▀[38;2;116;58;21;48;2;0;0;0m▀[38;2;0;0;0;48;2;0;0;0m▀[38;2;0;0;0;48;2;0;0;0m▀[38;2;255;121;15;48;2;255;107;0m▀[38;2;255;217;32;48;2;255;103;0m▀[38;2;0;0;0;48;2;0;0;0m▀[38;2;0;0;0;48;2;0;0;0m▀[38;2;57;0;0;48;2;0;0;0m▀[38;2;0;0;0;48;2;0;0;0m▀[38;2;0;0;0;48;2;0;0;0m▀[38;2;0;0;0;48;2;0;0;0m▀[38;2;149;108;26;48;2;0;0;0m▀[38;2;255;255;79;48;2;255;255;92m▀[38;2;185;134;41;48;2;255;255;109m▀[38;2;255;255;99;48;2;255;255;82m▀[38;2;86;29;8;48;2;0;0;0m▀[38;2;0;0;0;48;2;0;0;0m▀[38;2;255;142;16;48;2;255;114;0m▀[38;2;249;84;6;48;2;255;109;0m▀[38;2;0;0;0;48;2;0;0;0m▀[38;2;209;78;4;48;2;210;100;0m▀[38;2;255;113;8;48;2;255;96;0m▀[38;2;0;0;0;48;2;0;0;0m▀[38;2;255;175;19;48;2;255;106;0m▀[38;2;255;139;16;48;2;255;122;0m▀[38;2;0;0;0;48;2;0;0;0m▀[38;2;73;64;0;48;2;72;38;0m▀[38;2;255;123;19;48;2;255;77;0m▀[38;2;183;79;0;48;2;188;66;0m▀[38;2;0;0;0;48;2;0;0;0m▀[38;2;0;0;0;48;2;0;0;0m▀[38;2;0;0;0;48;2;0;0;0m▀[38;2;0;0;0;48;2;0;0;0m▀[38;2;241;93;0;48;2;242;78;0m▀[38;2;255;127;21;48;2;255;82;0m▀[38;2;202;57;0;48;2;215;82;0m▀[38;2;0;0;0;48;2;0;0;0m▀[38;2;255;126;4;48;2;255;108;0m▀[38;2;255;118;18;48;2;255;97;0m▀[38;2;0;0;0;48;2;0;0;0m▀[38;2;0;0;0;48;2;0;0;0m▀[38;2;255;122;13;48;2;255;126;0m▀[38;2;255;72;1;48;2;255;100;0m▀[38;2;0;0;0;48;2;0;0;0m▀[38;2;255;95;11;48;2;255;81;0m▀[38;2;255;140;7;48;2;255;98;0m▀[38;2;0;0;0;48;2;0;0;0m▀[38;2;243;167;23;48;2;251;86;0m▀[38;2;255;255;82;48;2;255;80;0m▀[38;2;107;42;0;48;2;112;40;0m▀[38;2;0;0;0;48;2;0;0;0m▀[38;2;0;0;0;48;2;0;0;0m▀[38;2;0;0;0;48;2;0;0;0m▀[38;2;0;0;0;48;2;0;0;0m▀[38;2;255;78;0;48;2;255;84;0m▀[38;2;255;127;19;48;2;255;65;0m▀[38;2;255;150;14;48;2;255;91;0m▀[38;2;92;0;0;48;2;0;0;0m▀[38;2;0;0;0;48;2;0;0;0m▀[38;2;110;46;0;48;2;115;37;0m▀[38;2;255;129;15;48;2;255;98;0m▀[38;2;186;69;3;48;2;182;64;0m▀[38;2;0;0;0;48;2;0;0;0m▀[38;2;255;212;61;48;2;255;105;0m▀[38;2;81;4;0;48;2;0;0;0m▀[38;2;255;255;86;48;2;255;110;0m▀[38;2;255;255;96;48;2;255;183;27m▀[38;2;255;255;90;48;2;193;82;0m▀[38;2;105;17;0;48;2;82;17;0m▀[38;2;255;236;78;48;2;255;90;0m▀[38;2;255;184;13;48;2;255;123;0m▀[38;2;0;0;0;48;2;0;0;0m▀[38;2;77;82;27;48;2;77;37;0m▀[38;2;255;229;57;48;2;255;86;0m▀[38;2;255;201;43;48;2;255;51;0m▀[38;2;255;236;24;48;2;142;107;1m▀[38;2;255;255;91;48;2;0;0;0m▀[38;2;255;255;118;48;2;255;144;0m▀[38;2;0;0;0;48;2;0;0;0m▀[38;2;0;0;0;48;2;0;0;0m▀[38;2;0;0;0;48;2;0;0;0m▀[38;2;0;0;0;48;2;0;0;0m▀[38;2;0;0;0;48;2;0;0;0m▀[38;2;0;0;0;48;2;0;0;0m▀[38;2;0;0;0;48;2;0;0;0m▀[38;2;0;0;0;48;2;0;0;0m▀[38;2;0;0;0;48;2;0;0;0m▀[38;2;0;0;0;48;2;0;0;0m▀[38;2;0;0;0;48;2;0;0;0m▀[38;2;0;0;0;48;2;0;0;0m▀[38;2;0;0;0;48;2;0;0;0m▀[0m
[38;2;0;0;0;48;2;0;0;0m▀[38;2;0;0;0;48;2;0;0;0m▀[38;2;0;0;0;48;2;0;0;0m▀[38;2;0;0;0;48;2;0;0;0m▀[38;2;0;0;0;48;2;0;0;0m▀[38;2;0;0;0;48;2;0;0;0m▀[38;2;0;0;0;48;2;0;0;0m▀[38;2;0;0;0;48;2;0;0;0m▀[38;2;0;0;0;48;2;0;0;0m▀[38;2;0;0;0;48;2;0;0;0m▀[38;2;0;0;0;48;2;0;0;0m▀[38;2;0;0;0;48;2;0;0;0m▀[38;2;0;0;0;48;2;0;0;0m▀[38;2;255;107;1;48;2;255;110;3m▀[38;2;255;84;0;48;2;255;97;2m▀[38;2;255;75;1;48;2;255;94;2m▀[38;2;0;0;0;48;2;0;0;0m▀[38;2;151;73;2;48;2;150;94;4m▀[38;2;255;105;2;48;2;255;114;1m▀[38;2;165;76;3;48;2;173;86;4m▀[38;2;0;0;0;48;2;0;0;0m▀[38;2;162;97;5;48;2;156;83;2m▀[38;2;255;125;2;48;2;255;149;3m▀[38;2;148;65;3;48;2;148;79;4m▀[38;2;0;0;0;48;2;0;0;0m▀[38;2;186;65;0;48;2;103;41;0m▀[38;2;255;134;2;48;2;255;121;1m▀[38;2;221;136;16;48;2;255;133;3m▀[38;2;255;115;0;48;2;237;90;0m▀[38;2;0;0;0;48;2;0;0;0m▀[38;2;0;0;0;48;2;0;0;0m▀[38;2;0;0;0;48;2;0;0;0m▀[38;2;255;143;4;48;2;255;143;3m▀[38;2;255;120;2;48;2;255;159;5m▀[38;2;0;0;0;48;2;0;0;0m▀[38;2;0;0;0;48;2;0;0;0m▀[38;2;0;0;0;48;2;168;140;42m▀[38;2;0;0;0;48;2;0;0;0m▀[38;2;0;0;0;48;2;0;0;0m▀[38;2;0;0;0;48;2;0;0;0m▀[38;2;0;0;0;48;2;0;0;0m▀[38;2;255;88;0;48;2;209;91;1m▀[38;2;255;111;5;48;2;255;75;0m▀[38;2;255;55;0;48;2;255;109;3m▀[38;2;0;0;0;48;2;0;0;0m▀[38;2;0;0;0;48;2;0;0;0m▀[38;2;255;148;2;48;2;255;164;4m▀[38;2;255;127;4;48;2;251;131;4m▀[38;2;0;0;0;48;2;0;0;0m▀[38;2;210;108;3;48;2;201;110;4m▀[38;2;255;120;2;48;2;255;147;4m▀[38;2;0;0;0;48;2;0;0;0m▀[38;2;255;131;4;48;2;255;172;5m▀[38;2;255;141;4;48;2;255;166;5m▀[38;2;0;0;0;48;2;0;0;0m▀[38;2;70;49;2;48;2;58;48;2m▀[38;2;255;107;2;48;2;255;144;3m▀[38;2;184;74;3;48;2;192;103;4m▀[38;2;0;0;0;48;2;0;0;0m▀[38;2;0;0;0;48;2;0;0;0m▀[38;2;0;0;0;48;2;0;0;0m▀[38;2;0;0;0;48;2;0;0;0m▀[38;2;242;110;3;48;2;241;127;5m▀[38;2;255;91;0;48;2;255;77;0m▀[38;2;205;97;3;48;2;194;106;5m▀[38;2;0;0;0;48;2;0;0;0m▀[38;2;255;146;4;48;2;255;172;6m▀[38;2;255;117;2;48;2;255;143;3m▀[38;2;0;0;0;48;2;0;0;0m▀[38;2;0;0;0;48;2;0;0;0m▀[38;2;255;147;4;48;2;255;153;3m▀[38;2;255;131;3;48;2;255;129;3m▀[38;2;0;0;0;48;2;0;0;0m▀[38;2;255;121;1;48;2;255;121;3m▀[38;2;255;159;6;48;2;255;157;6m▀[38;2;0;0;0;48;2;0;0;0m▀[38;2;238;105;2;48;2;250;136;4m▀[38;2;255;114;2;48;2;255;130;3m▀[38;2;113;62;3;48;2;115;53;2m▀[38;2;0;0;0;48;2;0;0;0m▀[38;2;0;0;0;48;2;0;0;0m▀[38;2;0;0;0;48;2;0;0;0m▀[38;2;0;0;0;48;2;0;0;0m▀[38;2;255;122;3;48;2;255;113;2m▀[38;2;255;93;2;48;2;255;111;3m▀[38;2;255;121;2;48;2;255;169;6m▀[38;2;0;0;0;48;2;0;0;0m▀[38;2;0;0;0;48;2;0;0;0m▀[38;2;113;58;1;48;2;115;64;3m▀[38;2;255;105;0;48;2;255;114;2m▀[38;2;188;88;3;48;2;190;110;5m▀[38;2;0;0;0;48;2;0;0;0m▀[38;2;255;118;1;48;2;255;132;3m▀[38;2;0;0;0;48;2;55;26;2m▀[38;2;205;85;0;48;2;101;40;2m▀[38;2;255;112;0;48;2;255;151;4m▀[38;2;119;33;0;48;2;0;0;0m▀[38;2;100;46;2;48;2;107;46;2m▀[38;2;255;94;0;48;2;255;100;2m▀[38;2;255;105;3;48;2;255;149;5m▀[38;2;0;0;0;48;2;0;0;0m▀[38;2;74;46;1;48;2;76;66;3m▀[38;2;255;94;0;48;2;255;110;2m▀[38;2;255;88;1;48;2;255;119;2m▀[38;2;156;56;0;48;2;162;83;3m▀[38;2;0;0;0;48;2;0;0;0m▀[38;2;0;0;0;48;2;0;0;0m▀[38;2;75;36;3;48;2;0;0;0m▀[38;2;0;0;0;48;2;0;0;0m▀[38;2;0;0;0;48;2;0;0;0m▀[38;2;0;0;0;48;2;0;0;0m▀[38;2;0;0;0;48;2;0;0;0m▀[38;2;0;0;0;48;2;0;0;0m▀[38;2;0;0;0;48;2;0;0;0m▀[38;2;0;0;0;48;2;0;0;0m▀[38;2;0;0;0;48;2;0;0;0m▀[38;2;0;0;0;48;2;0;0;0m▀[38;2;0;0;0;48;2;0;0;0m▀[38;2;0;0;0;48;2;0;0;0m▀[38;2;0;0;0;48;2;0;0;0m▀[0m
[38;2;0;0;0;48;2;0;0;0m▀[38;2;0;0;0;48;2;0;0;0m▀[38;2;0;0;0;48;2;0;0;0m▀[38;2;0;0;0;48;2;0;0;0m▀[38;2;0;0;0;48;2;0;0;0m▀[38;2;0;0;0;48;2;0;0;0m▀[38;2;0;0;0;48;2;0;0;0m▀[38;2;0;0;0;48;2;0;0;0m▀[38;2;0;0;0;48;2;0;0;0m▀[38;2;0;0;0;48;2;0;0;0m▀[38;2;0;0;0;48;2;0;0;0m▀[38;2;0;0;0;48;2;0;0;0m▀[38;2;0;0;0;48;2;0;0;0m▀[38;2;255;174;6;48;2;255;145;6m▀[38;2;255;96;1;48;2;255;113;2m▀[38;2;255;115;2;48;2;255;144;3m▀[38;2;0;0;0;48;2;87;70;5m▀[38;2;157;106;3;48;2;0;0;0m▀[38;2;255;137;3;48;2;255;156;4m▀[38;2;172;76;3;48;2;255;142;4m▀[38;2;0;0;0;48;2;97;85;8m▀[38;2;196;93;3;48;2;255;185;6m▀[38;2;255;140;3;48;2;255;172;5m▀[38;2;166;74;4;48;2;0;0;0m▀[38;2;0;0;0;48;2;0;0;0m▀[38;2;0;0;0;48;2;0;0;0m▀[38;2;255;174;5;48;2;255;209;8m▀[38;2;255;145;4;48;2;255;200;6m▀[38;2;152;68;4;48;2;0;0;0m▀[38;2;0;0;0;48;2;0;0;0m▀[38;2;0;0;0;48;2;0;0;0m▀[38;2;0;0;0;48;2;0;0;0m▀[38;2;255;189;7;48;2;255;184;2m▀[38;2;255;176;7;48;2;255;143;0m▀[38;2;0;0;0;48;2;255;227;28m▀[38;2;0;0;0;48;2;255;214;12m▀[38;2;255;255;28;48;2;255;255;8m▀[38;2;0;0;0;48;2;0;0;0m▀[38;2;0;0;0;48;2;0;0;0m▀[38;2;0;0;0;48;2;0;0;0m▀[38;2;0;0;0;48;2;0;0;0m▀[38;2;212;127;4;48;2;213;149;8m▀[38;2;255;123;3;48;2;255;131;2m▀[38;2;255;105;4;48;2;255;139;8m▀[38;2;0;0;0;48;2;0;0;0m▀[38;2;0;0;0;48;2;0;0;0m▀[38;2;255;172;5;48;2;203;127;7m▀[38;2;255;150;4;48;2;255;187;7m▀[38;2;0;0;0;48;2;255;185;3m▀[38;2;255;151;5;48;2;255;181;4m▀[38;2;255;160;5;48;2;253;152;8m▀[38;2;0;0;0;48;2;0;0;0m▀[38;2;255;161;5;48;2;118;83;4m▀[38;2;255;155;4;48;2;255;190;3m▀[38;2;0;0;0;48;2;255;176;2m▀[38;2;155;103;4;48;2;255;182;2m▀[38;2;255;166;4;48;2;255;214;12m▀[38;2;192;92;4;48;2;0;0;0m▀[38;2;0;0;0;48;2;0;0;0m▀[38;2;0;0;0;48;2;0;0;0m▀[38;2;0;0;0;48;2;0;0;0m▀[38;2;0;0;0;48;2;0;0;0m▀[38;2;243;134;6;48;2;243;161;9m▀[38;2;255;126;2;48;2;255;131;3m▀[38;2;192;137;6;48;2;206;140;7m▀[38;2;0;0;0;48;2;0;0;0m▀[38;2;195;100;4;48;2;0;0;0m▀[38;2;255;165;4;48;2;255;179;7m▀[38;2;174;105;3;48;2;255;214;16m▀[38;2;139;103;3;48;2;255;212;11m▀[38;2;255;147;4;48;2;255;194;8m▀[38;2;242;112;5;48;2;0;0;0m▀[38;2;0;0;0;48;2;0;0;0m▀[38;2;255;142;3;48;2;255;184;7m▀[38;2;255;165;6;48;2;255;158;1m▀[38;2;0;0;0;48;2;166;106;10m▀[38;2;209;113;3;48;2;255;152;1m▀[38;2;255;145;3;48;2;255;159;2m▀[38;2;115;64;4;48;2;113;62;3m▀[38;2;0;0;0;48;2;0;0;0m▀[38;2;0;0;0;48;2;0;0;0m▀[38;2;0;0;0;48;2;0;0;0m▀[38;2;0;0;0;48;2;0;0;0m▀[38;2;255;140;6;48;2;255;176;7m▀[38;2;255;119;2;48;2;255;131;3m▀[38;2;255;170;5;48;2;255;186;7m▀[38;2;0;0;0;48;2;0;0;0m▀[38;2;0;0;0;48;2;0;0;0m▀[38;2;115;74;2;48;2;113;72;4m▀[38;2;255;140;3;48;2;255;153;4m▀[38;2;188;117;4;48;2;204;117;5m▀[38;2;0;0;0;48;2;0;0;0m▀[38;2;255;180;6;48;2;255;205;8m▀[38;2;58;36;2;48;2;89;47;3m▀[38;2;0;0;0;48;2;0;0;0m▀[38;2;255;199;6;48;2;255;201;7m▀[38;2;0;0;0;48;2;0;0;0m▀[38;2;139;86;4;48;2;139;68;2m▀[38;2;255;119;3;48;2;255;144;4m▀[38;2;255;150;4;48;2;255;189;7m▀[38;2;0;0;0;48;2;0;0;0m▀[38;2;73;62;4;48;2;81;75;5m▀[38;2;255;153;5;48;2;255;158;4m▀[38;2;255;101;1;48;2;255;142;4m▀[38;2;163;110;4;48;2;167;106;4m▀[38;2;0;0;0;48;2;0;0;0m▀[38;2;0;0;0;48;2;0;0;0m▀[38;2;0;0;0;48;2;0;0;0m▀[38;2;0;0;0;48;2;0;0;0m▀[38;2;0;0;0;48;2;0;0;0m▀[38;2;0;0;0;48;2;0;0;0m▀[38;2;0;0;0;48;2;0;0;0m▀[38;2;0;0;0;48;2;0;0;0m▀[38;2;0;0;0;48;2;0;0;0m▀[38;2;0;0;0;48;2;0;0;0m▀[38;2;0;0;0;48;2;0;0;0m▀[38;2;0;0;0;48;2;0;0;0m▀[38;2;0;0;0;48;2;0;0;0m▀[38;2;0;0;0;48;2;0;0;0m▀[38;2;0;0;0;48;2;0;0;0m▀[0m
[38;2;0;0;0;48;2;0;0;0m▀[38;2;0;0;0;48;2;0;0;0m▀[38;2;0;0;0;48;2;0;0;0m▀[38;2;0;0;0;48;2;0;0;0m▀[38;2;0;0;0;48;2;0;0;0m▀[38;2;0;0;0;48;2;0;0;0m▀[38;2;0;0;0;48;2;0;0;0m▀[38;2;0;0;0;48;2;0;0;0m▀[38;2;0;0;0;48;2;0;0;0m▀[38;2;0;0;0;48;2;0;0;0m▀[38;2;0;0;0;48;2;0;0;0m▀[38;2;0;0;0;48;2;0;0;0m▀[38;2;0;0;0;48;2;0;0;0m▀[38;2;255;205;11;48;2;255;192;10m▀[38;2;255;106;2;48;2;255;135;2m▀[38;2;255;139;4;48;2;255;156;3m▀[38;2;145;86;7;48;2;164;93;7m▀[38;2;0;0;0;48;2;0;0;0m▀[38;2;225;141;5;48;2;0;0;0m▀[38;2;255;213;11;48;2;0;0;0m▀[38;2;255;198;3;48;2;43;58;29m▀[38;2;255;202;5;48;2;0;0;0m▀[38;2;90;50;0;48;2;0;0;0m▀[38;2;0;0;0;48;2;255;147;48m▀[38;2;0;0;0;48;2;0;0;0m▀[38;2;0;0;0;48;2;0;0;0m▀[38;2;255;192;8;48;2;255;165;6m▀[38;2;255;207;10;48;2;242;152;9m▀[38;2;0;0;0;48;2;0;0;0m▀[38;2;0;0;0;48;2;0;0;0m▀[38;2;0;0;0;48;2;0;0;0m▀[38;2;190;163;29;48;2;167;72;32m▀[38;2;255;214;18;48;2;0;0;0m▀[38;2;193;150;32;48;2;0;0;0m▀[38;2;145;78;5;48;2;0;0;0m▀[38;2;84;43;6;48;2;0;0;0m▀[38;2;78;45;3;48;2;0;0;0m▀[38;2;0;0;0;48;2;0;0;0m▀[38;2;0;0;0;48;2;0;0;0m▀[38;2;0;0;0;48;2;0;0;0m▀[38;2;0;0;0;48;2;0;0;0m▀[38;2;219;150;9;48;2;220;173;9m▀[38;2;255;150;2;48;2;255;180;4m▀[38;2;255;163;9;48;2;255;167;9m▀[38;2;0;0;0;48;2;0;0;0m▀[38;2;0;0;0;48;2;0;0;0m▀[38;2;0;0;0;48;2;0;0;0m▀[38;2;149;92;11;48;2;0;0;0m▀[38;2;246;186;48;48;2;0;0;0m▀[38;2;164;98;3;48;2;0;0;0m▀[38;2;0;0;0;48;2;0;0;0m▀[38;2;0;0;0;48;2;0;0;0m▀[38;2;0;0;0;48;2;0;0;0m▀[38;2;86;33;0;48;2;0;0;0m▀[38;2;252;192;62;48;2;0;0;0m▀[38;2;204;143;9;48;2;0;0;0m▀[38;2;0;0;0;48;2;0;0;0m▀[38;2;0;0;0;48;2;0;0;0m▀[38;2;0;0;0;48;2;0;0;0m▀[38;2;0;0;0;48;2;0;0;0m▀[38;2;0;0;0;48;2;0;0;0m▀[38;2;0;0;0;48;2;0;0;0m▀[38;2;242;167;9;48;2;228;172;6m▀[38;2;255;153;3;48;2;255;148;0m▀[38;2;171;139;3;48;2;251;182;24m▀[38;2;0;0;0;48;2;179;173;77m▀[38;2;0;0;0;48;2;209;185;56m▀[38;2;0;0;0;48;2;193;171;57m▀[38;2;0;0;0;48;2;181;164;48m▀[38;2;0;0;0;48;2;255;255;39m▀[38;2;0;0;0;48;2;0;0;0m▀[38;2;0;0;0;48;2;0;0;0m▀[38;2;0;0;0;48;2;0;0;0m▀[38;2;0;0;0;48;2;0;0;0m▀[38;2;255;157;9;48;2;0;0;0m▀[38;2;255;244;43;48;2;0;0;0m▀[38;2;255;217;16;48;2;0;0;0m▀[38;2;255;227;25;48;2;80;16;8m▀[38;2;135;89;2;48;2;117;34;5m▀[38;2;0;0;0;48;2;0;0;0m▀[38;2;0;0;0;48;2;0;0;0m▀[38;2;0;0;0;48;2;0;0;0m▀[38;2;0;0;0;48;2;0;0;0m▀[38;2;255;171;9;48;2;255;190;8m▀[38;2;255;126;2;48;2;255;157;3m▀[38;2;255;196;8;48;2;255;218;8m▀[38;2;0;0;0;48;2;0;0;0m▀[38;2;0;0;0;48;2;0;0;0m▀[38;2;100;83;2;48;2;255;221;48m▀[38;2;255;170;2;48;2;255;218;6m▀[38;2;196;138;6;48;2;252;173;3m▀[38;2;0;0;0;48;2;0;0;0m▀[38;2;255;226;11;48;2;255;232;10m▀[38;2;83;46;2;48;2;83;51;1m▀[38;2;0;0;0;48;2;0;0;0m▀[38;2;219;141;7;48;2;85;20;1m▀[38;2;0;0;0;48;2;0;0;0m▀[38;2;152;103;5;48;2;158;109;5m▀[38;2;255;156;5;48;2;255;159;2m▀[38;2;255;210;11;48;2;255;222;12m▀[38;2;0;0;0;48;2;0;0;0m▀[38;2;80;89;7;48;2;82;82;4m▀[38;2;255;160;4;48;2;255;170;4m▀[38;2;255;130;4;48;2;255;165;4m▀[38;2;167;124;7;48;2;163;121;6m▀[38;2;0;0;0;48;2;0;0;0m▀[38;2;0;0;0;48;2;0;0;0m▀[38;2;0;0;0;48;2;0;0;0m▀[38;2;0;0;0;48;2;0;0;0m▀[38;2;0;0;0;48;2;0;0;0m▀[38;2;0;0;0;48;2;0;0;0m▀[38;2;0;0;0;48;2;0;0;0m▀[38;2;0;0;0;48;2;0;0;0m▀[38;2;0;0;0;48;2;0;0;0m▀[38;2;0;0;0;48;2;0;0;0m▀[38;2;0;0;0;48;2;0;0;0m▀[38;2;0;0;0;48;2;0;0;0m▀[38;2;0;0;0;48;2;0;0;0m▀[38;2;0;0;0;48;2;0;0;0m▀[38;2;0;0;0;48;2;0;0;0m▀[0m
[38;2;0;0;0;48;2;0;0;0m▀[38;2;0;0;0;48;2;0;0;0m▀[38;2;0;0;0;48;2;0;0;0m▀[38;2;0;0;0;48;2;0;0;0m▀[38;2;0;0;0;48;2;0;0;0m▀[38;2;0;0;0;48;2;0;0;0m▀[38;2;0;0;0;48;2;0;0;0m▀[38;2;0;0;0;48;2;0;0;0m▀[38;2;0;0;0;48;2;0;0;0m▀[38;2;0;0;0;48;2;0;0;0m▀[38;2;0;0;0;48;2;0;0;0m▀[38;2;0;0;0;48;2;0;0;0m▀[38;2;0;0;0;48;2;0;0;0m▀[38;2;255;213;22;48;2;255;235;38m▀[38;2;255;162;3;48;2;254;171;2m▀[38;2;255;170;2;48;2;255;199;6m▀[38;2;147;79;2;48;2;136;115;29m▀[38;2;0;0;0;48;2;127;121;59m▀[38;2;0;0;0;48;2;255;229;44m▀[38;2;0;0;0;48;2;255;253;23m▀[38;2;98;74;23;48;2;255;249;11m▀[38;2;238;190;57;48;2;255;242;17m▀[38;2;255;246;22;48;2;255;255;57m▀[38;2;230;97;0;48;2;244;117;24m▀[38;2;0;0;0;48;2;0;0;0m▀[38;2;0;0;0;48;2;0;0;0m▀[38;2;204;143;8;48;2;130;100;5m▀[38;2;137;76;5;48;2;0;0;0m▀[38;2;0;0;0;48;2;0;0;0m▀[38;2;0;0;0;48;2;0;0;0m▀[38;2;0;0;0;48;2;0;0;0m▀[38;2;0;0;0;48;2;0;0;0m▀[38;2;0;0;0;48;2;0;0;0m▀[38;2;0;0;0;48;2;0;0;0m▀[38;2;0;0;0;48;2;0;0;0m▀[38;2;0;0;0;48;2;0;0;0m▀[38;2;0;0;0;48;2;0;0;0m▀[38;2;0;0;0;48;2;0;0;0m▀[38;2;0;0;0;48;2;0;0;0m▀[38;2;0;0;0;48;2;0;0;0m▀[38;2;0;0;0;48;2;0;0;0m▀[38;2;224;179;15;48;2;255;255;84m▀[38;2;255;217;1;48;2;229;173;40m▀[38;2;255;240;12;48;2;135;89;34m▀[38;2;0;0;0;48;2;96;37;11m▀[38;2;0;0;0;48;2;0;0;0m▀[38;2;0;0;0;48;2;0;0;0m▀[38;2;0;0;0;48;2;0;0;0m▀[38;2;0;0;0;48;2;0;0;0m▀[38;2;0;0;0;48;2;0;0;0m▀[38;2;0;0;0;48;2;0;0;0m▀[38;2;0;0;0;48;2;0;0;0m▀[38;2;0;0;0;48;2;0;0;0m▀[38;2;0;0;0;48;2;0;0;0m▀[38;2;0;0;0;48;2;0;0;0m▀[38;2;0;0;0;48;2;0;0;0m▀[38;2;0;0;0;48;2;0;0;0m▀[38;2;0;0;0;48;2;0;0;0m▀[38;2;0;0;0;48;2;0;0;0m▀[38;2;0;0;0;48;2;0;0;0m▀[38;2;0;0;0;48;2;0;0;0m▀[38;2;0;0;0;48;2;214;86;31m▀[38;2;255;255;40;48;2;82;0;0m▀[38;2;255;244;14;48;2;0;0;0m▀[38;2;255;255;25;48;2;0;0;0m▀[38;2;255;253;17;48;2;0;0;0m▀[38;2;255;255;41;48;2;0;0;0m▀[38;2;255;255;24;48;2;0;0;0m▀[38;2;255;255;35;48;2;0;0;0m▀[38;2;255;255;20;48;2;106;48;8m▀[38;2;0;0;0;48;2;0;0;0m▀[38;2;0;0;0;48;2;0;0;0m▀[38;2;0;0;0;48;2;0;0;0m▀[38;2;0;0;0;48;2;0;0;0m▀[38;2;0;0;0;48;2;0;0;0m▀[38;2;0;0;0;48;2;0;0;0m▀[38;2;0;0;0;48;2;0;0;0m▀[38;2;0;0;0;48;2;0;0;0m▀[38;2;0;0;0;48;2;0;0;0m▀[38;2;0;0;0;48;2;0;0;0m▀[38;2;0;0;0;48;2;0;0;0m▀[38;2;0;0;0;48;2;0;0;0m▀[38;2;0;0;0;48;2;0;0;0m▀[38;2;255;212;37;48;2;251;204;39m▀[38;2;255;193;2;48;2;255;184;0m▀[38;2;255;230;16;48;2;255;238;26m▀[38;2;0;0;0;48;2;0;0;0m▀[38;2;0;0;0;48;2;0;0;0m▀[38;2;59;26;9;48;2;0;0;0m▀[38;2;103;61;12;48;2;0;0;0m▀[38;2;214;143;53;48;2;0;0;0m▀[38;2;73;57;14;48;2;0;0;0m▀[38;2;255;255;55;48;2;0;0;0m▀[38;2;223;165;38;48;2;112;17;0m▀[38;2;0;0;0;48;2;0;0;0m▀[38;2;0;0;0;48;2;0;0;0m▀[38;2;0;0;0;48;2;0;0;0m▀[38;2;144;120;21;48;2;255;255;43m▀[38;2;255;194;4;48;2;255;242;16m▀[38;2;255;240;12;48;2;255;253;8m▀[38;2;0;0;0;48;2;0;0;0m▀[38;2;77;83;19;48;2;56;71;43m▀[38;2;255;192;2;48;2;255;204;1m▀[38;2;255;168;4;48;2;255;201;7m▀[38;2;169;140;14;48;2;135;114;28m▀[38;2;0;0;0;48;2;0;0;0m▀[38;2;0;0;0;48;2;0;0;0m▀[38;2;0;0;0;48;2;46;61;31m▀[38;2;255;109;37;48;2;252;156;72m▀[38;2;0;0;0;48;2;0;0;0m▀[38;2;0;0;0;48;2;0;0;0m▀[38;2;0;0;0;48;2;0;0;0m▀[38;2;0;0;0;48;2;0;0;0m▀[38;2;0;0;0;48;2;0;0;0m▀[38;2;0;0;0;48;2;0;0;0m▀[38;2;0;0;0;48;2;0;0;0m▀[38;2;0;0;0;48;2;0;0;0m▀[38;2;0;0;0;48;2;0;0;0m▀[38;2;0;0;0;48;2;0;0;0m▀[38;2;0;0;0;48;2;0;0;0m▀[0m
[38;2;0;0;0;48;2;0;0;0m▀[38;2;0;0;0;48;2;0;0;0m▀[38;2;0;0;0;48;2;0;0;0m▀[38;2;0;0;0;48;2;0;0;0m▀[38;2;0;0;0;48;2;0;0;0m▀[38;2;0;0;0;48;2;0;0;0m▀[38;2;0;0;0;48;2;0;0;0m▀[38;2;0;0;0;48;2;0;0;0m▀[38;2;0;0;0;48;2;0;0;0m▀[38;2;0;0;0;48;2;0;0;0m▀[38;2;0;0;0;48;2;0;0;0m▀[38;2;0;0;0;48;2;0;0;0m▀[38;2;0;0;0;48;2;127;95;30m▀[38;2;255;237;28;48;2;255;226;1m▀[38;2;254;181;2;48;2;255;221;8m▀[38;2;255;196;2;48;2;255;255;52m▀[38;2;255;223;4;48;2;218;171;55m▀[38;2;255;255;21;48;2;143;45;34m▀[38;2;255;255;53;48;2;92;0;0m▀[38;2;226;167;33;48;2;0;0;0m▀[38;2;158;79;32;48;2;0;0;0m▀[38;2;123;0;10;48;2;0;0;0m▀[38;2;60;0;0;48;2;0;0;0m▀[38;2;87;0;0;48;2;0;0;0m▀[38;2;0;0;0;48;2;0;0;0m▀[38;2;0;0;0;48;2;0;0;0m▀[38;2;0;0;0;48;2;0;0;0m▀[38;2;0;0;0;48;2;0;0;0m▀[38;2;0;0;0;48;2;0;0;0m▀[38;2;0;0;0;48;2;0;0;0m▀[38;2;0;0;0;48;2;0;0;0m▀[38;2;0;0;0;48;2;0;0;0m▀[38;2;0;0;0;48;2;0;0;0m▀[38;2;0;0;0;48;2;0;0;0m▀[38;2;0;0;0;48;2;0;0;0m▀[38;2;0;0;0;48;2;0;0;0m▀[38;2;0;0;0;48;2;0;0;0m▀[38;2;0;0;0;48;2;0;0;0m▀[38;2;0;0;0;48;2;0;0;0m▀[38;2;0;0;0;48;2;0;0;0m▀[38;2;219;149;47;48;2;0;0;0m▀[38;2;72;0;4;48;2;0;0;0m▀[38;2;0;0;0;48;2;0;0;0m▀[38;2;0;0;0;48;2;0;0;0m▀[38;2;0;0;0;48;2;0;0;0m▀[38;2;0;0;0;48;2;0;0;0m▀[38;2;0;0;0;48;2;0;0;0m▀[38;2;0;0;0;48;2;0;0;0m▀[38;2;0;0;0;48;2;0;0;0m▀[38;2;0;0;0;48;2;0;0;0m▀[38;2;0;0;0;48;2;0;0;0m▀[38;2;0;0;0;48;2;0;0;0m▀[38;2;0;0;0;48;2;0;0;0m▀[38;2;0;0;0;48;2;0;0;0m▀[38;2;0;0;0;48;2;0;0;0m▀[38;2;0;0;0;48;2;0;0;0m▀[38;2;0;0;0;48;2;0;0;0m▀[38;2;0;0;0;48;2;0;0;0m▀[38;2;0;0;0;48;2;0;0;0m▀[38;2;0;0;0;48;2;0;0;0m▀[38;2;0;0;0;48;2;0;0;0m▀[38;2;0;0;0;48;2;0;0;0m▀[38;2;0;0;0;48;2;0;0;0m▀[38;2;0;0;0;48;2;0;0;0m▀[38;2;0;0;0;48;2;0;0;0m▀[38;2;0;0;0;48;2;0;0;0m▀[38;2;0;0;0;48;2;0;0;0m▀[38;2;0;0;0;48;2;0;0;0m▀[38;2;0;0;0;48;2;0;0;0m▀[38;2;0;0;0;48;2;0;0;0m▀[38;2;0;0;0;48;2;0;0;0m▀[38;2;0;0;0;48;2;0;0;0m▀[38;2;0;0;0;48;2;0;0;0m▀[38;2;0;0;0;48;2;0;0;0m▀[38;2;0;0;0;48;2;0;0;0m▀[38;2;0;0;0;48;2;0;0;0m▀[38;2;0;0;0;48;2;0;0;0m▀[38;2;0;0;0;48;2;0;0;0m▀[38;2;0;0;0;48;2;0;0;0m▀[38;2;0;0;0;48;2;0;0;0m▀[38;2;0;0;0;48;2;0;0;0m▀[38;2;0;0;0;48;2;0;0;0m▀[38;2;160;151;63;48;2;153;8;1m▀[38;2;255;255;101;48;2;255;240;40m▀[38;2;255;238;81;48;2;255;251;78m▀[38;2;255;255;81;48;2;255;253;44m▀[38;2;225;220;88;48;2;228;99;20m▀[38;2;63;37;7;48;2;0;0;0m▀[38;2;0;0;0;48;2;0;0;0m▀[38;2;0;0;0;48;2;0;0;0m▀[38;2;0;0;0;48;2;0;0;0m▀[38;2;0;0;0;48;2;0;0;0m▀[38;2;0;0;0;48;2;0;0;0m▀[38;2;0;0;0;48;2;0;0;0m▀[38;2;0;0;0;48;2;0;0;0m▀[38;2;0;0;0;48;2;0;0;0m▀[38;2;0;0;0;48;2;0;0;0m▀[38;2;71;0;0;48;2;0;0;0m▀[38;2;141;61;30;48;2;0;0;0m▀[38;2;255;194;58;48;2;0;0;0m▀[38;2;147;137;31;48;2;0;0;0m▀[38;2;255;242;57;48;2;131;30;24m▀[38;2;255;223;0;48;2;210;145;61m▀[38;2;255;199;0;48;2;255;255;58m▀[38;2;255;221;24;48;2;255;245;22m▀[38;2;201;154;36;48;2;255;210;0m▀[38;2;86;74;39;48;2;255;200;0m▀[38;2;255;255;50;48;2;255;232;5m▀[38;2;219;117;32;48;2;198;97;14m▀[38;2;0;0;0;48;2;0;0;0m▀[38;2;0;0;0;48;2;0;0;0m▀[38;2;0;0;0;48;2;0;0;0m▀[38;2;0;0;0;48;2;0;0;0m▀[38;2;0;0;0;48;2;0;0;0m▀[38;2;0;0;0;48;2;0;0;0m▀[38;2;0;0;0;48;2;0;0;0m▀[38;2;0;0;0;48;2;0;0;0m▀[38;2;0;0;0;48;2;0;0;0m▀[38;2;0;0;0;48;2;0;0;0m▀[38;2;0;0;0;48;2;0;0;0m▀[0m
[38;2;0;0;0;48;2;0;0;0m▀[38;2;0;0;0;48;2;0;0;0m▀[38;2;0;0;0;48;2;0;0;0m▀[38;2;0;0;0;48;2;0;0;0m▀[38;2;0;0;0;48;2;0;0;0m▀[38;2;0;0;0;48;2;0;0;0m▀[38;2;0;0;0;48;2;0;0;0m▀[38;2;0;0;0;48;2;0;0;0m▀[38;2;0;0;0;48;2;0;0;0m▀[38;2;0;0;0;48;2;0;0;0m▀[38;2;0;0;0;48;2;0;0;0m▀[38;2;0;0;0;48;2;242;235;69m▀[38;2;255;255;44;48;2;231;145;56m▀[38;2;255;255;63;48;2;97;0;0m▀[38;2;187;112;45;48;2;73;0;0m▀[38;2;119;0;4;48;2;0;0;0m▀[38;2;101;0;0;48;2;0;0;0m▀[38;2;0;0;0;48;2;0;0;0m▀[38;2;0;0;0;48;2;0;0;0m▀[38;2;0;0;0;48;2;0;0;0m▀[38;2;0;0;0;48;2;0;0;0m▀[38;2;0;0;0;48;2;0;0;0m▀[38;2;0;0;0;48;2;0;0;0m▀[38;2;0;0;0;48;2;0;0;0m▀[38;2;0;0;0;48;2;0;0;0m▀[38;2;0;0;0;48;2;0;0;0m▀[38;2;0;0;0;48;2;0;0;0m▀[38;2;0;0;0;48;2;0;0;0m▀[38;2;0;0;0;48;2;0;0;0m▀[38;2;0;0;0;48;2;0;0;0m▀[38;2;0;0;0;48;2;0;0;0m▀[38;2;0;0;0;48;2;0;0;0m▀[38;2;0;0;0;48;2;0;0;0m▀[38;2;0;0;0;48;2;0;0;0m▀[38;2;0;0;0;48;2;0;0;0m▀[38;2;0;0;0;48;2;0;0;0m▀[38;2;0;0;0;48;2;0;0;0m▀[38;2;0;0;0;48;2;0;0;0m▀[38;2;0;0;0;48;2;0;0;0m▀[38;2;0;0;0;48;2;0;0;0m▀[38;2;0;0;0;48;2;0;0;0m▀[38;2;0;0;0;48;2;0;0;0m▀[38;2;0;0;0;48;2;0;0;0m▀[38;2;0;0;0;48;2;0;0;0m▀[38;2;0;0;0;48;2;0;0;0m▀[38;2;0;0;0;48;2;0;0;0m▀[38;2;0;0;0;48;2;0;0;0m▀[38;2;0;0;0;48;2;0;0;0m▀[38;2;0;0;0;48;2;0;0;0m▀[38;2;0;0;0;48;2;0;0;0m▀[38;2;0;0;0;48;2;0;0;0m▀[38;2;0;0;0;48;2;0;0;0m▀[38;2;0;0;0;48;2;0;0;0m▀[38;2;0;0;0;48;2;0;0;0m▀[38;2;0;0;0;48;2;0;0;0m▀[38;2;0;0;0;48;2;0;0;0m▀[38;2;0;0;0;48;2;0;0;0m▀[38;2;0;0;0;48;2;0;0;0m▀[38;2;0;0;0;48;2;0;0;0m▀[38;2;0;0;0;48;2;0;0;0m▀[38;2;0;0;0;48;2;0;0;0m▀[38;2;0;0;0;48;2;0;0;0m▀[38;2;0;0;0;48;2;0;0;0m▀[38;2;0;0;0;48;2;0;0;0m▀[38;2;0;0;0;48;2;0;0;0m▀[38;2;0;0;0;48;2;0;0;0m▀[38;2;0;0;0;48;2;0;0;0m▀[38;2;0;0;0;48;2;0;0;0m▀[38;2;0;0;0;48;2;0;0;0m▀[38;2;0;0;0;48;2;0;0;0m▀[38;2;0;0;0;48;2;0;0;0m▀[38;2;0;0;0;48;2;0;0;0m▀[38;2;0;0;0;48;2;0;0;0m▀[38;2;0;0;0;48;2;0;0;0m▀[38;2;0;0;0;48;2;0;0;0m▀[38;2;0;0;0;48;2;0;0;0m▀[38;2;0;0;0;48;2;0;0;0m▀[38;2;0;0;0;48;2;0;0;0m▀[38;2;0;0;0;48;2;0;0;0m▀[38;2;0;0;0;48;2;0;0;0m▀[38;2;0;0;0;48;2;0;0;0m▀[38;2;0;0;0;48;2;0;0;0m▀[38;2;0;0;0;48;2;0;0;0m▀[38;2;192;38;0;48;2;0;0;0m▀[38;2;255;255;29;48;2;255;255;19m▀[38;2;255;150;0;48;2;178;33;3m▀[38;2;0;0;0;48;2;0;0;0m▀[38;2;0;0;0;48;2;0;0;0m▀[38;2;0;0;0;48;2;0;0;0m▀[38;2;0;0;0;48;2;0;0;0m▀[38;2;0;0;0;48;2;0;0;0m▀[38;2;0;0;0;48;2;0;0;0m▀[38;2;0;0;0;48;2;0;0;0m▀[38;2;0;0;0;48;2;0;0;0m▀[38;2;0;0;0;48;2;0;0;0m▀[38;2;0;0;0;48;2;0;0;0m▀[38;2;0;0;0;48;2;0;0;0m▀[38;2;0;0;0;48;2;0;0;0m▀[38;2;0;0;0;48;2;0;0;0m▀[38;2;0;0;0;48;2;0;0;0m▀[38;2;0;0;0;48;2;0;0;0m▀[38;2;0;0;0;48;2;0;0;0m▀[38;2;0;0;0;48;2;0;0;0m▀[38;2;0;0;0;48;2;0;0;0m▀[38;2;144;54;24;48;2;0;0;0m▀[38;2;255;217;63;48;2;0;0;0m▀[38;2;255;243;20;48;2;155;47;28m▀[38;2;255;233;3;48;2;255;255;46m▀[38;2;203;103;24;48;2;247;133;26m▀[38;2;0;0;0;48;2;0;0;0m▀[38;2;0;0;0;48;2;0;0;0m▀[38;2;0;0;0;48;2;0;0;0m▀[38;2;0;0;0;48;2;0;0;0m▀[38;2;0;0;0;48;2;0;0;0m▀[38;2;0;0;0;48;2;0;0;0m▀[38;2;0;0;0;48;2;0;0;0m▀[38;2;0;0;0;48;2;0;0;0m▀[38;2;0;0;0;48;2;0;0;0m▀[38;2;0;0;0;48;2;0;0;0m▀[38;2;0;0;0;48;2;0;0;0m▀[0m
[38;2;0;0;0;48;2;0;0;0m▀[38;2;0;0;0;48;2;0;0;0m▀[38;2;0;0;0;48;2;0;0;0m▀[38;2;0;0;0;48;2;0;0;0m▀[38;2;0;0;0;48;2;0;0;0m▀[38;2;0;0;0;48;2;0;0;0m▀[38;2;0;0;0;48;2;0;0;0m▀[38;2;0;0;0;48;2;0;0;0m▀[38;2;0;0;0;48;2;0;0;0m▀[38;2;0;0;0;48;2;0;0;0m▀[38;2;87;41;8;48;2;0;0;0m▀[38;2;199;3;4;48;2;0;0;0m▀[38;2;72;0;0;48;2;0;0;0m▀[38;2;0;0;0;48;2;0;0;0m▀[38;2;0;0;0;48;2;0;0;0m▀[38;2;0;0;0;48;2;0;0;0m▀[38;2;0;0;0;48;2;0;0;0m▀[38;2;0;0;0;48;2;0;0;0m▀[38;2;0;0;0;48;2;0;0;0m▀[38;2;0;0;0;48;2;0;0;0m▀[38;2;0;0;0;48;2;0;0;0m▀[38;2;0;0;0;48;2;0;0;0m▀[38;2;0;0;0;48;2;0;0;0m▀[38;2;0;0;0;48;2;0;0;0m▀[38;2;0;0;0;48;2;0;0;0m▀[38;2;0;0;0;48;2;0;0;0m▀[38;2;0;0;0;48;2;0;0;0m▀[38;2;0;0;0;48;2;0;0;0m▀[38;2;0;0;0;48;2;0;0;0m▀[38;2;0;0;0;48;2;0;0;0m▀[38;2;0;0;0;48;2;0;0;0m▀[38;2;0;0;0;48;2;0;0;0m▀[38;2;0;0;0;48;2;0;0;0m▀[38;2;0;0;0;48;2;0;0;0m▀[38;2;0;0;0;48;2;0;0;0m▀[38;2;0;0;0;48;2;0;0;0m▀[38;2;0;0;0;48;2;0;0;0m▀[38;2;0;0;0;48;2;0;0;0m▀[38;2;0;0;0;48;2;0;0;0m▀[38;2;0;0;0;48;2;0;0;0m▀[38;2;0;0;0;48;2;0;0;0m▀[38;2;0;0;0;48;2;0;0;0m▀[38;2;0;0;0;48;2;0;0;0m▀[38;2;0;0;0;48;2;0;0;0m▀[38;2;0;0;0;48;2;0;0;0m▀[38;2;0;0;0;48;2;0;0;0m▀[38;2;0;0;0;48;2;0;0;0m▀[38;2;0;0;0;48;2;0;0;0m▀[38;2;0;0;0;48;2;0;0;0m▀[38;2;0;0;0;48;2;0;0;0m▀[38;2;0;0;0;48;2;0;0;0m▀[38;2;0;0;0;48;2;0;0;0m▀[38;2;0;0;0;48;2;0;0;0m▀[38;2;0;0;0;48;2;0;0;0m▀[38;2;0;0;0;48;2;0;0;0m▀[38;2;0;0;0;48;2;0;0;0m▀[38;2;0;0;0;48;2;0;0;0m▀[38;2;0;0;0;48;2;0;0;0m▀[38;2;0;0;0;48;2;0;0;0m▀[38;2;0;0;0;48;2;0;0;0m▀[38;2;0;0;0;48;2;0;0;0m▀[38;2;0;0;0;48;2;0;0;0m▀[38;2;0;0;0;48;2;0;0;0m▀[38;2;0;0;0;48;2;0;0;0m▀[38;2;0;0;0;48;2;0;0;0m▀[38;2;0;0;0;48;2;0;0;0m▀[38;2;0;0;0;48;2;0;0;0m▀[38;2;0;0;0;48;2;0;0;0m▀[38;2;0;0;0;48;2;0;0;0m▀[38;2;0;0;0;48;2;0;0;0m▀[38;2;0;0;0;48;2;0;0;0m▀[38;2;0;0;0;48;2;0;0;0m▀[38;2;0;0;0;48;2;0;0;0m▀[38;2;0;0;0;48;2;0;0;0m▀[38;2;0;0;0;48;2;0;0;0m▀[38;2;0;0;0;48;2;0;0;0m▀[38;2;0;0;0;48;2;0;0;0m▀[38;2;0;0;0;48;2;0;0;0m▀[38;2;0;0;0;48;2;0;0;0m▀[38;2;0;0;0;48;2;0;0;0m▀[38;2;0;0;0;48;2;0;0;0m▀[38;2;0;0;0;48;2;0;0;0m▀[38;2;0;0;0;48;2;0;0;0m▀[38;2;0;0;0;48;2;0;0;0m▀[38;2;255;157;15;48;2;94;0;1m▀[38;2;0;0;0;48;2;0;0;0m▀[38;2;0;0;0;48;2;0;0;0m▀[38;2;0;0;0;48;2;0;0;0m▀[38;2;0;0;0;48;2;0;0;0m▀[38;2;0;0;0;48;2;0;0;0m▀[38;2;0;0;0;48;2;0;0;0m▀[38;2;0;0;0;48;2;0;0;0m▀[38;2;0;0;0;48;2;0;0;0m▀[38;2;0;0;0;48;2;0;0;0m▀[38;2;0;0;0;48;2;0;0;0m▀[38;2;0;0;0;48;2;0;0;0m▀[38;2;0;0;0;48;2;0;0;0m▀[38;2;0;0;0;48;2;0;0;0m▀[38;2;0;0;0;48;2;0;0;0m▀[38;2;0;0;0;48;2;0;0;0m▀[38;2;0;0;0;48;2;0;0;0m▀[38;2;0;0;0;48;2;0;0;0m▀[38;2;0;0;0;48;2;0;0;0m▀[38;2;0;0;0;48;2;0;0;0m▀[38;2;0;0;0;48;2;0;0;0m▀[38;2;0;0;0;48;2;0;0;0m▀[38;2;0;0;0;48;2;0;0;0m▀[38;2;93;0;0;48;2;0;0;0m▀[38;2;177;51;8;48;2;84;0;1m▀[38;2;0;0;0;48;2;0;0;0m▀[38;2;0;0;0;48;2;0;0;0m▀[38;2;0;0;0;48;2;0;0;0m▀[38;2;0;0;0;48;2;0;0;0m▀[38;2;0;0;0;48;2;0;0;0m▀[38;2;0;0;0;48;2;0;0;0m▀[38;2;0;0;0;48;2;0;0;0m▀[38;2;0;0;0;48;2;0;0;0m▀[38;2;0;0;0;48;2;0;0;0m▀[38;2;0;0;0;48;2;0;0;0m▀[38;2;0;0;0;48;2;0;0;0m▀[0m
[38;2;0;0;0;48;2;0;0;0m▀[38;2;0;0;0;48;2;0;0;0m▀[38;2;0;0;0;48;2;0;0;0m▀[38;2;0;0;0;48;2;0;0;0m▀[38;2;0;0;0;48;2;0;0;0m▀[38;2;0;0;0;48;2;0;0;0m▀[38;2;0;0;0;48;2;0;0;0m▀[38;2;0;0;0;48;2;0;0;0m▀[38;2;0;0;0;48;2;0;0;0m▀[38;2;0;0;0;48;2;0;0;0m▀[38;2;0;0;0;48;2;0;0;0m▀[38;2;0;0;0;48;2;0;0;0m▀[38;2;0;0;0;48;2;0;0;0m▀[38;2;0;0;0;48;2;0;0;0m▀[38;2;0;0;0;48;2;0;0;0m▀[38;2;0;0;0;48;2;0;0;0m▀[38;2;0;0;0;48;2;0;0;0m▀[38;2;0;0;0;48;2;0;0;0m▀[38;2;0;0;0;48;2;0;0;0m▀[38;2;0;0;0;48;2;0;0;0m▀[38;2;0;0;0;48;2;0;0;0m▀[38;2;0;0;0;48;2;0;0;0m▀[38;2;0;0;0;48;2;0;0;0m▀[38;2;0;0;0;48;2;0;0;0m▀[38;2;0;0;0;48;2;0;0;0m▀[38;2;0;0;0;48;2;0;0;0m▀[38;2;0;0;0;48;2;0;0;0m▀[38;2;0;0;0;48;2;0;0;0m▀[38;2;0;0;0;48;2;0;0;0m▀[38;2;0;0;0;48;2;0;0;0m▀[38;2;0;0;0;48;2;0;0;0m▀[38;2;0;0;0;48;2;0;0;0m▀[38;2;0;0;0;48;2;0;0;0m▀[38;2;0;0;0;48;2;0;0;0m▀[38;2;0;0;0;48;2;0;0;0m▀[38;2;0;0;0;48;2;0;0;0m▀[38;2;0;0;0;48;2;0;0;0m▀[38;2;0;0;0;48;2;0;0;0m▀[38;2;0;0;0;48;2;0;0;0m▀[38;2;0;0;0;48;2;0;0;0m▀[38;2;0;0;0;48;2;0;0;0m▀[38;2;0;0;0;48;2;0;0;0m▀[38;2;0;0;0;48;2;0;0;0m▀[38;2;0;0;0;48;2;0;0;0m▀[38;2;0;0;0;48;2;0;0;0m▀[38;2;0;0;0;48;2;0;0;0m▀[38;2;0;0;0;48;2;0;0;0m▀[38;2;0;0;0;48;2;0;0;0m▀[38;2;0;0;0;48;2;0;0;0m▀[38;2;0;0;0;48;2;0;0;0m▀[38;2;0;0;0;48;2;0;0;0m▀[38;2;0;0;0;48;2;0;0;0m▀[38;2;0;0;0;48;2;0;0;0m▀[38;2;0;0;0;48;2;0;0;0m▀[38;2;0;0;0;48;2;0;0;0m▀[38;2;0;0;0;48;2;0;0;0m▀[38;2;0;0;0;48;2;0;0;0m▀[38;2;0;0;0;48;2;0;0;0m▀[38;2;0;0;0;48;2;0;0;0m▀[38;2;0;0;0;48;2;0;0;0m▀[38;2;0;0;0;48;2;0;0;0m▀[38;2;0;0;0;48;2;0;0;0m▀[38;2;0;0;0;48;2;0;0;0m▀[38;2;0;0;0;48;2;0;0;0m▀[38;2;0;0;0;48;2;0;0;0m▀[38;2;0;0;0;48;2;0;0;0m▀[38;2;0;0;0;48;2;0;0;0m▀[38;2;0;0;0;48;2;0;0;0m▀[38;2;0;0;0;48;2;0;0;0m▀[38;2;0;0;0;48;2;0;0;0m▀[38;2;0;0;0;48;2;0;0;0m▀[38;2;0;0;0;48;2;0;0;0m▀[38;2;0;0;0;48;2;0;0;0m▀[38;2;0;0;0;48;2;0;0;0m▀[38;2;0;0;0;48;2;0;0;0m▀[38;2;0;0;0;48;2;0;0;0m▀[38;2;0;0;0;48;2;0;0;0m▀[38;2;0;0;0;48;2;0;0;0m▀[38;2;0;0;0;48;2;0;0;0m▀[38;2;0;0;0;48;2;0;0;0m▀[38;2;0;0;0;48;2;0;0;0m▀[38;2;0;0;0;48;2;0;0;0m▀[38;2;0;0;0;48;2;0;0;0m▀[38;2;0;0;0;48;2;0;0;0m▀[38;2;0;0;0;48;2;0;0;0m▀[38;2;0;0;0;48;2;0;0;0m▀[38;2;0;0;0;48;2;0;0;0m▀[38;2;0;0;0;48;2;0;0;0m▀[38;2;0;0;0;48;2;0;0;0m▀[38;2;0;0;0;48;2;0;0;0m▀[38;2;0;0;0;48;2;0;0;0m▀[38;2;0;0;0;48;2;0;0;0m▀[38;2;0;0;0;48;2;0;0;0m▀[38;2;0;0;0;48;2;0;0;0m▀[38;2;0;0;0;48;2;0;0;0m▀[38;2;0;0;0;48;2;0;0;0m▀[38;2;0;0;0;48;2;0;0;0m▀[38;2;0;0;0;48;2;0;0;0m▀[38;2;0;0;0;48;2;0;0;0m▀[38;2;0;0;0;48;2;0;0;0m▀[38;2;0;0;0;48;2;0;0;0m▀[38;2;0;0;0;48;2;0;0;0m▀[38;2;0;0;0;48;2;0;0;0m▀[38;2;0;0;0;48;2;0;0;0m▀[38;2;0;0;0;48;2;0;0;0m▀[38;2;0;0;0;48;2;0;0;0m▀[38;2;0;0;0;48;2;0;0;0m▀[38;2;0;0;0;48;2;0;0;0m▀[38;2;0;0;0;48;2;0;0;0m▀[38;2;0;0;0;48;2;0;0;0m▀[38;2;0;0;0;48;2;0;0;0m▀[38;2;0;0;0;48;2;0;0;0m▀[38;2;0;0;0;48;2;0;0;0m▀[38;2;0;0;0;48;2;0;0;0m▀[38;2;0;0;0;48;2;0;0;0m▀[38;2;0;0;0;48;2;0;0;0m▀[38;2;0;0;0;48;2;0;0;0m▀[38;2;0;0;0;48;2;0;0;0m▀[38;2;0;0;0;48;2;0;0;0m▀[38;2;0;0;0;48;2;0;0;0m▀[0m
[38;2;0;0;0;48;2;0;0;0m▀[38;2;0;0;0;48;2;0;0;0m▀[38;2;0;0;0;48;2;0;0;0m▀[38;2;0;0;0;48;2;0;0;0m▀[38;2;0;0;0;48;2;0;0;0m▀[38;2;0;0;0;48;2;0;0;0m▀[38;2;0;0;0;48;2;0;0;0m▀[38;2;0;0;0;48;2;0;0;0m▀[38;2;0;0;0;48;2;0;0;0m▀[38;2;0;0;0;48;2;0;0;0m▀[38;2;0;0;0;48;2;0;0;0m▀[38;2;0;0;0;48;2;0;0;0m▀[38;2;0;0;0;48;2;0;0;0m▀[38;2;0;0;0;48;2;0;0;0m▀[38;2;0;0;0;48;2;0;0;0m▀[38;2;0;0;0;48;2;0;0;0m▀[38;2;0;0;0;48;2;0;0;0m▀[38;2;0;0;0;48;2;0;0;0m▀[38;2;0;0;0;48;2;0;0;0m▀[38;2;0;0;0;48;2;0;0;0m▀[38;2;0;0;0;48;2;0;0;0m▀[38;2;0;0;0;48;2;0;0;0m▀[38;2;0;0;0;48;2;0;0;0m▀[38;2;0;0;0;48;2;0;0;0m▀[38;2;0;0;0;48;2;0;0;0m▀[38;2;0;0;0;48;2;0;0;0m▀[38;2;0;0;0;48;2;0;0;0m▀[38;2;0;0;0;48;2;0;0;0m▀[38;2;0;0;0;48;2;0;0;0m▀[38;2;0;0;0;48;2;0;0;0m▀[38;2;0;0;0;48;2;0;0;0m▀[38;2;0;0;0;48;2;0;0;0m▀[38;2;0;0;0;48;2;0;0;0m▀[38;2;0;0;0;48;2;0;0;0m▀[38;2;0;0;0;48;2;0;0;0m▀[38;2;0;0;0;48;2;0;0;0m▀[38;2;0;0;0;48;2;0;0;0m▀[38;2;0;0;0;48;2;0;0;0m▀[38;2;0;0;0;48;2;0;0;0m▀[38;2;0;0;0;48;2;0;0;0m▀[38;2;0;0;0;48;2;0;0;0m▀[38;2;0;0;0;48;2;0;0;0m▀[38;2;0;0;0;48;2;0;0;0m▀[38;2;0;0;0;48;2;0;0;0m▀[38;2;0;0;0;48;2;0;0;0m▀[38;2;0;0;0;48;2;0;0;0m▀[38;2;0;0;0;48;2;0;0;0m▀[38;2;0;0;0;48;2;0;0;0m▀[38;2;0;0;0;48;2;0;0;0m▀[38;2;0;0;0;48;2;0;0;0m▀[38;2;0;0;0;48;2;0;0;0m▀[38;2;0;0;0;48;2;0;0;0m▀[38;2;0;0;0;48;2;0;0;0m▀[38;2;0;0;0;48;2;0;0;0m▀[38;2;0;0;0;48;2;0;0;0m▀[38;2;0;0;0;48;2;0;0;0m▀[38;2;0;0;0;48;2;0;0;0m▀[38;2;0;0;0;48;2;0;0;0m▀[38;2;0;0;0;48;2;0;0;0m▀[38;2;0;0;0;48;2;0;0;0m▀[38;2;0;0;0;48;2;0;0;0m▀[38;2;0;0;0;48;2;0;0;0m▀[38;2;0;0;0;48;2;0;0;0m▀[38;2;0;0;0;48;2;0;0;0m▀[38;2;0;0;0;48;2;0;0;0m▀[38;2;0;0;0;48;2;0;0;0m▀[38;2;0;0;0;48;2;0;0;0m▀[38;2;0;0;0;48;2;0;0;0m▀[38;2;0;0;0;48;2;0;0;0m▀[38;2;0;0;0;48;2;0;0;0m▀[38;2;0;0;0;48;2;0;0;0m▀[38;2;0;0;0;48;2;0;0;0m▀[38;2;0;0;0;48;2;0;0;0m▀[38;2;0;0;0;48;2;0;0;0m▀[38;2;0;0;0;48;2;0;0;0m▀[38;2;0;0;0;48;2;0;0;0m▀[38;2;0;0;0;48;2;0;0;0m▀[38;2;0;0;0;48;2;0;0;0m▀[38;2;0;0;0;48;2;0;0;0m▀[38;2;0;0;0;48;2;0;0;0m▀[38;2;0;0;0;48;2;0;0;0m▀[38;2;0;0;0;48;2;0;0;0m▀[38;2;0;0;0;48;2;0;0;0m▀[38;2;0;0;0;48;2;0;0;0m▀[38;2;0;0;0;48;2;0;0;0m▀[38;2;0;0;0;48;2;0;0;0m▀[38;2;0;0;0;48;2;0;0;0m▀[38;2;0;0;0;48;2;0;0;0m▀[38;2;0;0;0;48;2;0;0;0m▀[38;2;0;0;0;48;2;0;0;0m▀[38;2;0;0;0;48;2;0;0;0m▀[38;2;0;0;0;48;2;0;0;0m▀[38;2;0;0;0;48;2;0;0;0m▀[38;2;0;0;0;48;2;0;0;0m▀[38;2;0;0;0;48;2;0;0;0m▀[38;2;0;0;0;48;2;0;0;0m▀[38;2;0;0;0;48;2;0;0;0m▀[38;2;0;0;0;48;2;0;0;0m▀[38;2;0;0;0;48;2;0;0;0m▀[38;2;0;0;0;48;2;0;0;0m▀[38;2;0;0;0;48;2;0;0;0m▀[38;2;0;0;0;48;2;0;0;0m▀[38;2;0;0;0;48;2;0;0;0m▀[38;2;0;0;0;48;2;0;0;0m▀[38;2;0;0;0;48;2;0;0;0m▀[38;2;0;0;0;48;2;0;0;0m▀[38;2;0;0;0;48;2;0;0;0m▀[38;2;0;0;0;48;2;0;0;0m▀[38;2;0;0;0;48;2;0;0;0m▀[38;2;0;0;0;48;2;0;0;0m▀[38;2;0;0;0;48;2;0;0;0m▀[38;2;0;0;0;48;2;0;0;0m▀[38;2;0;0;0;48;2;0;0;0m▀[38;2;0;0;0;48;2;0;0;0m▀[38;2;0;0;0;48;2;0;0;0m▀[38;2;0;0;0;48;2;0;0;0m▀[38;2;0;0;0;48;2;0;0;0m▀[38;2;0;0;0;48;2;0;0;0m▀[38;2;0;0;0;48;2;0;0;0m▀[38;2;0;0;0;48;2;0;0;0m▀[0m
[38;2;0;0;0;48;2;0;0;0m▀[38;2;0;0;0;48;2;0;0;0m▀[38;2;0;0;0;48;2;0;0;0m▀[38;2;0;0;0;48;2;0;0;0m▀[38;2;0;0;0;48;2;0;0;0m▀[38;2;0;0;0;48;2;0;0;0m▀[38;2;0;0;0;48;2;0;0;0m▀[38;2;0;0;0;48;2;0;0;0m▀[38;2;0;0;0;48;2;0;0;0m▀[38;2;0;0;0;48;2;0;0;0m▀[38;2;0;0;0;48;2;0;0;0m▀[38;2;0;0;0;48;2;0;0;0m▀[38;2;0;0;0;48;2;0;0;0m▀[38;2;0;0;0;48;2;0;0;0m▀[38;2;0;0;0;48;2;0;0;0m▀[38;2;0;0;0;48;2;0;0;0m▀[38;2;0;0;0;48;2;0;0;0m▀[38;2;0;0;0;48;2;0;0;0m▀[38;2;0;0;0;48;2;0;0;0m▀[38;2;0;0;0;48;2;0;0;0m▀[38;2;0;0;0;48;2;0;0;0m▀[38;2;0;0;0;48;2;0;0;0m▀[38;2;0;0;0;48;2;0;0;0m▀[38;2;0;0;0;48;2;0;0;0m▀[38;2;0;0;0;48;2;0;0;0m▀[38;2;0;0;0;48;2;0;0;0m▀[38;2;0;0;0;48;2;0;0;0m▀[38;2;0;0;0;48;2;0;0;0m▀[38;2;0;0;0;48;2;0;0;0m▀[38;2;0;0;0;48;2;0;0;0m▀[38;2;0;0;0;48;2;0;0;0m▀[38;2;0;0;0;48;2;0;0;0m▀[38;2;0;0;0;48;2;0;0;0m▀[38;2;0;0;0;48;2;0;0;0m▀[38;2;0;0;0;48;2;0;0;0m▀[38;2;0;0;0;48;2;0;0;0m▀[38;2;0;0;0;48;2;0;0;0m▀[38;2;0;0;0;48;2;0;0;0m▀[38;2;0;0;0;48;2;0;0;0m▀[38;2;0;0;0;48;2;0;0;0m▀[38;2;0;0;0;48;2;0;0;0m▀[38;2;0;0;0;48;2;0;0;0m▀[38;2;0;0;0;48;2;0;0;0m▀[38;2;0;0;0;48;2;0;0;0m▀[38;2;0;0;0;48;2;0;0;0m▀[38;2;0;0;0;48;2;0;0;0m▀[38;2;0;0;0;48;2;0;0;0m▀[38;2;0;0;0;48;2;0;0;0m▀[38;2;0;0;0;48;2;0;0;0m▀[38;2;0;0;0;48;2;0;0;0m▀[38;2;0;0;0;48;2;0;0;0m▀[38;2;0;0;0;48;2;0;0;0m▀[38;2;0;0;0;48;2;0;0;0m▀[38;2;0;0;0;48;2;0;0;0m▀[38;2;0;0;0;48;2;0;0;0m▀[38;2;0;0;0;48;2;0;0;0m▀[38;2;0;0;0;48;2;0;0;0m▀[38;2;0;0;0;48;2;0;0;0m▀[38;2;0;0;0;48;2;0;0;0m▀[38;2;0;0;0;48;2;0;0;0m▀[38;2;0;0;0;48;2;0;0;0m▀[38;2;0;0;0;48;2;0;0;0m▀[38;2;0;0;0;48;2;0;0;0m▀[38;2;0;0;0;48;2;0;0;0m▀[38;2;0;0;0;48;2;0;0;0m▀[38;2;0;0;0;48;2;0;0;0m▀[38;2;0;0;0;48;2;0;0;0m▀[38;2;0;0;0;48;2;0;0;0m▀[38;2;0;0;0;48;2;0;0;0m▀[38;2;0;0;0;48;2;0;0;0m▀[38;2;0;0;0;48;2;0;0;0m▀[38;2;0;0;0;48;2;0;0;0m▀[38;2;0;0;0;48;2;0;0;0m▀[38;2;0;0;0;48;2;0;0;0m▀[38;2;0;0;0;48;2;0;0;0m▀[38;2;0;0;0;48;2;0;0;0m▀[38;2;0;0;0;48;2;0;0;0m▀[38;2;0;0;0;48;2;0;0;0m▀[38;2;0;0;0;48;2;0;0;0m▀[38;2;0;0;0;48;2;0;0;0m▀[38;2;0;0;0;48;2;0;0;0m▀[38;2;0;0;0;48;2;0;0;0m▀[38;2;0;0;0;48;2;0;0;0m▀[38;2;0;0;0;48;2;0;0;0m▀[38;2;0;0;0;48;2;0;0;0m▀[38;2;0;0;0;48;2;0;0;0m▀[38;2;0;0;0;48;2;0;0;0m▀[38;2;0;0;0;48;2;0;0;0m▀[38;2;0;0;0;48;2;0;0;0m▀[38;2;0;0;0;48;2;0;0;0m▀[38;2;0;0;0;48;2;0;0;0m▀[38;2;0;0;0;48;2;0;0;0m▀[38;2;0;0;0;48;2;0;0;0m▀[38;2;0;0;0;48;2;0;0;0m▀[38;2;0;0;0;48;2;0;0;0m▀[38;2;0;0;0;48;2;0;0;0m▀[38;2;0;0;0;48;2;0;0;0m▀[38;2;0;0;0;48;2;0;0;0m▀[38;2;0;0;0;48;2;0;0;0m▀[38;2;0;0;0;48;2;0;0;0m▀[38;2;0;0;0;48;2;0;0;0m▀[38;2;0;0;0;48;2;0;0;0m▀[38;2;0;0;0;48;2;0;0;0m▀[38;2;0;0;0;48;2;0;0;0m▀[38;2;0;0;0;48;2;0;0;0m▀[38;2;0;0;0;48;2;0;0;0m▀[38;2;0;0;0;48;2;0;0;0m▀[38;2;0;0;0;48;2;0;0;0m▀[38;2;0;0;0;48;2;0;0;0m▀[38;2;0;0;0;48;2;0;0;0m▀[38;2;0;0;0;48;2;0;0;0m▀[38;2;0;0;0;48;2;0;0;0m▀[38;2;0;0;0;48;2;0;0;0m▀[38;2;0;0;0;48;2;0;0;0m▀[38;2;0;0;0;48;2;0;0;0m▀[38;2;0;0;0;48;2;0;0;0m▀[38;2;0;0;0;48;2;0;0;0m▀[38;2;0;0;0;48;2;0;0;0m▀[38;2;0;0;0;48;2;0;0;0m▀[38;2;0;0;0;48;2;0;0;0m▀[0m
[38;2;0;0;0;48;2;0;0;0m▀[38;2;0;0;0;48;2;0;0;0m▀[38;2;0;0;0;48;2;0;0;0m▀[38;2;0;0;0;48;2;0;0;0m▀[38;2;0;0;0;48;2;0;0;0m▀[38;2;0;0;0;48;2;0;0;0m▀[38;2;0;0;0;48;2;0;0;0m▀[38;2;0;0;0;48;2;0;0;0m▀[38;2;0;0;0;48;2;0;0;0m▀[38;2;0;0;0;48;2;0;0;0m▀[38;2;0;0;0;48;2;0;0;0m▀[38;2;0;0;0;48;2;0;0;0m▀[38;2;0;0;0;48;2;0;0;0m▀[38;2;0;0;0;48;2;0;0;0m▀[38;2;0;0;0;48;2;0;0;0m▀[38;2;0;0;0;48;2;0;0;0m▀[38;2;0;0;0;48;2;0;0;0m▀[38;2;0;0;0;48;2;0;0;0m▀[38;2;0;0;0;48;2;0;0;0m▀[38;2;0;0;0;48;2;0;0;0m▀[38;2;0;0;0;48;2;0;0;0m▀[38;2;0;0;0;48;2;0;0;0m▀[38;2;0;0;0;48;2;0;0;0m▀[38;2;0;0;0;48;2;0;0;0m▀[38;2;0;0;0;48;2;0;0;0m▀[38;2;0;0;0;48;2;0;0;0m▀[38;2;0;0;0;48;2;0;0;0m▀[38;2;0;0;0;48;2;0;0;0m▀[38;2;0;0;0;48;2;0;0;0m▀[38;2;0;0;0;48;2;0;0;0m▀[38;2;0;0;0;48;2;0;0;0m▀[38;2;0;0;0;48;2;0;0;0m▀[38;2;0;0;0;48;2;0;0;0m▀[38;2;0;0;0;48;2;0;0;0m▀[38;2;0;0;0;48;2;0;0;0m▀[38;2;0;0;0;48;2;0;0;0m▀[38;2;0;0;0;48;2;0;0;0m▀[38;2;0;0;0;48;2;0;0;0m▀[38;2;0;0;0;48;2;0;0;0m▀[38;2;0;0;0;48;2;0;0;0m▀[38;2;0;0;0;48;2;0;0;0m▀[38;2;0;0;0;48;2;0;0;0m▀[38;2;0;0;0;48;2;0;0;0m▀[38;2;0;0;0;48;2;0;0;0m▀[38;2;0;0;0;48;2;0;0;0m▀[38;2;0;0;0;48;2;0;0;0m▀[38;2;0;0;0;48;2;0;0;0m▀[38;2;0;0;0;48;2;0;0;0m▀[38;2;0;0;0;48;2;0;0;0m▀[38;2;0;0;0;48;2;0;0;0m▀[38;2;0;0;0;48;2;0;0;0m▀[38;2;0;0;0;48;2;0;0;0m▀[38;2;0;0;0;48;2;0;0;0m▀[38;2;0;0;0;48;2;0;0;0m▀[38;2;0;0;0;48;2;0;0;0m▀[38;2;0;0;0;48;2;0;0;0m▀[38;2;0;0;0;48;2;0;0;0m▀[38;2;0;0;0;48;2;0;0;0m▀[38;2;0;0;0;48;2;0;0;0m▀[38;2;0;0;0;48;2;0;0;0m▀[38;2;0;0;0;48;2;0;0;0m▀[38;2;0;0;0;48;2;0;0;0m▀[38;2;0;0;0;48;2;0;0;0m▀[38;2;0;0;0;48;2;0;0;0m▀[38;2;0;0;0;48;2;0;0;0m▀[38;2;0;0;0;48;2;0;0;0m▀[38;2;0;0;0;48;2;0;0;0m▀[38;2;0;0;0;48;2;0;0;0m▀[38;2;0;0;0;48;2;0;0;0m▀[38;2;0;0;0;48;2;0;0;0m▀[38;2;0;0;0;48;2;0;0;0m▀[38;2;0;0;0;48;2;0;0;0m▀[38;2;0;0;0;48;2;0;0;0m▀[38;2;0;0;0;48;2;0;0;0m▀[38;2;0;0;0;48;2;0;0;0m▀[38;2;0;0;0;48;2;0;0;0m▀[38;2;0;0;0;48;2;0;0;0m▀[38;2;0;0;0;48;2;0;0;0m▀[38;2;0;0;0;48;2;0;0;0m▀[38;2;0;0;0;48;2;0;0;0m▀[38;2;0;0;0;48;2;0;0;0m▀[38;2;0;0;0;48;2;0;0;0m▀[38;2;0;0;0;48;2;0;0;0m▀[38;2;0;0;0;48;2;0;0;0m▀[38;2;0;0;0;48;2;0;0;0m▀[38;2;0;0;0;48;2;0;0;0m▀[38;2;0;0;0;48;2;0;0;0m▀[38;2;0;0;0;48;2;0;0;0m▀[38;2;0;0;0;48;2;0;0;0m▀[38;2;0;0;0;48;2;0;0;0m▀[38;2;0;0;0;48;2;0;0;0m▀[38;2;0;0;0;48;2;0;0;0m▀[38;2;0;0;0;48;2;0;0;0m▀[38;2;0;0;0;48;2;0;0;0m▀[38;2;0;0;0;48;2;0;0;0m▀[38;2;0;0;0;48;2;0;0;0m▀[38;2;0;0;0;48;2;0;0;0m▀[38;2;0;0;0;48;2;0;0;0m▀[38;2;0;0;0;48;2;0;0;0m▀[38;2;0;0;0;48;2;0;0;0m▀[38;2;0;0;0;48;2;0;0;0m▀[38;2;0;0;0;48;2;0;0;0m▀[38;2;0;0;0;48;2;0;0;0m▀[38;2;0;0;0;48;2;0;0;0m▀[38;2;0;0;0;48;2;0;0;0m▀[38;2;0;0;0;48;2;0;0;0m▀[38;2;0;0;0;48;2;0;0;0m▀[38;2;0;0;0;48;2;0;0;0m▀[38;2;0;0;0;48;2;0;0;0m▀[38;2;0;0;0;48;2;0;0;0m▀[38;2;0;0;0;48;2;0;0;0m▀[38;2;0;0;0;48;2;0;0;0m▀[38;2;0;0;0;48;2;0;0;0m▀[38;2;0;0;0;48;2;0;0;0m▀[38;2;0;0;0;48;2;0;0;0m▀[38;2;0;0;0;48;2;0;0;0m▀[38;2;0;0;0;48;2;0;0;0m▀[38;2;0;0;0;48;2;0;0;0m▀[38;2;0;0;0;48;2;0;0;0m▀[38;2;0;0;0;48;2;0;0;0m▀[0m
[38;2;0;0;0;48;2;0;0;0m▀[38;2;0;0;0;48;2;0;0;0m▀[38;2;0;0;0;48;2;0;0;0m▀[38;2;0;0;0;48;2;0;0;0m▀[38;2;0;0;0;48;2;0;0;0m▀[38;2;0;0;0;48;2;0;0;0m▀[38;2;0;0;0;48;2;0;0;0m▀[38;2;0;0;0;48;2;0;0;0m▀[38;2;0;0;0;48;2;0;0;0m▀[38;2;0;0;0;48;2;0;0;0m▀[38;2;0;0;0;48;2;0;0;0m▀[38;2;0;0;0;48;2;0;0;0m▀[38;2;0;0;0;48;2;0;0;0m▀[38;2;0;0;0;48;2;0;0;0m▀[38;2;0;0;0;48;2;0;0;0m▀[38;2;0;0;0;48;2;0;0;0m▀[38;2;0;0;0;48;2;0;0;0m▀[38;2;0;0;0;48;2;0;0;0m▀[38;2;0;0;0;48;2;0;0;0m▀[38;2;0;0;0;48;2;0;0;0m▀[38;2;0;0;0;48;2;0;0;0m▀[38;2;0;0;0;48;2;0;0;0m▀[38;2;0;0;0;48;2;0;0;0m▀[38;2;0;0;0;48;2;0;0;0m▀[38;2;0;0;0;48;2;0;0;0m▀[38;2;0;0;0;48;2;0;0;0m▀[38;2;0;0;0;48;2;0;0;0m▀[38;2;0;0;0;48;2;0;0;0m▀[38;2;0;0;0;48;2;0;0;0m▀[38;2;0;0;0;48;2;0;0;0m▀[38;2;0;0;0;48;2;0;0;0m▀[38;2;0;0;0;48;2;0;0;0m▀[38;2;0;0;0;48;2;0;0;0m▀[38;2;0;0;0;48;2;0;0;0m▀[38;2;0;0;0;48;2;0;0;0m▀[38;2;0;0;0;48;2;0;0;0m▀[38;2;0;0;0;48;2;0;0;0m▀[38;2;0;0;0;48;2;0;0;0m▀[38;2;0;0;0;48;2;0;0;0m▀[38;2;0;0;0;48;2;0;0;0m▀[38;2;0;0;0;48;2;0;0;0m▀[38;2;0;0;0;48;2;0;0;0m▀[38;2;0;0;0;48;2;0;0;0m▀[38;2;0;0;0;48;2;0;0;0m▀[38;2;0;0;0;48;2;0;0;0m▀[38;2;0;0;0;48;2;0;0;0m▀[38;2;0;0;0;48;2;0;0;0m▀[38;2;0;0;0;48;2;0;0;0m▀[38;2;0;0;0;48;2;0;0;0m▀[38;2;0;0;0;48;2;0;0;0m▀[38;2;0;0;0;48;2;0;0;0m▀[38;2;0;0;0;48;2;0;0;0m▀[38;2;0;0;0;48;2;0;0;0m▀[38;2;0;0;0;48;2;0;0;0m▀[38;2;0;0;0;48;2;0;0;0m▀[38;2;0;0;0;48;2;0;0;0m▀[38;2;0;0;0;48;2;0;0;0m▀[38;2;0;0;0;48;2;0;0;0m▀[38;2;0;0;0;48;2;0;0;0m▀[38;2;0;0;0;48;2;0;0;0m▀[38;2;0;0;0;48;2;0;0;0m▀[38;2;0;0;0;48;2;0;0;0m▀[38;2;0;0;0;48;2;0;0;0m▀[38;2;0;0;0;48;2;0;0;0m▀[38;2;0;0;0;48;2;0;0;0m▀[38;2;0;0;0;48;2;0;0;0m▀[38;2;0;0;0;48;2;0;0;0m▀[38;2;0;0;0;48;2;0;0;0m▀[38;2;0;0;0;48;2;0;0;0m▀[38;2;0;0;0;48;2;0;0;0m▀[38;2;0;0;0;48;2;0;0;0m▀[38;2;0;0;0;48;2;0;0;0m▀[38;2;0;0;0;48;2;0;0;0m▀[38;2;0;0;0;48;2;0;0;0m▀[38;2;0;0;0;48;2;0;0;0m▀[38;2;0;0;0;48;2;0;0;0m▀[38;2;0;0;0;48;2;0;0;0m▀[38;2;0;0;0;48;2;0;0;0m▀[38;2;0;0;0;48;2;0;0;0m▀[38;2;0;0;0;48;2;0;0;0m▀[38;2;0;0;0;48;2;0;0;0m▀[38;2;0;0;0;48;2;0;0;0m▀[38;2;0;0;0;48;2;0;0;0m▀[38;2;0;0;0;48;2;0;0;0m▀[38;2;0;0;0;48;2;0;0;0m▀[38;2;0;0;0;48;2;0;0;0m▀[38;2;0;0;0;48;2;0;0;0m▀[38;2;0;0;0;48;2;0;0;0m▀[38;2;0;0;0;48;2;0;0;0m▀[38;2;0;0;0;48;2;0;0;0m▀[38;2;0;0;0;48;2;0;0;0m▀[38;2;0;0;0;48;2;0;0;0m▀[38;2;0;0;0;48;2;0;0;0m▀[38;2;0;0;0;48;2;0;0;0m▀[38;2;0;0;0;48;2;0;0;0m▀[38;2;0;0;0;48;2;0;0;0m▀[38;2;0;0;0;48;2;0;0;0m▀[38;2;0;0;0;48;2;0;0;0m▀[38;2;0;0;0;48;2;0;0;0m▀[38;2;0;0;0;48;2;0;0;0m▀[38;2;0;0;0;48;2;0;0;0m▀[38;2;0;0;0;48;2;0;0;0m▀[38;2;0;0;0;48;2;0;0;0m▀[38;2;0;0;0;48;2;0;0;0m▀[38;2;0;0;0;48;2;0;0;0m▀[38;2;0;0;0;48;2;0;0;0m▀[38;2;0;0;0;48;2;0;0;0m▀[38;2;0;0;0;48;2;0;0;0m▀[38;2;0;0;0;48;2;0;0;0m▀[38;2;0;0;0;48;2;0;0;0m▀[38;2;0;0;0;48;2;0;0;0m▀[38;2;0;0;0;48;2;0;0;0m▀[38;2;0;0;0;48;2;0;0;0m▀[38;2;0;0;0;48;2;0;0;0m▀[38;2;0;0;0;48;2;0;0;0m▀[38;2;0;0;0;48;2;0;0;0m▀[38;2;0;0;0;48;2;0;0;0m▀[38;2;0;0;0;48;2;0;0;0m▀[38;2;0;0;0;48;2;0;0;0m▀[38;2;0;0;0;48;2;0;0;0m▀[0m
